FID	PC0	PC1	PC2	PC3	PC4	PC5	PC6	PC7	PC8	PC9
 HG00096	-0.0114616439255	0.0269505055053	0.0106567528186	0.0191890979520	0.0092722526419	0.0069119177394	0.0002743734143	0.0012982684746	0.0101638473554	-0.0734237954440
 HG00097	-0.0113540674592	0.0274531261935	0.0099875143898	0.0179584827566	0.0083043174153	0.0069481597511	0.0015774385587	-0.0006197136732	0.0097696051222	-0.0452894143076
 HG00099	-0.0115332166106	0.0273907970602	0.0109295390178	0.0174537020732	0.0130602556900	0.0091737679082	-0.0016528146813	0.0052821512035	0.0269730223394	-0.0611085645557
 HG00100	-0.0111745937274	0.0274639914659	0.0102605846623	0.0175214878303	0.0055099636764	0.0051483175521	-0.0011833537207	0.0018984054614	0.0292391790570	-0.0615017651457
 HG00101	-0.0113405641018	0.0269647715778	0.0112782782785	0.0184183543791	0.0105411470118	0.0074733378916	-0.0001510339654	0.0019018294372	0.0209984959550	-0.0535728299188
 HG00102	-0.0117474435725	0.0270135258626	0.0096947772998	0.0174596365021	0.0150566179111	0.0073696433792	-0.0007314881481	0.0032348218171	0.0195796193307	-0.0591875739603
 HG00103	-0.0116685569425	0.0270944576968	0.0106557439912	0.0191691176553	0.0088799491427	0.0068714724390	0.0004478562676	0.0013502094134	0.0228131036337	-0.0396625716457
 HG00105	-0.0113935798166	0.0271920854858	0.0110789615798	0.0175165576984	0.0073193210437	0.0065336057990	-0.0006876255068	0.0027699401006	0.0225796008614	-0.0342637365714
 HG00106	-0.0118539574866	0.0270909411406	0.0095310735788	0.0174616798401	0.0074840659254	0.0090854215913	0.0019369858411	0.0056248891246	0.0262971308987	-0.0452483826461
 HG00107	-0.0118302232871	0.0272149398278	0.0119921696141	0.0186441556945	0.0131044541668	0.0108258045885	-0.0022499816672	0.0002277541852	0.0191204944897	-0.0466112581310
 HG00108	-0.0112398046539	0.0270870604037	0.0110017962592	0.0187175711834	0.0104437152818	0.0117824235381	0.0001292234266	0.0009640507116	0.0167963007364	-0.0415278569799
 HG00109	-0.0113422050886	0.0272135578156	0.0105621373036	0.0198725726491	0.0076596558217	0.0066815355778	-0.0022258443153	0.0039477924431	0.0211100307850	-0.0515138290194
 HG00110	-0.0117355751096	0.0266696886430	0.0101384526442	0.0184811616320	0.0156028776384	0.0094698016117	0.0008711570941	0.0017503689804	0.0233097030676	-0.0546019451911
 HG00111	-0.0116483287978	0.0271392927681	0.0095896818560	0.0158803695435	0.0126536384812	0.0088304982425	-0.0008470142942	0.0020397377423	0.0160702558928	-0.0507619613239
 HG00112	-0.0116502576611	0.0269637574340	0.0095276991160	0.0177892591748	0.0090663923461	0.0086683416768	-0.0003673588772	-0.0005597590257	0.0120919832267	-0.0472305458291
 HG00113	-0.0114352928776	0.0272637983451	0.0103943929863	0.0181448640937	0.0070623807411	0.0064140563122	0.0003865544545	0.0038725259741	0.0185411379582	-0.0533988447512
 HG00114	-0.0113515172961	0.0272621393437	0.0113897305157	0.0192953027488	0.0118855922257	0.0058717674000	-0.0012928000549	0.0022038743508	0.0202135400390	-0.0708011329029
 HG00115	-0.0114911555112	0.0273837162822	0.0095449876881	0.0187469065901	0.0063375284671	0.0073294481983	0.0013667076604	0.0005256951994	0.0111532256963	-0.0354275931254
 HG00116	-0.0117677699037	0.0272179372497	0.0109243406280	0.0188954000248	0.0098803112342	0.0095813765615	0.0011378566309	0.0036158221316	0.0281251839315	-0.0617933719345
 HG00117	-0.0115948845490	0.0273161055650	0.0100621979678	0.0184292136969	0.0108363077234	0.0089296268482	-0.0000284511937	0.0012798387620	0.0140635062720	-0.0529783424405
 HG00118	-0.0115906047214	0.0271828790578	0.0109601565632	0.0166643694987	0.0081016457774	0.0068900000723	-0.0031605070762	0.0016089688355	0.0222934414319	-0.0484523178176
 HG00119	-0.0115928960864	0.0269925693897	0.0109114459906	0.0187364239740	0.0079565277951	0.0080132497163	-0.0004490362832	0.0008476018005	0.0164116529706	-0.0407383735906
 HG00120	-0.0114858059770	0.0275979421523	0.0107711396619	0.0197939180852	0.0142328689412	0.0096709107034	-0.0006654121105	0.0038768233620	0.0352378415646	-0.0748471750372
 HG00121	-0.0116769575358	0.0276383082959	0.0095896646638	0.0183654734193	0.0176383877054	0.0092541955633	-0.0001713954337	0.0022903658964	0.0118268531713	-0.0462772111860
 HG00122	-0.0116446697364	0.0269812233978	0.0117307193102	0.0180110266722	0.0092054768493	0.0078253140992	0.0003538625019	-0.0006895471578	0.0256400944356	-0.0359398871804
 HG00123	-0.0113740736851	0.0272307891597	0.0095868129572	0.0169035087954	0.0106434505523	0.0068000309508	-0.0009048543344	-0.0020412268537	0.0302713772264	-0.0461104263720
 HG00125	-0.0114540886478	0.0268442124282	0.0111748966843	0.0171272029922	0.0156250679823	0.0090713092916	0.0010134498509	0.0013154205226	0.0209708263331	-0.0495011851232
 HG00126	-0.0115364779060	0.0280006732030	0.0109012045299	0.0185633830845	0.0095168711236	0.0009200909785	-0.0001475048484	0.0050758458604	0.0122095387680	-0.0325143182176
 HG00127	-0.0116360592969	0.0275262720855	0.0097103040483	0.0182372533753	0.0041489046852	0.0058216555413	0.0022531181493	0.0032288819487	0.0185170374742	-0.0359230917067
 HG00128	-0.0112920729927	0.0279816512838	0.0093684675380	0.0191552934361	0.0058469670767	0.0078866250510	0.0001403908965	0.0010758004246	0.0166246756114	-0.0337701305836
 HG00129	-0.0115654168515	0.0275272343221	0.0108524033329	0.0174465726973	0.0151614470132	0.0076833809897	0.0000122870240	0.0014660155080	0.0104117815769	-0.0339227746589
 HG00130	-0.0110127341233	0.0275328645696	0.0094225647312	0.0197319488280	0.0037814358572	-0.0006116913891	0.0001495240247	0.0004576768731	-0.0006664373248	-0.0396855041726
 HG00131	-0.0113507657454	0.0273428713403	0.0094633245538	0.0184738085360	0.0086737986138	0.0082217612718	0.0004166908189	0.0001615059336	0.0102450888243	-0.0354641622764
 HG00132	-0.0115544433853	0.0279532826311	0.0094954519589	0.0199224779040	0.0056918747991	0.0001805718010	0.0006085663893	0.0033741705625	0.0193060967292	-0.0346419162925
 HG00133	-0.0113589200079	0.0275485336873	0.0100846432687	0.0186593314578	0.0029371645891	0.0060181234275	0.0016328605373	0.0038754884129	0.0138493511795	-0.0384102135022
 HG00136	-0.0116337107430	0.0270213436106	0.0106185064571	0.0183051879192	0.0097001229070	0.0076208855110	-0.0030689695339	-0.0006394103063	0.0186215993922	-0.0242677244708
 HG00137	-0.0115670869424	0.0274537009979	0.0097412092733	0.0186902996488	0.0064457098885	0.0054568527200	-0.0025416741023	0.0002544225082	0.0217031794289	-0.0502316141839
 HG00138	-0.0113594905322	0.0277874920273	0.0104307131712	0.0185143055112	0.0088966854745	0.0071251493783	-0.0015241167597	0.0028331993322	0.0161839579345	-0.0248607792187
 HG00139	-0.0112362580090	0.0276159143756	0.0102942973072	0.0188453667649	0.0089100426516	0.0024947236641	0.0008019778268	0.0004997197890	0.0102329440966	-0.0235348337051
 HG00140	-0.0116873617817	0.0269731984168	0.0108888328784	0.0181931223263	0.0085576121140	0.0048416938336	-0.0012770786531	0.0029366798756	0.0103933785956	-0.0428766872830
 HG00141	-0.0117136502626	0.0274584403107	0.0102284992335	0.0172635998700	0.0102952702183	0.0094776597871	0.0008649118900	0.0015769981488	0.0177075900458	-0.0264015848387
 HG00142	-0.0114092718730	0.0278176837867	0.0094676911664	0.0191798941844	0.0059740152353	0.0054925275740	-0.0003811686054	0.0009556795043	0.0152794916026	-0.0247276061668
 HG00143	-0.0113064821236	0.0278224698529	0.0102175970381	0.0175076505117	0.0050340350899	0.0055427546980	0.0001982237929	0.0015817346300	0.0095364929027	-0.0295856447057
 HG00145	-0.0114684302449	0.0271847368618	0.0095103003371	0.0180356067798	0.0035835284890	0.0061580981342	0.0007438702061	0.0013267936648	0.0186858187812	-0.0416659867947
 HG00146	-0.0117652678063	0.0276169962396	0.0114376998583	0.0198751072883	0.0035202411427	0.0090337665881	-0.0018007532117	0.0005113520043	0.0168707675703	-0.0404583732694
 HG00148	-0.0115143631463	0.0276207481884	0.0104919677482	0.0184322540414	0.0076570971393	0.0074255579498	-0.0017481991864	0.0024683256957	0.0158727658036	-0.0514477254901
 HG00149	-0.0112830179263	0.0278688762278	0.0116936787608	0.0193092162292	0.0090544043793	0.0074307567396	0.0012291277356	0.0017131372768	0.0201813894520	-0.0309216567880
 HG00150	-0.0116277468989	0.0270782685379	0.0107668369642	0.0181405358005	0.0094178726475	0.0077898082500	-0.0023794697617	0.0027961153482	0.0129467062447	-0.0386890983991
 HG00151	-0.0115947795734	0.0265904976422	0.0105959874819	0.0173099434924	0.0107040165839	0.0091631024886	-0.0007140543668	-0.0016136662504	0.0081182124039	-0.0370420028693
 HG00154	-0.0114076723986	0.0284029856352	0.0104332705835	0.0186027285142	0.0087459037875	0.0033294739317	0.0000378768690	-0.0003750958783	0.0135079783341	-0.0227251711172
 HG00155	-0.0117625604637	0.0271688206286	0.0107803334679	0.0169091161684	0.0080997973721	0.0077307452817	0.0006424586265	0.0058782692433	0.0173424304563	-0.0312912701354
 HG00157	-0.0113696757719	0.0267862424551	0.0114816025134	0.0193282184418	0.0115786847502	0.0075867975173	0.0000095001701	0.0032440680662	0.0129845588117	-0.0373635833122
 HG00158	-0.0115022400095	0.0261166578098	0.0116185709227	0.0156812788657	0.0085159893279	0.0061261204957	0.0010310351420	0.0010726931685	0.0145923726248	-0.0304755262154
 HG00159	-0.0113562793141	0.0274988001029	0.0107581997424	0.0187215272821	0.0069315463932	0.0052868673990	-0.0005313636628	0.0031496446072	0.0212712843087	-0.0376233746618
 HG00160	-0.0115918413383	0.0276740606578	0.0112413301182	0.0185758408993	0.0101962405594	0.0078706838757	0.0002638455568	0.0020279534852	0.0188225157738	-0.0281084898328
 HG00171	-0.0126023223899	0.0224770095683	0.0129995022178	0.0159847057596	0.0792398609112	0.0440862132730	-0.0000499298053	-0.0119078381462	-0.0147296815108	0.0442755640901
 HG00173	-0.0122787837182	0.0229398615663	0.0121203119335	0.0153564072559	0.0709270632825	0.0425034102090	-0.0029258682016	-0.0117177137464	-0.0183118777078	0.0416876266933
 HG00174	-0.0121025083204	0.0244120287618	0.0125160682316	0.0171372670437	0.0555671428599	0.0317758142572	-0.0021737888917	-0.0074509423517	-0.0144810835473	0.0236319253325
 HG00176	-0.0122761069937	0.0227356527825	0.0122084395237	0.0165281364975	0.0696852548216	0.0401606897011	-0.0019445065943	-0.0145629251373	-0.0215946737320	0.0279550584059
 HG00177	-0.0122635156860	0.0217135752873	0.0123876355198	0.0155010728749	0.0745548457677	0.0395490470634	-0.0021589427926	-0.0127231312010	-0.0166515496927	0.0411607821230
 HG00178	-0.0121504277136	0.0235651884997	0.0114676785070	0.0174725940863	0.0666871476120	0.0351267108197	-0.0011817897634	-0.0076539388027	-0.0163798494286	0.0220313005443
 HG00179	-0.0120807818226	0.0226391342899	0.0112934559403	0.0160403417792	0.0693801488106	0.0408803775252	-0.0000114049964	-0.0133230539341	-0.0193315381657	0.0203338673239
 HG00180	-0.0120883431781	0.0230534426708	0.0113818070761	0.0164150178583	0.0643886678809	0.0399970706896	-0.0013860176313	-0.0109522894478	-0.0108639256181	0.0337509676391
 HG00181	-0.0112158478738	0.0235791473056	0.0095903080372	0.0168282351712	0.0444243666044	0.0232220770788	0.0004962206577	-0.0069959506250	-0.0131275343526	0.0311254922765
 HG00182	-0.0119568965047	0.0226270596008	0.0125687314834	0.0143352435014	0.0724613056859	0.0420911733697	-0.0024300478273	-0.0115877088902	-0.0176271410787	0.0282372272015
 HG00183	-0.0122054611029	0.0229903176420	0.0105712759119	0.0157221129867	0.0718310615677	0.0412382702772	-0.0019389176991	-0.0094895818025	-0.0163814110988	0.0342376961977
 HG00185	-0.0122406160773	0.0221035763070	0.0109905861524	0.0167709173490	0.0764680263866	0.0449240991788	0.0001153258587	-0.0114957455000	-0.0222254780734	0.0392726321443
 HG00186	-0.0122372967618	0.0230313702241	0.0119120457223	0.0160566880472	0.0728322575903	0.0437104704510	-0.0023311446425	-0.0134191580772	-0.0267375576940	0.0468786168693
 HG00187	-0.0117560459210	0.0224531927836	0.0127905677637	0.0160618733774	0.0772476739152	0.0438537047877	-0.0022172941722	-0.0133488267445	-0.0294516055822	0.0448249842937
 HG00188	-0.0120660997224	0.0237988553182	0.0110599993787	0.0159837537390	0.0670073663482	0.0346013213170	-0.0014690359184	-0.0073108850010	-0.0172542468350	0.0340645245005
 HG00189	-0.0121735560709	0.0226465568424	0.0118757789716	0.0169569742185	0.0627291601520	0.0373463978015	-0.0010912731653	-0.0061001903651	-0.0112537834672	0.0241281143681
 HG00190	-0.0118100568537	0.0240783389892	0.0104983368142	0.0169184723528	0.0535417297412	0.0344609417490	-0.0015692200447	-0.0069805796688	-0.0075476735749	0.0164359474025
 HG00231	-0.0116157001761	0.0270362798863	0.0102319579493	0.0172622482870	0.0034805560440	0.0023558846023	-0.0008488177272	0.0036378803299	0.0169810805789	-0.0405584360358
 HG00232	-0.0114554362281	0.0281310419564	0.0098304545303	0.0168398106283	0.0075764578943	0.0039466435723	-0.0007731649800	0.0030111206436	0.0254578835094	-0.0413569546672
 HG00233	-0.0112000561968	0.0277997160359	0.0105386010570	0.0193499726379	0.0027035054987	0.0054987655575	-0.0029846950973	0.0019515307393	0.0122882152981	-0.0305326515457
 HG00234	-0.0115647456409	0.0275865996553	0.0099052146936	0.0187560569312	0.0052630800750	0.0050974898981	-0.0009031363128	0.0020303499355	0.0189694307168	-0.0347052584259
 HG00235	-0.0114910229692	0.0272670788274	0.0108044269303	0.0189847015796	0.0071984788020	0.0073921395349	-0.0018131719222	0.0027891536002	0.0173278003177	-0.0371347014561
 HG00236	-0.0109970157339	0.0277286688979	0.0108229913312	0.0198791938808	0.0060960440270	0.0024171843702	-0.0026451158947	-0.0004682580125	0.0180950184507	-0.0407321670198
 HG00237	-0.0113557849261	0.0270831963166	0.0097295718120	0.0189209867495	0.0069730006964	0.0076912210204	-0.0016864975404	0.0027081575786	0.0105641324741	-0.0354549205236
 HG00238	-0.0115348836695	0.0269242900113	0.0099425320776	0.0178984242870	0.0032684259925	0.0052412482536	-0.0004965428954	0.0035933516447	0.0171494925167	-0.0483781896340
 HG00239	-0.0112704394434	0.0279802374717	0.0098439493454	0.0189951304197	0.0098417707337	0.0074708782252	-0.0026153897977	0.0035668141043	0.0145838831420	-0.0283621321958
 HG00240	-0.0116051437990	0.0274689739096	0.0100977300366	0.0177929382025	0.0056993988457	0.0088543770354	-0.0012857833570	0.0030003168444	0.0218370045306	-0.0496017497846
 HG00242	-0.0114171488064	0.0270462977869	0.0116735990926	0.0174025923460	0.0064551977060	0.0049137276704	-0.0014039068484	0.0017639789823	0.0126297691097	-0.0313932943149
 HG00243	-0.0114852099430	0.0274394921172	0.0098093359966	0.0171429543235	0.0061105744828	0.0037666175144	0.0008226329706	0.0030817970844	0.0160148923063	-0.0270482996726
 HG00244	-0.0113470283223	0.0275146172206	0.0105842225468	0.0173993555951	0.0007375357249	0.0069801750243	0.0002366268168	0.0024810182579	0.0129442497097	-0.0296066680509
 HG00245	-0.0111327647202	0.0271015544358	0.0101337115574	0.0190877605752	0.0069612631269	0.0063068506534	0.0005404467328	0.0010846290533	0.0093737005212	-0.0318179051014
 HG00246	-0.0113547023493	0.0269706854024	0.0107080832628	0.0177165908368	0.0051225132780	0.0056463036634	-0.0002440813815	0.0041170157802	0.0054750591799	-0.0269798705612
 HG00250	-0.0116373406346	0.0270783428531	0.0100049146884	0.0174958467690	0.0067580352414	0.0066324790443	-0.0012518588897	0.0003164649761	0.0141164390955	-0.0417810630412
 HG00251	-0.0114645134480	0.0271831887961	0.0103155486272	0.0174933237427	0.0023387390588	0.0024522185350	-0.0019044689405	0.0029884570670	0.0228449917186	-0.0505725731687
 HG00252	-0.0115245921552	0.0273296165908	0.0109285593521	0.0194200569947	0.0064104372723	0.0059469320165	-0.0002431628636	0.0020367530180	0.0152140862361	-0.0302577003623
 HG00253	-0.0114271287677	0.0278796464918	0.0108286179070	0.0188267891550	0.0075657547193	0.0024179269722	0.0010597809982	0.0043750411134	0.0214827731713	-0.0424714082420
 HG00254	-0.0110297160209	0.0273455926444	0.0107469730107	0.0182729702769	0.0021577378625	0.0063724114981	0.0008230440846	0.0017179807311	0.0129862029181	-0.0352958420922
 HG00255	-0.0114124076355	0.0273272566856	0.0106565982000	0.0186671813998	0.0049617311719	0.0085933249747	0.0000738163550	0.0031292688607	0.0175560989938	-0.0392750467612
 HG00256	-0.0116715429706	0.0276323488835	0.0098337962686	0.0189933263270	0.0088766064085	0.0049007096947	0.0023706259771	0.0013055687794	0.0115575284707	-0.0350046070571
 HG00257	-0.0113137416153	0.0274098187060	0.0104390628694	0.0175434287675	0.0098331630793	0.0047929313475	0.0012211882722	0.0016113436427	0.0144038077601	-0.0359361860287
 HG00258	-0.0114906846667	0.0272651820394	0.0116127924207	0.0192593128333	0.0060855099295	0.0075055362210	-0.0003823415392	0.0021701428190	0.0165749804573	-0.0236857538120
 HG00259	-0.0114196364241	0.0275319108495	0.0103679826605	0.0190000749969	0.0043527612830	0.0038400340985	-0.0020612945966	0.0026155900715	0.0197005773795	-0.0386084246780
 HG00260	-0.0115512916561	0.0277105468655	0.0116120100975	0.0182951130164	0.0097243362606	0.0105473548575	-0.0008361033785	-0.0012078094585	0.0126030459081	-0.0182815401983
 HG00261	-0.0113362141704	0.0273963049659	0.0105189267213	0.0196728732872	0.0025323869080	0.0037285826828	-0.0026134479174	0.0008185620484	0.0150663796353	-0.0428053201744
 HG00262	-0.0117555933807	0.0275138786854	0.0098060231848	0.0175861770763	0.0073572073315	0.0106899515496	-0.0027533124934	0.0034137417512	0.0195796958383	-0.0354294500457
 HG00263	-0.0116391462757	0.0278273627648	0.0098201511982	0.0186088941534	0.0031034211757	0.0044954577539	-0.0009328108240	0.0034773605152	0.0043788747052	-0.0446819980608
 HG00264	-0.0113656735709	0.0274036485374	0.0117384375766	0.0169554252087	0.0069414001595	0.0082043437700	0.0013317505731	0.0021190931689	0.0083492026319	-0.0403208307199
 HG00265	-0.0116865557947	0.0283415239298	0.0109968117612	0.0190089260903	0.0081349790289	0.0082909303100	-0.0003167485202	0.0023523498799	0.0340999195161	-0.0582497389684
 HG00266	-0.0118313047304	0.0229902047784	0.0112644835976	0.0168965350562	0.0687879864556	0.0424253615799	-0.0019561997378	-0.0144195888453	-0.0220165696108	0.0339062895415
 HG00267	-0.0122673712009	0.0227674634700	0.0102327512854	0.0171173236282	0.0756618478299	0.0430242051614	0.0001505377114	-0.0125607537931	-0.0211372569496	0.0304240428131
 HG00268	-0.0118566923578	0.0239692484042	0.0112291580113	0.0176388326308	0.0598338392270	0.0389080901522	-0.0015203319182	-0.0078812204851	-0.0037909775444	0.0177550329074
 HG00269	-0.0120078407012	0.0232123225963	0.0108493701829	0.0153005815168	0.0794756685961	0.0489564774304	-0.0029870772612	-0.0131141585491	-0.0205224870666	0.0477645143151
 HG00271	-0.0121554195749	0.0218648508011	0.0107012143483	0.0166986026292	0.0844907574008	0.0496180361316	-0.0030021734661	-0.0135079205930	-0.0290618082100	0.0537767034973
 HG00272	-0.0119746135005	0.0219837621752	0.0099586748400	0.0155789334084	0.0785189916287	0.0501871928441	-0.0012506449173	-0.0104667843086	-0.0238289326056	0.0319731560271
 HG00273	-0.0121608028490	0.0236212185759	0.0112494906053	0.0177662673721	0.0622893491890	0.0349290368619	-0.0002471678068	-0.0070364146058	-0.0067167127442	0.0162427645157
 HG00274	-0.0122655473938	0.0243707669805	0.0123026859620	0.0173497381156	0.0666187788848	0.0395926974304	-0.0017651575256	-0.0080018889487	-0.0121580861398	0.0291126894372
 HG00275	-0.0119233089635	0.0244080698047	0.0109907734344	0.0186621644672	0.0581554291440	0.0361484132183	-0.0025213865285	-0.0050326299534	-0.0204897948023	0.0202347464333
 HG00276	-0.0119156925347	0.0232217882312	0.0120829212453	0.0151347745146	0.0729984704967	0.0412433811972	-0.0023833765089	-0.0133274858564	-0.0254392107101	0.0355021351461
 HG00277	-0.0121250675984	0.0247528811726	0.0102573775342	0.0164480096516	0.0503248081235	0.0297940336731	0.0004819697783	-0.0043118930717	-0.0004457221602	-0.0006990923207
 HG00278	-0.0119860388006	0.0232745483660	0.0110879272037	0.0151971960722	0.0750863405086	0.0461761619723	-0.0050691937722	-0.0113061184307	-0.0210288109226	0.0416438721834
 HG00280	-0.0120683110999	0.0233292246242	0.0116809367620	0.0164469653844	0.0703979371748	0.0418185146704	-0.0016259608249	-0.0100924431954	-0.0175246490842	0.0311859868291
 HG00281	-0.0125004310467	0.0230200984565	0.0122062768734	0.0152257116095	0.0672579344061	0.0417566431503	-0.0015401508339	-0.0087289342841	-0.0149800965227	0.0365887836350
 HG00282	-0.0120491878838	0.0229244430298	0.0109399082238	0.0172796971472	0.0740429614520	0.0416300878327	-0.0032398683229	-0.0110952068196	-0.0172777883959	0.0249130841564
 HG00284	-0.0123121046088	0.0236090442779	0.0113079046743	0.0166565039375	0.0682889559554	0.0410060747073	-0.0014744980381	-0.0101348272330	-0.0080318464533	0.0274493884071
 HG00285	-0.0122052508940	0.0222298795163	0.0111611822259	0.0165439059745	0.0777527783293	0.0475389567998	-0.0001173144742	-0.0134557399593	-0.0210882303074	0.0367454091945
 HG00288	-0.0121803558759	0.0232830656033	0.0098719372887	0.0150203346469	0.0817855493616	0.0462792945659	-0.0022098786148	-0.0157820736572	-0.0158886595176	0.0472603428323
 HG00290	-0.0124002691571	0.0223635798035	0.0102594963184	0.0149451761821	0.0815225954406	0.0484671646218	-0.0021231473983	-0.0150944360096	-0.0203427939370	0.0465096422736
 HG00304	-0.0118942872400	0.0236123624103	0.0111684178821	0.0162081813865	0.0800013991333	0.0493917660424	-0.0026695097353	-0.0127551042546	-0.0221032277993	0.0507702347979
 HG00306	-0.0120651954676	0.0242430544459	0.0101796948021	0.0163725030870	0.0600003725898	0.0336868030004	-0.0024960342944	-0.0062858395360	0.0025835196618	0.0030205656875
 HG00308	-0.0121010890306	0.0228289975912	0.0114491342287	0.0162860942046	0.0672595924233	0.0442315463108	-0.0032091088641	-0.0075624852950	-0.0220361231826	0.0405431182031
 HG00309	-0.0120258162439	0.0228084055844	0.0125351399430	0.0164995903323	0.0714590040309	0.0406820120191	-0.0025510758593	-0.0097565418462	-0.0080860416076	0.0252264058759
 HG00310	-0.0120666176853	0.0246355774409	0.0115878612684	0.0175975934366	0.0625641084931	0.0351714659058	-0.0014597484936	-0.0059251561940	-0.0072457752602	0.0096432577876
 HG00311	-0.0121650395836	0.0247748156969	0.0122197169700	0.0174580374439	0.0495849963206	0.0335778086392	-0.0005862772754	-0.0076625086387	-0.0064014178439	0.0115719781277
 HG00313	-0.0120998788201	0.0227538829372	0.0121288953734	0.0169957296847	0.0738940954460	0.0421810524188	-0.0001218226243	-0.0119880751412	-0.0248010309672	0.0425564149446
 HG00315	-0.0120627705377	0.0232224961700	0.0119357544997	0.0151727760626	0.0654028074272	0.0405744589760	-0.0011078374859	-0.0117048368834	-0.0223427818369	0.0360058259954
 HG00318	-0.0121158782985	0.0242525325842	0.0114294603336	0.0168954016240	0.0678219235058	0.0380643004525	-0.0017168229317	-0.0105177890599	-0.0111746400512	0.0201280933050
 HG00319	-0.0120121183396	0.0227242133152	0.0111649679389	0.0164405083228	0.0712696910508	0.0432078353818	-0.0050428729929	-0.0119567128484	-0.0192234820879	0.0324588786663
 HG00320	-0.0120796378548	0.0234314355091	0.0116996188766	0.0163379928204	0.0597282172412	0.0386526771558	-0.0031298241159	-0.0110630980484	-0.0114585293572	0.0192138563441
 HG00321	-0.0122989679940	0.0226754266156	0.0116493056561	0.0156606888021	0.0670915213030	0.0429789408605	-0.0032995672599	-0.0116224360279	-0.0234449487637	0.0279606146045
 HG00323	-0.0119673696244	0.0229866201971	0.0112585927259	0.0171335021360	0.0791251076652	0.0489425218576	-0.0016312067835	-0.0135675266480	-0.0249395469744	0.0428236839291
 HG00324	-0.0120235199718	0.0228915701760	0.0124210404315	0.0159454182125	0.0832726643362	0.0488691824739	0.0000059553411	-0.0119871246096	-0.0198964900430	0.0528416466955
 HG00325	-0.0126670599693	0.0218609571395	0.0121755500474	0.0162085243190	0.0832327968201	0.0509170258784	-0.0010907866727	-0.0110695830771	-0.0158766650090	0.0462254660205
 HG00326	-0.0121957420313	0.0232547672548	0.0127297067881	0.0167847542615	0.0723897750816	0.0406786810950	-0.0032166928244	-0.0121725065249	-0.0021071434844	0.0371740232891
 HG00327	-0.0122110353989	0.0230056733470	0.0111274931029	0.0162213082240	0.0698721989509	0.0411597718953	0.0008237652568	-0.0144324355678	-0.0205307392620	0.0339137314622
 HG00328	-0.0121453734629	0.0238828494111	0.0124663630058	0.0158811863913	0.0661508272884	0.0417049600688	-0.0021141843953	-0.0099191565766	-0.0219408676542	0.0237868296783
 HG00329	-0.0120409000352	0.0243394580358	0.0108528353375	0.0165006773152	0.0597154088360	0.0344863956495	-0.0012389639798	-0.0069375049907	-0.0218681139999	0.0286472444228
 HG00330	-0.0119566912972	0.0232432009024	0.0116598723756	0.0167219230010	0.0636221114906	0.0379591304989	-0.0027893127246	-0.0113467662518	-0.0098734408155	0.0157822974938
 HG00331	-0.0120763478012	0.0238741877337	0.0122802658081	0.0157878438307	0.0622647068938	0.0356036100297	-0.0008300548528	-0.0100933259715	-0.0164649606950	0.0207166115820
 HG00332	-0.0119935956869	0.0230513470159	0.0106934576129	0.0156279563152	0.0595467143623	0.0375509399086	-0.0036081678158	-0.0053354615700	-0.0167877496165	0.0122437998401
 HG00334	-0.0119854807891	0.0244443306518	0.0127724838978	0.0170634883577	0.0603090907483	0.0386235446963	-0.0019061535593	-0.0089552137361	-0.0117165868262	0.0271733820055
 HG00335	-0.0122204450513	0.0237018250791	0.0121426826402	0.0176920096886	0.0671972425387	0.0409792461022	-0.0021688334556	-0.0112256491012	-0.0125366964578	0.0279217417167
 HG00336	-0.0121306498831	0.0228269976717	0.0111852615142	0.0161757425265	0.0710806912466	0.0376164344398	-0.0027030109340	-0.0109139425864	-0.0195261114918	0.0369967056572
 HG00337	-0.0120087081294	0.0248697051848	0.0126293161378	0.0177665206003	0.0559095019194	0.0330320709650	-0.0011459657540	-0.0098467856925	-0.0050792754646	0.0104935267272
 HG00338	-0.0117739205572	0.0239976375496	0.0113434821803	0.0176478408843	0.0712174984787	0.0449289825918	-0.0012746863257	-0.0098079769473	-0.0177586903317	0.0239640076029
 HG00339	-0.0122562621088	0.0227708945725	0.0105956675170	0.0164568588332	0.0645401765985	0.0387717331363	-0.0005673905703	-0.0081519659710	-0.0018860298040	0.0202008818211
 HG00341	-0.0113357922136	0.0236549937749	0.0090177780773	0.0150780300243	0.0426835969642	0.0257499111305	-0.0016682973083	-0.0077427254305	-0.0050162066653	0.0112332403358
 HG00342	-0.0124096720306	0.0224999013425	0.0117599684912	0.0174218573325	0.0765888725432	0.0465148845941	-0.0033454994987	-0.0120693379828	-0.0220199135778	0.0384489245788
 HG00343	-0.0119436253549	0.0234129368870	0.0122142353587	0.0168566591163	0.0741310644822	0.0446187438759	-0.0026403713496	-0.0131539436240	-0.0203807552718	0.0326852756512
 HG00344	-0.0120122359212	0.0249171593388	0.0103788666560	0.0179996923057	0.0405665715049	0.0255379944171	-0.0028976990979	-0.0033099242705	0.0059595886738	-0.0057380639664
 HG00345	-0.0120213426447	0.0235266349873	0.0117508800981	0.0175769182968	0.0702106106250	0.0413327242079	0.0002412810729	-0.0093909634216	-0.0097833337842	0.0262401914417
 HG00346	-0.0120446261445	0.0239690848183	0.0127810746671	0.0156873973564	0.0607109901809	0.0378889582856	-0.0026155305539	-0.0097392483430	-0.0147352520043	0.0237816730978
 HG00349	-0.0120820877888	0.0228643501549	0.0104072797585	0.0172356774430	0.0729751976708	0.0435765674068	-0.0022865238001	-0.0078227461436	-0.0100859702188	0.0311694337027
 HG00350	-0.0116097811501	0.0251688976148	0.0118373999648	0.0181824958066	0.0443048751221	0.0287978754994	-0.0018624446443	-0.0073531811441	0.0039419157874	0.0017248837116
 HG00351	-0.0118960988537	0.0235850204482	0.0122495447244	0.0171694001417	0.0726705015183	0.0425402869841	-0.0032904207467	-0.0095583150307	-0.0174730676670	0.0416761285933
 HG00353	-0.0123999237359	0.0234324902198	0.0116440965965	0.0175847560830	0.0671639700939	0.0443801867798	-0.0024781721149	-0.0127110508356	-0.0184364432093	0.0256628606601
 HG00355	-0.0121610991982	0.0244978728898	0.0117027880012	0.0166894650737	0.0605317036408	0.0331506060048	-0.0022997986460	-0.0055608293896	-0.0050526375109	0.0299279567161
 HG00356	-0.0119549517896	0.0237743297029	0.0118900323046	0.0166403587536	0.0684399637880	0.0391445396546	-0.0022060090178	-0.0117188815677	-0.0075395835396	0.0183857552558
 HG00357	-0.0122683621270	0.0238823301139	0.0114817594655	0.0168002853065	0.0662122468398	0.0393576145043	-0.0019757272311	-0.0112936380342	-0.0164997827492	0.0324127257837
 HG00358	-0.0119616685261	0.0225713406106	0.0131545040129	0.0160202265975	0.0875296583890	0.0549549726269	0.0003253702473	-0.0162322587439	-0.0251980591840	0.0558523850670
 HG00360	-0.0119100945372	0.0242011806604	0.0103665573464	0.0173480409615	0.0638487634203	0.0386599678454	0.0000061677475	-0.0071258325653	-0.0143665659757	0.0195667266819
 HG00361	-0.0124013425439	0.0221373899156	0.0106759517868	0.0153738796253	0.0834298669006	0.0481223825954	-0.0019158339186	-0.0110847221456	-0.0302095787669	0.0384618751811
 HG00362	-0.0119770145299	0.0232347887495	0.0110475227229	0.0163031743435	0.0662323080301	0.0411733846732	-0.0016844434607	-0.0094135645906	-0.0109819938351	0.0090741273749
 HG00364	-0.0120946122569	0.0232696229494	0.0124679594610	0.0170976651677	0.0685455368471	0.0426390048122	-0.0001733484285	-0.0085651125658	-0.0175127429608	0.0291366089458
 HG00365	-0.0120065414638	0.0229603981842	0.0116601437212	0.0159806817823	0.0801964754346	0.0468527537120	-0.0027062699149	-0.0158964862385	-0.0240232884207	0.0445245546433
 HG00366	-0.0119895028070	0.0227296423276	0.0107243144773	0.0142066236199	0.0659728733392	0.0409524005531	-0.0013301685141	-0.0116260906103	-0.0204329299633	0.0351983077492
 HG00367	-0.0124129456901	0.0224340310022	0.0123621462833	0.0164075190946	0.0609397103216	0.0362019683814	-0.0016137522945	-0.0096600659718	-0.0142327816703	0.0249634175967
 HG00368	-0.0122323002203	0.0223402119802	0.0115617223501	0.0156604497998	0.0884454848079	0.0531237419180	-0.0018823064301	-0.0166344047527	-0.0217146313961	0.0621450044721
 HG00369	-0.0123874456389	0.0231132219059	0.0111870219887	0.0155201669972	0.0747704891546	0.0492081460983	-0.0005923842460	-0.0134491934044	-0.0221714019730	0.0409588975745
 HG00371	-0.0120545054451	0.0229092110627	0.0100285205060	0.0162687785921	0.0653694587756	0.0398124691689	-0.0019081829753	-0.0084272957572	-0.0163725530921	0.0316901395736
 HG00372	-0.0125706459194	0.0236988577339	0.0110720439171	0.0167270619351	0.0683441141758	0.0379011665156	-0.0030948366667	-0.0077293129091	-0.0187950346761	0.0191199867293
 HG00373	-0.0124180309242	0.0220033095817	0.0117347193475	0.0145982190214	0.0763905439144	0.0471759649873	-0.0004058977019	-0.0112917232028	-0.0149499736042	0.0393682583486
 HG00375	-0.0121030004306	0.0233991304088	0.0118189395435	0.0164813504028	0.0742373761028	0.0445439180271	-0.0013024691414	-0.0163536663964	-0.0194700864897	0.0469889443911
 HG00376	-0.0120934724053	0.0247358996455	0.0114248737903	0.0168237120937	0.0626524192555	0.0342053101712	-0.0023829212451	-0.0101234139409	-0.0117183624492	0.0160552451818
 HG00378	-0.0122432694568	0.0230985791456	0.0117505113535	0.0173936150111	0.0719266333427	0.0443340849633	-0.0017158027642	-0.0107582895575	-0.0130208054420	0.0314637237121
 HG00379	-0.0122326566654	0.0234883761221	0.0106422827043	0.0148532338768	0.0665798737075	0.0429587805198	-0.0018545844985	-0.0136498842925	-0.0153782305954	0.0210455748373
 HG00380	-0.0116495229176	0.0253642090106	0.0109982876917	0.0180489019733	0.0492011891884	0.0311946685498	-0.0022201154069	-0.0060038735724	0.0109733888332	-0.0026246129855
 HG00381	-0.0124686924187	0.0241873412784	0.0111584418217	0.0176180644343	0.0679306739611	0.0432983974527	-0.0005861918784	-0.0096770835551	-0.0243077224057	0.0331203814473
 HG00382	-0.0119232867873	0.0226808131206	0.0114702563731	0.0160950643150	0.0785892863330	0.0459752276736	-0.0008674036474	-0.0077676729753	-0.0159719047107	0.0454892455105
 HG00383	-0.0120849211086	0.0230406843223	0.0119959776047	0.0179873433764	0.0818888017107	0.0493684469647	-0.0018829388034	-0.0134728307458	-0.0255531973691	0.0467392861554
 HG00384	-0.0123948965899	0.0238276127387	0.0117322356154	0.0170586451548	0.0677356233577	0.0437451223470	-0.0023865935541	-0.0124350236943	-0.0183301025563	0.0290976115590
 HG00403	-0.0149675411487	-0.0338638986419	0.0055951598131	0.0143721178846	0.0030188117378	0.0006376054675	0.0011230289580	-0.0016758476147	-0.0023990747124	-0.0015079924991
 HG00404	-0.0156204586401	-0.0340901310162	0.0060701741791	0.0142939830987	0.0016304183896	-0.0015477035368	0.0006164542096	0.0025466808108	0.0050196354257	0.0001132707958
 HG00406	-0.0152969166010	-0.0345914146836	0.0039431178536	0.0161150043051	-0.0036371190964	0.0005959710993	0.0009910920397	0.0012130922647	0.0070845389231	-0.0050490051959
 HG00407	-0.0154073505061	-0.0339147989849	0.0038610841505	0.0158892720278	-0.0027789874065	0.0018468422216	-0.0002243320118	0.0026194213999	0.0065662090662	0.0000229127010
 HG00409	-0.0157248819971	-0.0341336908414	0.0072603215543	0.0152945487122	-0.0005878058949	-0.0019997121335	0.0005753706126	-0.0001754563415	0.0030150028128	-0.0028088528232
 HG00410	-0.0153202979854	-0.0334078742031	0.0048715522392	0.0150557414042	0.0005240325133	-0.0016257284999	0.0013289672937	0.0003110928607	0.0026872780782	0.0050303580050
 HG00419	-0.0153823826475	-0.0340755749081	0.0053304943870	0.0145294887441	-0.0038473467138	0.0011695082159	0.0003074410373	-0.0020070218313	0.0111028174545	-0.0004262830395
 HG00421	-0.0154635335616	-0.0343443985168	0.0044759562241	0.0154382314904	0.0015699806360	-0.0014621801672	-0.0011951270602	-0.0011962430627	0.0067525965770	0.0068882780459
 HG00422	-0.0155911051941	-0.0341153593658	0.0054760996008	0.0160409718441	-0.0026324066590	0.0011448963501	0.0000339360305	0.0001300922313	0.0026355142121	-0.0016414305907
 HG00428	-0.0156739720969	-0.0337216889277	0.0055149574474	0.0149759393069	-0.0023014030613	-0.0010892535288	0.0014276414365	-0.0003923064808	0.0087883351041	-0.0018917586637
 HG00436	-0.0153481623984	-0.0343895806842	0.0067173198372	0.0149324355225	-0.0032969824359	0.0010839697542	-0.0003498457950	0.0004875601641	0.0022697242239	-0.0015361422135
 HG00437	-0.0155291785713	-0.0342186345465	0.0055507730109	0.0158789416303	0.0007315113385	-0.0008343246731	-0.0012497168634	-0.0020580542443	0.0013669200382	-0.0074095446743
 HG00442	-0.0155276051745	-0.0347330280843	0.0054879343913	0.0162381794271	-0.0020141000976	0.0023088533801	0.0000601259082	-0.0001806457415	0.0019393510464	-0.0069622484894
 HG00443	-0.0153751092750	-0.0337081438793	0.0049432121357	0.0149511655901	-0.0013223505154	0.0015119059095	-0.0014356157233	-0.0004751605439	0.0026139533234	-0.0006015019676
 HG00445	-0.0153478666624	-0.0336536136569	0.0048809589521	0.0157753749573	0.0006686394340	-0.0006723414176	0.0011538623689	0.0006193815562	0.0006003793976	-0.0042684452895
 HG00446	-0.0155975780377	-0.0340779418631	0.0051903484153	0.0148034234624	0.0014075395874	-0.0017582734370	0.0005416862787	-0.0010286708240	0.0105592919321	0.0007841034352
 HG00448	-0.0152267956068	-0.0338357574156	0.0056152071905	0.0138757785741	-0.0045056321817	0.0035420822765	0.0001396179514	0.0008549158683	0.0019379332948	0.0022086376415
 HG00449	-0.0152705438743	-0.0340960790096	0.0057685083545	0.0163072450167	0.0012908022377	-0.0007219484677	0.0001100752730	-0.0003513721969	0.0056828102334	-0.0017972687743
 HG00451	-0.0154427669028	-0.0342994264629	0.0059244622144	0.0154173049561	-0.0008245173476	-0.0018832881564	-0.0009808980719	0.0020303368226	0.0087120900783	0.0005399712754
 HG00452	-0.0151995368967	-0.0341028897415	0.0060688315662	0.0156063811264	-0.0021877112117	-0.0003942910987	0.0022673489953	-0.0018806097477	0.0048156358175	0.0039782190452
 HG00457	-0.0154177206825	-0.0342388924698	0.0050770451452	0.0160338577024	-0.0041649186532	0.0038620582240	-0.0012257534596	-0.0004093859849	0.0103775798894	-0.0022767282097
 HG00458	-0.0155070705852	-0.0338669145979	0.0061313794906	0.0152499699809	-0.0003314709204	-0.0023908683948	-0.0008131084230	-0.0013950955359	0.0072361906129	-0.0108365791203
 HG00463	-0.0155375346233	-0.0342980083658	0.0060427538463	0.0159524063905	0.0004915346888	0.0032092776193	0.0014138649094	0.0017412898037	0.0010541872563	-0.0058609397697
 HG00464	-0.0155284423779	-0.0340409550374	0.0055231375343	0.0148161260002	0.0002626542315	-0.0014646714878	-0.0003074042689	-0.0001237370681	0.0026518902108	-0.0042072666898
 HG00472	-0.0154617014943	-0.0341225511430	0.0058406282618	0.0162592315088	-0.0013113843749	-0.0016614772523	-0.0013251250894	0.0001494874833	0.0024146524449	0.0007658608284
 HG00473	-0.0153555229314	-0.0343462456215	0.0054747874452	0.0158142052055	-0.0022635783072	0.0010397855675	-0.0003745945286	0.0006885541245	0.0031335677819	-0.0024661438312
 HG00475	-0.0154190892976	-0.0337407996119	0.0056325242693	0.0153603087434	-0.0010419665830	-0.0050902017389	-0.0010132764075	0.0006322588395	0.0060620132180	-0.0007910448692
 HG00476	-0.0156456258122	-0.0341766475099	0.0044825496159	0.0142469043441	-0.0005326688144	0.0005488786173	-0.0005356710012	0.0008292399666	0.0066276506292	-0.0018951855772
 HG00478	-0.0153948204398	-0.0346950097062	0.0060960221805	0.0153896003226	-0.0018211100827	0.0011591359116	-0.0011556030500	-0.0008890898821	0.0079367337693	-0.0044242089427
 HG00479	-0.0157665674153	-0.0335529426581	0.0044282739841	0.0147853160430	-0.0010932959125	0.0015128773096	0.0012694605119	0.0020056036657	0.0008535731515	-0.0013117107231
 HG00500	-0.0155369423057	-0.0338235227645	0.0061768379532	0.0161642829472	0.0036799715998	-0.0026268208302	-0.0003737659345	0.0005210860062	0.0104943045898	-0.0058265583616
 HG00513	-0.0152663951979	-0.0344407279260	0.0053487646127	0.0167826762897	-0.0015548270175	0.0017200856362	-0.0002740440964	-0.0027577985265	0.0060789363877	-0.0044205184429
 HG00524	-0.0156038193614	-0.0338630169973	0.0056062011967	0.0149071749487	-0.0003507333987	0.0007384719939	-0.0004721694651	-0.0013799794647	0.0073747091244	-0.0059807292544
 HG00525	-0.0152858024740	-0.0333019157843	0.0061253171294	0.0145772434012	-0.0001313693575	-0.0056811717224	0.0008188863563	0.0012060128266	0.0048876524394	-0.0014736344977
 HG00530	-0.0153976464363	-0.0338637927853	0.0049351811220	0.0155781192481	-0.0023372144286	-0.0034179475416	-0.0005292945717	0.0010208262834	0.0050654540793	-0.0015418237028
 HG00531	-0.0154460361106	-0.0340946282099	0.0057388636764	0.0154849511867	-0.0041372724475	0.0022013131143	0.0004127308089	0.0007801490899	0.0061444404789	-0.0053496540392
 HG00533	-0.0155825255284	-0.0337803611376	0.0059747032605	0.0159522733177	0.0022342082034	-0.0010501433112	-0.0006576869885	-0.0010748645671	0.0058848604614	-0.0015506052125
 HG00534	-0.0155339029665	-0.0338252231770	0.0060381623643	0.0155603738612	0.0010738005645	0.0023668153637	0.0005848074862	0.0015411652568	0.0045082260465	-0.0015761730829
 HG00536	-0.0155730566711	-0.0340479487971	0.0057213782015	0.0148132935929	-0.0045963165967	0.0021895119714	0.0014794272289	-0.0000698338082	0.0056934427375	-0.0007762471501
 HG00537	-0.0155729487999	-0.0346361288669	0.0063515749408	0.0167486615228	0.0006140091890	0.0000227144581	-0.0006587376989	0.0028519233341	0.0083642856694	-0.0111938791148
 HG00542	-0.0157530264368	-0.0346176036593	0.0054961131795	0.0149250356704	-0.0011280945755	-0.0037419205531	-0.0012994408052	0.0003277591397	0.0036133635475	-0.0111514855403
 HG00543	-0.0154024714884	-0.0342653763023	0.0053460081359	0.0147270281629	-0.0043540973433	0.0054740023517	0.0012652583767	0.0002085995399	0.0053079348048	-0.0045510483136
 HG00551	-0.0075860347180	0.0190570013774	0.0158840395688	0.0025644129937	-0.0251489528120	-0.0163054546649	0.0041768036957	-0.0004432988190	-0.0147742677284	0.0415781671146
 HG00553	-0.0034590466519	0.0138240280038	0.0162383274601	-0.0064594397014	-0.0262161243221	-0.0159854573753	0.0034060962008	-0.0024726233051	-0.0199777849931	0.0601109967508
 HG00554	-0.0077162729634	0.0199801322940	0.0132630476321	0.0035129002317	-0.0222069790733	-0.0175412870331	-0.0025640754116	-0.0002595836105	-0.0069600959431	0.0367185600473
 HG00556	-0.0156432809441	-0.0335306879223	0.0058256219542	0.0158539974826	-0.0014821990756	-0.0008778912808	-0.0014482381841	-0.0017389566359	0.0060914961530	-0.0011919883405
 HG00557	-0.0153691196540	-0.0344585649533	0.0069561724131	0.0151688062923	-0.0001287909257	-0.0048938718304	0.0006253334801	-0.0009830982506	0.0054330509810	-0.0053983849400
 HG00559	-0.0153428939556	-0.0339001023906	0.0069493747811	0.0141829985099	0.0067210237699	-0.0134418523337	0.0009771631712	0.0030516224061	0.0029347391037	-0.0033623629591
 HG00560	-0.0154228254851	-0.0345798814467	0.0053147197600	0.0153336674489	-0.0007472714297	-0.0026049045494	-0.0013442739945	0.0017622523008	0.0024488407835	-0.0064999179319
 HG00565	-0.0154092349655	-0.0345856934635	0.0065350603914	0.0164980995320	0.0000404760312	-0.0044045089206	0.0003580618976	0.0020662817722	0.0107075659526	-0.0027929233083
 HG00566	-0.0155527112379	-0.0343491047696	0.0060859444983	0.0158265210098	-0.0017515301873	-0.0011938232133	-0.0001903761815	0.0004624765663	0.0082959829364	-0.0099032865963
 HG00580	-0.0154311391063	-0.0339711925351	0.0058552843603	0.0138694084493	0.0021864818639	-0.0049360275761	0.0012505793846	0.0003954900834	0.0048011342595	-0.0012797035110
 HG00581	-0.0153955999104	-0.0336949834496	0.0049425464051	0.0148899798885	0.0033953756330	-0.0071706930814	-0.0003894704353	0.0009485566481	0.0085113356799	-0.0031302237373
 HG00583	-0.0153772673821	-0.0343518755441	0.0052688319263	0.0161170297490	-0.0082152591857	0.0084223027258	-0.0008059175500	0.0006692665971	0.0030654855291	-0.0043973104486
 HG00584	-0.0151220119901	-0.0339878339408	0.0054079676882	0.0166551388293	0.0014940807682	-0.0042220650901	0.0003490425295	0.0009913488950	0.0095782433140	-0.0011183568549
 HG00589	-0.0153422985782	-0.0340366365074	0.0057800342631	0.0136220362746	0.0034529830946	-0.0022619772680	-0.0001860792649	0.0024182325421	0.0068185529214	-0.0018925889138
 HG00590	-0.0154399098579	-0.0330611645934	0.0035027370244	0.0149227220175	-0.0021744405399	0.0041116553528	0.0008467883923	-0.0011473499029	0.0038257004577	0.0012670187014
 HG00592	-0.0154320684142	-0.0329301558532	0.0070157153045	0.0132806158230	0.0122628277937	-0.0244800819235	0.0003068572252	0.0031557431024	0.0099893803324	-0.0076357515867
 HG00593	-0.0154142718008	-0.0347758802540	0.0048508070651	0.0162547170678	0.0013157739648	-0.0031366466402	0.0004451902243	-0.0006747874914	0.0087320710982	-0.0046978466639
 HG00595	-0.0155278246095	-0.0340901351552	0.0050374528743	0.0162948851175	-0.0019790657063	-0.0064132512731	-0.0025385628685	0.0030670071393	0.0055714124303	-0.0024470839001
 HG00596	-0.0155372528082	-0.0352278773860	0.0049977225605	0.0158017485030	0.0024286287066	-0.0046905151598	0.0014815419137	0.0019611405539	0.0026253289947	0.0022570592292
 HG00598	-0.0154949887232	-0.0344209223852	0.0054105025088	0.0153076055686	-0.0000923662423	0.0013162301588	-0.0014091356923	-0.0026340885512	0.0116368101299	-0.0053580944086
 HG00599	-0.0153527432065	-0.0338749009719	0.0055879964307	0.0150251726144	0.0082633658195	-0.0111578272860	-0.0002016696522	0.0013067855535	0.0062527644570	-0.0000343424207
 HG00607	-0.0155178789636	-0.0339813318633	0.0047708553476	0.0161168148448	-0.0007980639061	-0.0063183780277	-0.0007967235535	-0.0000957593229	0.0028274310797	-0.0030514316011
 HG00608	-0.0154919280871	-0.0344468243675	0.0060531394589	0.0165438320127	0.0008809081564	0.0008436506752	0.0004575755938	-0.0014411103091	0.0062187755932	-0.0006407149292
 HG00610	-0.0153623118390	-0.0340732332399	0.0055120265708	0.0154134505427	0.0017210286853	-0.0058408252594	-0.0000083039322	0.0006083772309	0.0032988999529	-0.0050588132421
 HG00611	-0.0154969137842	-0.0338261967375	0.0072866725194	0.0149488533341	0.0012713181212	-0.0068518000509	0.0015630449118	-0.0020910306282	0.0067824984379	-0.0002697671015
 HG00613	-0.0156033811192	-0.0340955931663	0.0047354103719	0.0141489333638	0.0022629479794	0.0000036791619	-0.0000115302558	0.0032340187550	0.0051605262102	0.0007516508121
 HG00614	-0.0153485410734	-0.0340197209299	0.0048378977870	0.0163123064865	0.0034572207184	-0.0041548641133	-0.0014086650323	-0.0004688788873	0.0103350817788	-0.0060156200735
 HG00619	-0.0153669195078	-0.0341261700325	0.0065985307360	0.0163532743250	0.0003032174801	-0.0028747899112	-0.0014457716755	0.0012082821180	0.0059633403771	-0.0071886830831
 HG00620	-0.0157339888285	-0.0343229587706	0.0052515615166	0.0164597216393	-0.0008103500595	0.0015904244973	-0.0008643261970	0.0006802822555	-0.0010658662991	-0.0040271077177
 HG00622	-0.0153314655807	-0.0343356883152	0.0062388877758	0.0156181697152	-0.0002157627474	-0.0004854813052	0.0000869038553	0.0003123651823	0.0136958738561	0.0011139506559
 HG00623	-0.0154407115748	-0.0346428385961	0.0042972247469	0.0151906041471	0.0009610242915	-0.0007220007057	0.0020731724143	-0.0016923268309	0.0044735548336	-0.0032243899464
 HG00625	-0.0153056192605	-0.0335101879695	0.0034346264782	0.0162611386435	-0.0023498157047	0.0085064924901	0.0007060352018	-0.0014605331697	-0.0009713421993	0.0052054656735
 HG00626	-0.0155687598989	-0.0350564314556	0.0059635252506	0.0166190154836	-0.0018326709809	-0.0047375815182	-0.0001256119007	0.0024197354991	0.0046522313470	0.0029190881233
 HG00628	-0.0152831949324	-0.0337757063698	0.0064907206099	0.0157688476183	-0.0002850626445	-0.0009391837327	-0.0014048248526	0.0016749041544	0.0086565960815	-0.0048167252965
 HG00629	-0.0154550172265	-0.0341519267540	0.0057262115062	0.0151317186586	0.0007767942041	0.0006918736964	0.0019919241754	0.0005245509713	0.0062669006809	-0.0042474436546
 HG00631	-0.0153894717144	-0.0339500818485	0.0055393094518	0.0161554839805	0.0023690227763	-0.0029948623253	0.0019566819832	0.0011779819102	0.0046482120066	0.0045523219363
 HG00632	-0.0155264299892	-0.0341581146090	0.0048259394277	0.0154693743591	-0.0010282962522	-0.0045458928565	-0.0002968037949	-0.0000413648632	0.0053422825758	0.0003662895340
 HG00634	-0.0153801862320	-0.0340975970369	0.0042562761992	0.0169428591043	0.0014216559207	-0.0040008776992	0.0011701343054	0.0005195304918	0.0091361861486	0.0020104316850
 HG00637	-0.0047107366967	0.0164318355512	0.0141107984408	0.0022872269118	-0.0184264349780	-0.0139937351688	0.0027148738255	-0.0005834122117	-0.0223808960578	0.0442942412163
 HG00638	-0.0034815534061	0.0159201091976	0.0150561346615	-0.0012826892197	-0.0214134924755	-0.0166752702504	0.0041809902210	-0.0006763995816	-0.0217857075824	0.0421662728559
 HG00640	-0.0081963772047	0.0201612819373	0.0139405815158	0.0069463068106	-0.0272503736586	-0.0195636759584	0.0018644511740	0.0016205963423	-0.0188865630851	0.0531385999862
 HG00641	-0.0076879854234	0.0177111997590	0.0153046999574	-0.0001957738213	-0.0224762928469	-0.0184839802710	0.0031071729964	0.0006933679417	-0.0202247269207	0.0710601148880
 HG00650	-0.0155568506465	-0.0343078949419	0.0042067896442	0.0160249843779	-0.0111842088365	0.0180107392101	0.0036125972322	-0.0006447933955	0.0020577169137	-0.0021047429998
 HG00651	-0.0156285802984	-0.0343675584776	0.0070571755307	0.0157778247473	-0.0095158969738	0.0126443742438	0.0012002817444	0.0013178770247	0.0045329961286	-0.0051702124881
 HG00653	-0.0154226206861	-0.0340805962650	0.0038124233518	0.0170384155795	-0.0098284257034	0.0125452149149	0.0020494001500	0.0011213900401	-0.0013627255998	-0.0021290270943
 HG00654	-0.0152894287818	-0.0339050674676	0.0036036186995	0.0163836426579	-0.0055499300292	0.0086769747128	0.0009173513484	0.0015927034745	0.0069981663775	-0.0044466714274
 HG00656	-0.0151931155056	-0.0343234165520	0.0044439314425	0.0167307855253	-0.0078243411551	0.0137301639497	0.0011033256918	-0.0019574197339	0.0063615835304	-0.0005430709251
 HG00657	-0.0154419951493	-0.0337715671974	0.0046692606420	0.0162764776984	-0.0063747273610	0.0121989129203	-0.0010123285446	0.0004384055826	0.0016360443777	-0.0028217097749
 HG00662	-0.0154268559521	-0.0340552976473	0.0053414847823	0.0158802080793	-0.0102776899995	0.0099800461402	-0.0009088373744	0.0014104153126	0.0017778620940	0.0000411572339
 HG00663	-0.0156826045530	-0.0343585552360	0.0050617161963	0.0153552517056	-0.0102678177892	0.0155206732763	-0.0011227325931	-0.0008695531181	0.0066094450210	0.0048605725034
 HG00671	-0.0153645099167	-0.0340035456749	0.0042032367170	0.0155871267830	-0.0080936106639	0.0108978768328	0.0002555708974	-0.0005905954043	0.0082367076485	0.0030430089692
 HG00672	-0.0154142618256	-0.0341768202114	0.0045106667710	0.0161643438252	-0.0109368049737	0.0121787314756	-0.0006853048398	-0.0001817165737	0.0002267758427	-0.0035203404641
 HG00674	-0.0151705411903	-0.0344270543571	0.0055711018568	0.0158496503545	-0.0081457995354	0.0135053216968	0.0005115228112	-0.0017991128382	0.0031453507471	0.0034870336296
 HG00675	-0.0152952237459	-0.0346360593411	0.0040378287083	0.0168037290698	-0.0077431672967	0.0060821364635	-0.0000562114487	-0.0013729552603	0.0060780297228	-0.0041890621889
 HG00683	-0.0155238734310	-0.0338822129340	0.0046181990820	0.0142360452332	-0.0093896396781	0.0118020820181	0.0024094806515	-0.0009974948926	-0.0008260923172	-0.0036268130623
 HG00684	-0.0151580874767	-0.0340019876370	0.0048429247635	0.0162017645078	-0.0081539524128	0.0107646038807	0.0012053751207	0.0002350046724	0.0012235551787	0.0010832401172
 HG00689	-0.0155396625172	-0.0347881698480	0.0053302431986	0.0160140829382	-0.0101115331828	0.0055763972173	0.0018010113819	0.0014306238645	0.0116156291718	-0.0063111578877
 HG00690	-0.0154447110510	-0.0338974669069	0.0049177638451	0.0162490033549	-0.0105520817313	0.0134061118175	0.0021526733865	-0.0004957377030	0.0053780377555	-0.0028100047587
 HG00692	-0.0154480591104	-0.0336142241959	0.0047596160570	0.0144240516555	-0.0074061040124	0.0155036975062	0.0006882642879	0.0018667056528	0.0023236417821	0.0003045366509
 HG00693	-0.0155103979696	-0.0338867456052	0.0054324688523	0.0157837109134	-0.0074355541287	0.0089901685196	0.0009457415674	0.0007536459450	0.0037536396161	-0.0035428882759
 HG00698	-0.0151798664381	-0.0341508809017	0.0053935360394	0.0164759883374	-0.0099206194253	0.0119365979880	0.0010501666140	0.0006678182169	0.0058105269548	-0.0061548942458
 HG00699	-0.0150885714535	-0.0344650349043	0.0046913277113	0.0163087611365	-0.0058062708126	0.0058098806828	0.0016321753579	0.0031374728007	0.0094012787765	0.0023921376206
 HG00701	-0.0153564902665	-0.0341171293996	0.0052279429477	0.0146250144535	-0.0056335438732	0.0076178312478	-0.0011119502441	-0.0005516097224	0.0031830826229	-0.0067499138198
 HG00704	-0.0154739146544	-0.0339506021622	0.0058630497244	0.0152332087133	-0.0070374197573	0.0133093168222	-0.0005006581764	-0.0003105654854	0.0068752293510	0.0037497473494
 HG00705	-0.0155182617908	-0.0342575318131	0.0048444490901	0.0173635863305	-0.0072305032571	0.0094280360080	0.0016383950039	0.0001980930442	0.0073672213956	0.0012883395945
 HG00707	-0.0156695389222	-0.0341730386669	0.0055940851683	0.0164543642139	-0.0124884060152	0.0124489990454	0.0002742725247	0.0009250253667	0.0056394735297	0.0036546701504
 HG00708	-0.0156061372545	-0.0342813539270	0.0052627868513	0.0172010726377	-0.0068417771892	0.0089017177201	-0.0000522876950	0.0002431767059	0.0114135068217	-0.0042627182566
 HG00717	-0.0151124361145	-0.0344995803221	0.0051205312734	0.0158288827240	-0.0079469107681	0.0131611589562	-0.0004322725004	0.0005298900029	0.0073631087720	-0.0051711414692
 HG00728	-0.0156088893837	-0.0337263437445	0.0043117988584	0.0171638799616	-0.0101353757881	0.0127883339329	0.0013477379817	-0.0004180081618	0.0040904019554	-0.0037301874982
 HG00729	-0.0154826324860	-0.0341126927614	0.0039573599222	0.0157707738749	-0.0095521266109	0.0089143995709	0.0018496500732	0.0016324368381	0.0100466642745	-0.0025537616597
 HG00731	-0.0100153768702	0.0227654639422	0.0138251424834	0.0103762092690	-0.0251304237189	-0.0182435912564	0.0009868293111	0.0002256629224	-0.0130760553447	0.0376822132487
 HG00732	-0.0088624517616	0.0196836836918	0.0147490037532	0.0046012116716	-0.0293105662731	-0.0167854420243	0.0027331955878	-0.0006322441581	-0.0194578635138	0.0437859115122
 HG00734	-0.0068621420906	0.0156953872313	0.0192134497953	-0.0042000582120	-0.0205924967988	-0.0104635917192	0.0019990861763	0.0034137178560	-0.0304462229049	0.0656600403881
 HG00736	-0.0084715555199	0.0212307678303	0.0145642725709	0.0068931289198	-0.0196526152541	-0.0114146020971	0.0028387773900	-0.0014418756932	-0.0141742370720	0.0372857235231
 HG00737	-0.0076517535975	0.0210207514001	0.0163530130632	0.0062349798605	-0.0182119247286	-0.0130634029332	0.0032380883094	0.0000714918736	-0.0129043288884	0.0483067984716
 HG00739	-0.0091724950301	0.0235533768459	0.0129110019462	0.0112043326696	-0.0075396432406	-0.0049530521590	0.0006631302899	0.0003950115851	0.0024466502799	0.0137014865614
 HG00740	-0.0059656972132	0.0174560359080	0.0167227993168	0.0011287378811	-0.0250746295571	-0.0154171161413	-0.0008000151010	0.0022344720278	-0.0265854080519	0.0581622107610
 HG00742	-0.0081383871747	0.0236725374081	0.0128897106217	0.0117123143119	-0.0273319499774	-0.0167580540252	0.0042611165990	0.0059776840025	-0.0220208134909	0.0318477439341
 HG00743	-0.0075241046271	0.0147136672427	0.0200090070027	-0.0069736478628	-0.0220429420895	-0.0121588719656	0.0021229926259	0.0019059406868	-0.0219392420469	0.0620057562885
 HG00759	-0.0152627953806	-0.0335776850395	0.0024047533554	0.0169646277056	-0.0262186037270	0.0433519212926	0.0033869292278	-0.0014201492666	-0.0039858259752	0.0057940348946
 HG00766	-0.0151522196823	-0.0335792125634	0.0032811525626	0.0189968393025	-0.0268190601497	0.0454359623677	0.0010373671113	-0.0027994276462	0.0001688733342	0.0021261948068
 HG00844	-0.0149449821791	-0.0332792532162	0.0035256636001	0.0182158857603	-0.0286507814169	0.0453630959822	0.0012660888747	-0.0008005589456	0.0022183773117	0.0022844611185
 HG00851	-0.0153061711553	-0.0340351897990	0.0036697703353	0.0175932825701	-0.0280464452727	0.0458710756240	0.0026583138790	-0.0022081066799	0.0001694895011	0.0010115819595
 HG00864	-0.0151542618818	-0.0330544992700	0.0020200631083	0.0174574525930	-0.0271360301789	0.0402195222088	0.0033239325909	-0.0002036320449	-0.0020001990990	0.0013323896147
 HG00867	-0.0151574837456	-0.0338880412532	0.0040501829260	0.0168277816156	-0.0255218657158	0.0418163623273	0.0004835962971	-0.0027134903502	-0.0064734601800	0.0072522052891
 HG00879	-0.0148518798792	-0.0339412330707	0.0021549793382	0.0164425100622	-0.0295733168227	0.0456791605112	0.0003859585644	-0.0038403651561	-0.0043779628564	0.0041064425714
 HG00881	-0.0151781616321	-0.0341672967240	0.0027960746587	0.0175363394511	-0.0301813553772	0.0450438959201	0.0013207547581	-0.0009658358238	0.0009872656318	0.0043339672952
 HG00956	-0.0149578926190	-0.0330716796271	0.0027396697327	0.0159395800445	-0.0267719919059	0.0381798772299	0.0006431003032	-0.0006435163853	0.0020063415934	0.0040136361709
 HG00978	-0.0153507539766	-0.0334399900176	0.0026144370798	0.0161682584915	-0.0242172268283	0.0357117765554	0.0035677377667	-0.0018065479471	-0.0077145332607	-0.0003763137018
 HG00982	-0.0151211553202	-0.0343172950036	0.0032342965752	0.0171971665741	-0.0306550103926	0.0424050389208	-0.0007818196991	-0.0043456709905	-0.0055451691658	-0.0034553243904
 HG01028	-0.0150963632800	-0.0338038245300	0.0012969213352	0.0166630623679	-0.0299017673549	0.0415690365547	0.0029285897641	-0.0034434230568	-0.0070117856145	0.0047691549572
 HG01029	-0.0150987999896	-0.0336214382270	0.0024283084847	0.0181669196825	-0.0296471316814	0.0440890235009	-0.0006528618390	-0.0013516563557	-0.0014400071153	0.0002453827541
 HG01031	-0.0148974247901	-0.0335350678677	0.0026495054053	0.0162743857519	-0.0312149857280	0.0435400399348	0.0018923224049	-0.0021201878767	-0.0036474311049	0.0071693911028
 HG01046	-0.0152670929647	-0.0339570116722	0.0039727454552	0.0177156929969	-0.0293947487368	0.0431606980245	0.0021128937253	-0.0015477447608	-0.0006381107414	0.0027061189691
 HG01047	-0.0076204970748	0.0204773257869	0.0145542561984	0.0068327213968	-0.0197108009599	-0.0105925482463	0.0005473811127	0.0041376778344	-0.0104763247235	0.0303671528784
 HG01048	-0.0064788365575	0.0186866908627	0.0146841458047	0.0015455501137	-0.0202695262013	-0.0156983693700	0.0008462378979	-0.0030496966035	-0.0178466677965	0.0640302748963
 HG01049	-0.0008369312023	0.0146546803931	0.0154901520879	0.0001842714281	-0.0201553331832	-0.0076665347851	-0.0001548302971	0.0026133701985	-0.0168146532219	0.0336451896117
 HG01051	-0.0019204795883	0.0129922457673	0.0163227803709	-0.0063927179439	-0.0168214681916	-0.0109828199680	0.0038653890696	-0.0028897158915	-0.0213360530476	0.0540831958555
 HG01052	-0.0017400674491	0.0131228081889	0.0160574650229	-0.0047742357336	-0.0197489272161	-0.0109002167771	0.0017955462109	0.0004160959484	-0.0176646049270	0.0395594496352
 HG01054	-0.0083705063215	0.0186209756025	0.0168199712102	0.0002621447326	-0.0250261199062	-0.0207295256538	0.0004683802444	-0.0009965423620	-0.0221960998484	0.0665033083538
 HG01055	-0.0054382493086	0.0188645234729	0.0137302047494	0.0052618509560	-0.0204341234119	-0.0160857437405	0.0033866784532	-0.0018606978645	-0.0306168863006	0.0650694667945
 HG01058	-0.0058300856250	0.0165376979626	0.0157700668367	0.0001313713439	-0.0183192155844	-0.0094777971432	0.0041614113242	0.0009265328324	-0.0275104452443	0.0430546448325
 HG01060	-0.0073610792784	0.0197261188105	0.0151283681705	0.0059502482940	-0.0209121700326	-0.0148158586268	0.0013837412791	0.0018063500413	-0.0188953479525	0.0560588671815
 HG01061	-0.0080341179359	0.0196612702263	0.0175181285175	0.0027071709712	-0.0266194936546	-0.0202124023033	0.0027003366837	0.0005495664880	-0.0248274363094	0.0737078027543
 HG01063	0.0046359551238	0.0106896462339	0.0123137200741	-0.0020149406216	-0.0200277716734	-0.0084108058287	0.0021218174759	0.0038720982139	-0.0149359477080	0.0389697177117
 HG01064	-0.0033125095193	0.0170284063419	0.0132921355354	0.0040316805059	-0.0259867470267	-0.0162906531526	-0.0003266645038	0.0021150490149	-0.0166209504761	0.0687094512431
 HG01066	-0.0079931075983	0.0197379507304	0.0165421057221	0.0044621291023	-0.0183118515438	-0.0135709294739	0.0009398907066	-0.0027820193092	-0.0206409924917	0.0486196162786
 HG01067	-0.0073765187505	0.0189900439144	0.0159861635756	0.0032865421046	-0.0295772242998	-0.0153969175603	0.0001924372965	-0.0012970933371	-0.0254016936442	0.0684713754613
 HG01069	-0.0073021183759	0.0184156678934	0.0159311665491	-0.0014910441020	-0.0232450785327	-0.0166683988650	0.0000765116067	-0.0011904553127	-0.0242521968807	0.0451634512639
 HG01070	-0.0088783137398	0.0196603488922	0.0162751517212	0.0008235447974	-0.0249630791868	-0.0176670143121	0.0014486015336	-0.0007364186338	-0.0163484153569	0.0482357234669
 HG01072	-0.0074113242811	0.0194443615913	0.0164718225321	0.0009445316252	-0.0341736272848	-0.0189590840469	0.0040201923278	-0.0009022679144	-0.0219898007591	0.0664864592873
 HG01073	-0.0076823020255	0.0184918566677	0.0169536499158	0.0016122450427	-0.0297367940228	-0.0161366677707	0.0010708590065	-0.0004605576873	-0.0317933113684	0.0741187786911
 HG01075	-0.0070110304850	0.0222860232575	0.0115386525390	0.0121539457317	-0.0211195657701	-0.0138362369780	0.0018237718073	0.0036594274969	-0.0080512129974	0.0092522625683
 HG01077	-0.0028082794386	0.0131384872475	0.0153830685272	-0.0034096386059	-0.0148363598998	-0.0129621996859	0.0039250577731	-0.0028425464932	-0.0149765638235	0.0436153781721
 HG01079	-0.0036790804291	0.0163804343537	0.0132596190362	0.0009233290056	-0.0213274635168	-0.0141320522758	-0.0002093703849	-0.0028222123828	-0.0175595915828	0.0486543617284
 HG01080	-0.0075790815504	0.0159428087616	0.0198377028120	-0.0070763697538	-0.0248607664844	-0.0121409835294	-0.0005011077650	0.0028472837017	-0.0290095648296	0.0536062151718
 HG01082	-0.0021336034641	0.0148909731178	0.0152231006591	-0.0010390592668	-0.0203835050777	-0.0133971278562	0.0027320185471	0.0028268319244	-0.0134831003029	0.0517191833601
 HG01083	-0.0067550580292	0.0183168879264	0.0174275802283	-0.0004721198499	-0.0234875871764	-0.0136599429156	0.0011941498694	0.0033786210808	-0.0240986396008	0.0471262462059
 HG01085	-0.0059485975384	0.0175184899878	0.0140610208081	0.0042538516994	-0.0182889292695	-0.0120290732335	0.0005291809812	-0.0013476802036	-0.0128229506348	0.0298227423130
 HG01086	-0.0055458761689	0.0153805460065	0.0165929384553	-0.0040928679321	-0.0204812198417	-0.0120123125957	-0.0027653706875	0.0020499842354	-0.0214527587501	0.0580332683673
 HG01088	-0.0031225930153	0.0169941183005	0.0141260454943	0.0033811888618	-0.0180652684823	-0.0086541755792	-0.0009169394766	-0.0003475883408	-0.0200525183217	0.0415913338970
 HG01089	-0.0044758968373	0.0164544135492	0.0139195662336	0.0003994874246	-0.0209058082525	-0.0118858224282	-0.0021850413353	0.0012452724638	-0.0161585868622	0.0439698712254
 HG01092	-0.0000029020678	0.0143731320590	0.0130738537385	-0.0003716768823	-0.0175776801138	-0.0108910229065	0.0052945092700	0.0004840008476	-0.0034940958833	0.0315189906879
 HG01094	-0.0053079700615	0.0180215150313	0.0145492975316	0.0037202141305	-0.0220733249102	-0.0124410016798	0.0016857039138	-0.0019833971374	-0.0258222738458	0.0456025343010
 HG01095	-0.0063442155165	0.0183927610459	0.0150323378408	0.0025886522000	-0.0217302434045	-0.0143976978557	-0.0012610542846	0.0009376195105	-0.0269868125035	0.0464099305094
 HG01097	-0.0073285859785	0.0180712458949	0.0169001088211	0.0014952387532	-0.0226284607443	-0.0141524346697	0.0038255586228	0.0007575405703	-0.0226054025024	0.0657571839151
 HG01098	-0.0068573066238	0.0187491440938	0.0161461053121	0.0017595619523	-0.0267122285346	-0.0160260770108	0.0029454785860	-0.0005169419518	-0.0197101949528	0.0603997695453
 HG01101	-0.0046581980654	0.0157416067182	0.0170977082585	-0.0016087933286	-0.0265371591326	-0.0179233991065	0.0004114233400	-0.0004280681909	-0.0170265850037	0.0535616484938
 HG01102	-0.0035380168960	0.0171640235775	0.0149380009664	0.0012051097621	-0.0193672241244	-0.0094612580191	0.0049321567197	-0.0026910571973	-0.0225041742998	0.0495958650775
 HG01104	-0.0074711479761	0.0189408186343	0.0145104401362	0.0042985227805	-0.0273966831540	-0.0129272556772	0.0011342876035	0.0009198668789	-0.0138450727920	0.0381154945872
 HG01105	-0.0075759528002	0.0215005867276	0.0130905188968	0.0083635085321	-0.0196370912872	-0.0153402503956	0.0035332893266	0.0011710021816	-0.0081240625342	0.0353303130493
 HG01107	-0.0008266284704	0.0159113100524	0.0142833249661	0.0027132917928	-0.0265935586808	-0.0137610287770	-0.0021259614365	0.0018684295779	-0.0190618926110	0.0441158755042
 HG01108	0.0178929952111	0.0052454214064	0.0080001119229	-0.0009186467575	-0.0034606818870	-0.0028013395099	0.0069605294496	0.0061125644019	0.0036714844274	-0.0006589500473
 HG01110	-0.0057602055361	0.0172714189205	0.0157772282503	0.0003864360743	-0.0185948073044	-0.0130870939495	0.0022740818912	-0.0016621353369	-0.0126839935721	0.0444915481583
 HG01111	-0.0064651100972	0.0175132016674	0.0168049268636	0.0024522339670	-0.0199141079494	-0.0139058672125	0.0034457929308	0.0012284282672	-0.0077237245575	0.0341066905203
 HG01112	-0.0100804601222	0.0242473551496	0.0132260873642	0.0108751183127	-0.0207619383324	-0.0152599096085	-0.0010284076538	0.0020448901552	-0.0067467357403	0.0219867443261
 HG01113	-0.0116463058095	0.0149405397537	0.0229294472273	-0.0118431211386	-0.0196159760027	-0.0126641627376	0.0010032301948	-0.0007168289752	-0.0095847422429	0.0275678541316
 HG01119	-0.0100913110141	0.0219424378018	0.0153207120108	0.0040404957101	-0.0220366694946	-0.0170555388870	0.0005419287906	0.0079345680776	-0.0076203816036	0.0080445791237
 HG01121	-0.0101638873068	0.0130533104768	0.0229470970659	-0.0151888659657	-0.0154533793288	-0.0094575128186	-0.0016162071140	-0.0005584515965	-0.0101961491980	0.0104422613760
 HG01122	-0.0086997055652	0.0167643055482	0.0205613857048	-0.0086447886355	-0.0170253783986	-0.0113429580777	-0.0013730796895	0.0027727160016	-0.0066797384077	0.0181709474514
 HG01124	-0.0054869207941	0.0105159366056	0.0216055935381	-0.0163678189897	-0.0103014177522	-0.0026695867415	0.0027658740561	0.0004107907843	-0.0167453112004	0.0088734278224
 HG01125	-0.0074306052055	0.0133602205315	0.0191472543175	-0.0112925609590	-0.0179560484994	-0.0074874988744	0.0015179368353	-0.0003790397386	-0.0081499064757	0.0147487806053
 HG01130	-0.0089872136234	0.0154264022757	0.0202152663809	-0.0106028094731	-0.0182255990546	-0.0136594611425	-0.0010042103728	0.0028701986119	-0.0127484214653	0.0249278165677
 HG01131	-0.0089943789107	0.0151659382261	0.0210394451164	-0.0105049446179	-0.0161486999040	-0.0150678464453	-0.0002145205780	0.0024510455244	-0.0050735407192	0.0301257627815
 HG01133	-0.0106001277487	0.0202889776573	0.0172753776979	0.0018577427238	-0.0223439718804	-0.0130545142081	0.0000643301303	0.0026439202659	-0.0096564107981	0.0094036777491
 HG01134	-0.0063010062714	0.0142442380674	0.0184034676439	-0.0082161083654	-0.0150343667298	-0.0065070884731	0.0033391915706	-0.0023843932666	-0.0082669395045	0.0156086856430
 HG01136	-0.0077613937439	0.0132611609275	0.0229908143361	-0.0126420830806	-0.0196507618747	-0.0071076089666	0.0038808439701	0.0014559370169	-0.0175438775034	0.0180774300344
 HG01137	-0.0112654237475	0.0124914315240	0.0248569525937	-0.0197282280738	-0.0182186202601	-0.0086709077854	0.0000814100301	0.0037943856870	-0.0154527228704	0.0186938509790
 HG01139	-0.0041174750868	0.0098526405128	0.0219421265507	-0.0171491134307	-0.0095971502484	-0.0065982959113	0.0007966852450	0.0007430519605	-0.0088398199191	0.0047922062357
 HG01140	-0.0099628537953	0.0153207810520	0.0204597639844	-0.0127808911151	-0.0195141808968	-0.0098370694166	0.0041654405641	0.0003284812614	-0.0153173663921	0.0126872041993
 HG01142	-0.0036927566307	0.0066471505829	0.0233569479686	-0.0242182990038	-0.0137226180894	-0.0038540147922	0.0031633587316	0.0014885629437	-0.0054428870250	0.0099216558253
 HG01148	-0.0092150731787	0.0155026662730	0.0212320001900	-0.0108689875059	-0.0161741692456	-0.0060994944926	-0.0001860632579	0.0010887255853	-0.0177311193911	0.0125123481048
 HG01149	-0.0081049797150	0.0055861785947	0.0281574924079	-0.0315111382298	-0.0133992664389	-0.0049322407811	-0.0001521693327	0.0020480543255	-0.0148952741555	0.0204613598929
 HG01161	-0.0032955648148	0.0148479165336	0.0168189584389	-0.0014333577304	-0.0206253345709	-0.0115995797253	0.0012825044741	-0.0031056089671	-0.0233414733518	0.0562293776199
 HG01162	-0.0068116694775	0.0176531178909	0.0157532759606	-0.0014088326165	-0.0211791563474	-0.0148599106932	0.0011460660895	-0.0041908513986	-0.0174684132646	0.0677634101831
 HG01164	-0.0066406216429	0.0198334752506	0.0147711450213	0.0033570073853	-0.0285518610603	-0.0152570542426	0.0031740445031	-0.0017169156119	-0.0161192736846	0.0516944601085
 HG01167	-0.0010979343583	0.0143601919658	0.0146695158544	-0.0006586126321	-0.0174322565122	-0.0088437269761	0.0014389614741	-0.0012651070539	-0.0110135501882	0.0504956311923
 HG01168	-0.0094893115693	0.0233150955185	0.0102771653104	0.0095750572827	-0.0280227791893	-0.0186939252601	0.0025545759128	0.0018178192681	-0.0191196981596	0.0433713736254
 HG01170	-0.0061242015647	0.0166781340362	0.0157936535866	-0.0012193534598	-0.0207590385288	-0.0084776534251	0.0022082292108	-0.0022377050878	-0.0259723333844	0.0535343042524
 HG01171	-0.0029536240556	0.0157118045360	0.0147923279362	-0.0005362664596	-0.0173262948011	-0.0118908546158	-0.0029038040007	-0.0007502780611	-0.0117448593913	0.0447375636184
 HG01173	-0.0077379009624	0.0220672280192	0.0120458679151	0.0120725373791	-0.0299278907055	-0.0151421683208	0.0017358307151	0.0045813806987	-0.0135862594160	0.0416299797165
 HG01174	-0.0087400570761	0.0201797253742	0.0149477239203	0.0049326332313	-0.0218892428723	-0.0136745421957	-0.0002309689168	0.0047117623112	-0.0241692295366	0.0489632004994
 HG01176	-0.0074117081642	0.0175993794517	0.0163737368515	0.0000283575744	-0.0175923795906	-0.0106113584795	0.0016375997984	0.0021815936188	-0.0166383383462	0.0501248941210
 HG01177	-0.0085989612335	0.0165392173943	0.0177217379403	-0.0032980212892	-0.0232028852372	-0.0151862854195	0.0009489386747	0.0022272799001	-0.0083746347971	0.0534410676296
 HG01182	-0.0052485754178	0.0162706499109	0.0153977737796	-0.0009075512427	-0.0193973993410	-0.0126889175033	0.0079802842868	-0.0026337449012	-0.0154837657690	0.0592956841706
 HG01183	-0.0056679075246	0.0166626327959	0.0174931740306	-0.0000672451240	-0.0209493527983	-0.0173358833624	0.0037773184154	-0.0013639395659	-0.0264658150985	0.0639789119254
 HG01187	-0.0039080723223	0.0109462544461	0.0206526055929	-0.0112365313346	-0.0132810732894	-0.0113734914806	0.0023209202513	-0.0007380078157	-0.0178253984695	0.0473897185045
 HG01188	-0.0019105631686	0.0111813335827	0.0168570605479	-0.0078466155848	-0.0189716271148	-0.0161588738226	0.0015533246467	-0.0034227166342	-0.0185280326668	0.0597794659266
 HG01190	-0.0046181366345	0.0130961687825	0.0188871118429	-0.0084345775301	-0.0159033937435	-0.0067394259972	0.0044503041220	0.0000073581936	-0.0298999032478	0.0601121277848
 HG01191	-0.0072504989102	0.0161412415116	0.0179421902983	-0.0053443485887	-0.0230811278878	-0.0128636952646	0.0035081326320	0.0007164395344	-0.0186939860020	0.0661224341933
 HG01197	-0.0084730526043	0.0199804802747	0.0167861447066	0.0018155706736	-0.0255798704170	-0.0126047543214	0.0034770194282	0.0027237903836	-0.0154176910626	0.0533425095023
 HG01198	-0.0029292367629	0.0156786834980	0.0162782339547	-0.0005308116666	-0.0204228384374	-0.0159209015137	0.0053238908194	-0.0008747342290	-0.0171443695535	0.0619491805383
 HG01200	-0.0090935911818	0.0219961431507	0.0128863891175	0.0078775758399	-0.0221240712665	-0.0218942804972	0.0012665487473	0.0032051324459	-0.0039258522493	0.0274920937397
 HG01204	-0.0066942563106	0.0178212577291	0.0138242735894	0.0035141685183	-0.0252220040994	-0.0158297391018	0.0040639759383	0.0043928747215	-0.0148690615561	0.0465913160164
 HG01205	-0.0060064266458	0.0188710584108	0.0146986403104	0.0036918120512	-0.0207126921313	-0.0118025376014	0.0024501387463	0.0017188257532	-0.0205011264023	0.0560046024532
 HG01241	0.0201368751343	0.0029689505730	0.0078301902854	-0.0023347871261	-0.0044978406132	-0.0008934447464	-0.0089686832347	0.0057026449274	-0.0046557157523	0.0128339173867
 HG01242	0.0121302437756	0.0091567735368	0.0059904014684	0.0015711209265	-0.0094364190311	-0.0037496368720	-0.0048446411549	-0.0006690388513	-0.0049218227990	0.0100240992397
 HG01247	-0.0023930482378	0.0136982695610	0.0162278617004	-0.0027289671228	-0.0152627750670	-0.0117030351678	0.0008169570520	-0.0004193429445	-0.0119927026048	0.0503384095475
 HG01248	-0.0062479403537	0.0188343336617	0.0125621066721	0.0035937105911	-0.0281943991303	-0.0142672882828	0.0020952210249	0.0004749747769	-0.0173725540706	0.0471256450818
 HG01250	-0.0086281558404	0.0115157059771	0.0232248433273	-0.0175523151610	-0.0119384699793	-0.0105495168201	0.0019210372689	-0.0005369169807	-0.0068148928219	0.0112083322256
 HG01251	-0.0110827732467	0.0157946990786	0.0222708879306	-0.0097656950285	-0.0167524025395	-0.0114613444790	0.0022680868270	-0.0008370513343	-0.0052608976486	0.0203000782515
 HG01253	-0.0098250097456	0.0163324922152	0.0200679721431	-0.0070985997191	-0.0174637155881	-0.0115756259791	0.0008431761736	0.0033343008077	-0.0117490087848	0.0148716069894
 HG01254	-0.0043597504025	0.0094741550915	0.0208951697472	-0.0156674526932	-0.0141594526703	-0.0074231416396	0.0021991157906	-0.0004047977536	-0.0073602470899	0.0139806672217
 HG01256	-0.0111826446434	0.0200361511104	0.0189308773876	0.0010191310424	-0.0216999502170	-0.0128817116327	-0.0017605264932	-0.0002509886454	-0.0013884202806	0.0164697105712
 HG01257	-0.0115632571669	0.0151290686204	0.0229096793215	-0.0142290264060	-0.0135371135345	-0.0076612586427	0.0014243696347	-0.0005433887214	-0.0100853230351	0.0076786843991
 HG01259	-0.0102805881272	0.0213211895084	0.0157880951972	0.0055592929270	-0.0207534765372	-0.0119676579360	0.0008087397779	-0.0010977940060	-0.0107551955957	0.0195344702542
 HG01260	-0.0061084834719	0.0106061259483	0.0228430926233	-0.0179832318525	-0.0144744603090	-0.0149210340972	-0.0013144734539	-0.0003083125215	-0.0151047198261	0.0082265532804
 HG01269	-0.0089494237151	0.0145191638442	0.0220205536060	-0.0107804088013	-0.0212132390729	-0.0093532690224	0.0018629422162	-0.0027315305718	-0.0121352451090	0.0264060512419
 HG01271	-0.0084926633565	0.0144857153796	0.0213281724003	-0.0107843474764	-0.0163733883907	-0.0078822783915	0.0032886731590	-0.0003393712424	-0.0051362183786	0.0089771284628
 HG01272	-0.0040000999048	0.0083053953482	0.0210952192608	-0.0193747174563	-0.0113823785521	-0.0060238220677	-0.0024269970169	-0.0010677657581	-0.0111940508734	0.0180145814081
 HG01275	-0.0106710158657	0.0253824233091	0.0133576554470	0.0137217304406	-0.0195330057015	-0.0168552164392	-0.0007788816126	0.0025451197925	-0.0067729932276	0.0175345163920
 HG01277	-0.0116987199802	0.0118568606093	0.0257321406027	-0.0203396521390	-0.0154099291085	-0.0074047330685	0.0010198070626	-0.0015497030803	-0.0138004179074	0.0270052709987
 HG01280	-0.0109913325438	0.0156092898555	0.0239365745910	-0.0114830836995	-0.0219540978501	-0.0127087807827	-0.0001978721156	0.0005949032227	-0.0044498553978	0.0161184513536
 HG01281	-0.0108134281946	0.0154577364119	0.0215627636058	-0.0088349792686	-0.0209773531887	-0.0096947557356	0.0034159124753	0.0005669823112	-0.0081501945401	0.0148606220343
 HG01284	-0.0087180598749	0.0153566560797	0.0191517776765	-0.0077391839150	-0.0242511572775	-0.0097758497980	0.0006224642619	0.0030105483227	-0.0115760396444	0.0086020698584
 HG01286	-0.0009128982696	0.0142651588328	0.0148382806502	-0.0009125351643	-0.0174925078766	-0.0127975081695	0.0007569968996	0.0047090653894	-0.0165508719156	0.0541647509287
 HG01302	-0.0063491577579	0.0156255810699	0.0165497671056	-0.0041173492812	-0.0282287271971	-0.0145716958659	0.0032806735286	0.0003775455520	-0.0214476769740	0.0685449383835
 HG01303	-0.0064380766314	0.0151648539156	0.0162503567966	-0.0028985379965	-0.0200084997377	-0.0137576990428	0.0054794223799	0.0010111254132	-0.0343394651562	0.0679325514687
 HG01305	-0.0043471134361	0.0152468598131	0.0167200503388	-0.0030796069805	-0.0173115908939	-0.0132142958804	0.0011100449343	-0.0017386961804	-0.0224033148364	0.0665436903981
 HG01308	-0.0008782704546	0.0137258024552	0.0153768948185	-0.0029962107145	-0.0212737379461	-0.0117738117603	0.0036033842738	-0.0010553648262	-0.0295022703893	0.0728675346739
 HG01311	-0.0069113748147	0.0200959383575	0.0132630363579	0.0081661861256	-0.0225102976359	-0.0134490253560	0.0003501516183	-0.0010900131406	-0.0206598213099	0.0345819194493
 HG01312	-0.0057902057421	0.0185114051373	0.0143109952656	0.0039064085164	-0.0212835130168	-0.0141506064140	0.0000470728170	0.0023229115410	-0.0093389529916	0.0259247560229
 HG01323	-0.0065710089766	0.0170256592992	0.0169854475442	-0.0005484257878	-0.0232439854016	-0.0132867088238	0.0007046019280	0.0029496716366	-0.0208181988301	0.0441279701397
 HG01325	-0.0049998808653	0.0193635868267	0.0132661023157	0.0066799553708	-0.0219528849752	-0.0159860237545	0.0032345931326	0.0022637330363	-0.0117913058629	0.0491301636941
 HG01326	-0.0069179824171	0.0171467214619	0.0189774824616	-0.0015630589858	-0.0250757977593	-0.0147463633493	0.0033752934535	0.0002405415699	-0.0239160910486	0.0529913388537
 HG01334	-0.0115461140242	0.0264257119441	0.0117289330622	0.0180561019833	0.0081437414580	0.0059169975390	-0.0022032312275	0.0034231249830	0.0145055768027	-0.0397191994498
 HG01341	-0.0130412718952	0.0027540615516	0.0349939086613	-0.0450316189955	-0.0051508787785	-0.0016056654957	0.0015366245696	0.0024352910695	-0.0110028232984	0.0147640120992
 HG01342	0.0046618098428	0.0070701015937	0.0167370117835	-0.0126732884740	-0.0077536787617	-0.0029461448362	-0.0005183308425	0.0039713932343	-0.0021045192017	0.0132639054007
 HG01344	-0.0110810887260	0.0097980490325	0.0275860070366	-0.0272422941774	-0.0090484001825	-0.0054209532149	0.0038758364552	-0.0012796962401	0.0011872908256	0.0193255657822
 HG01345	-0.0093362680920	0.0163453824528	0.0180316876865	-0.0058429605298	-0.0150684502709	-0.0090784736293	0.0009680429282	-0.0008614991601	-0.0088978343070	0.0158000366620
 HG01348	-0.0105367573910	0.0098016251282	0.0268225339285	-0.0256374278637	-0.0148975967742	-0.0075625167658	-0.0010314350633	0.0014963750297	-0.0179210140656	0.0170124425831
 HG01350	-0.0094089697571	0.0085298663161	0.0259857102983	-0.0262927792386	-0.0102475596842	-0.0082838264492	0.0006764802007	0.0033822883864	-0.0137253030876	0.0282793584662
 HG01351	-0.0113057783809	0.0153011986809	0.0232298962042	-0.0126869323471	-0.0156314772681	-0.0107116633797	-0.0004717902678	-0.0008400279520	-0.0106343610452	0.0263120875101
 HG01353	-0.0104531355331	0.0187242633225	0.0182969064018	-0.0028851110323	-0.0215220588483	-0.0135142959567	-0.0015635557249	-0.0003407592945	-0.0132033086651	0.0149473763427
 HG01354	-0.0105529939765	0.0201744430382	0.0177640415284	0.0005794945046	-0.0244849502325	-0.0092146084486	0.0023167066072	0.0008981148636	-0.0149905203375	0.0292071950494
 HG01356	-0.0094524560667	0.0134422036759	0.0230324186815	-0.0173148401832	-0.0213757804468	-0.0055275751496	0.0009608260413	0.0011474506020	-0.0190874450943	0.0094040196322
 HG01357	-0.0114989304142	0.0143214924190	0.0240940115764	-0.0116631102878	-0.0134241968720	-0.0075799978785	0.0007991677667	0.0015096150082	-0.0104593548291	0.0298172658922
 HG01359	-0.0099931782519	0.0150963091690	0.0195969725577	-0.0095867855821	-0.0162083324407	-0.0098926508484	0.0005981199902	-0.0010494309687	-0.0076054404998	0.0163612519095
 HG01360	-0.0088366903290	0.0157664792646	0.0187743604753	-0.0082339882885	-0.0200806722863	-0.0134067056473	0.0007600660104	0.0022784583853	0.0010378477805	0.0231595288702
 HG01362	-0.0061760227321	0.0135862501950	0.0194346772876	-0.0079826417002	-0.0150279256383	-0.0142477688038	-0.0018658421861	0.0024759948764	-0.0089989403207	0.0146364827249
 HG01363	-0.0043937930018	0.0084312561119	0.0229370568815	-0.0170640932452	-0.0135844873150	-0.0037484679926	-0.0022694459264	0.0025767903049	-0.0043480641008	0.0211632403329
 HG01365	-0.0054311350342	0.0116685196004	0.0199986337508	-0.0149755366266	-0.0106015665613	-0.0042716446459	0.0009147815142	0.0033203055634	-0.0090403321542	0.0054295079502
 HG01366	-0.0070909152314	0.0126049369786	0.0220431929068	-0.0104000828824	-0.0163766851782	-0.0097974578429	0.0011963317754	0.0028573133707	-0.0155141231010	0.0153600039423
 HG01369	-0.0070214448359	0.0025990136374	0.0310674678426	-0.0395852499057	-0.0123082306386	-0.0043926207349	-0.0005219220029	-0.0031399958542	-0.0107684578411	0.0092368390741
 HG01372	-0.0105247245672	0.0134420413801	0.0246089956502	-0.0173502873450	-0.0186786120633	-0.0076933629174	0.0004777934545	0.0029238151583	-0.0027078995239	0.0159442466929
 HG01374	-0.0113008266864	0.0166792627213	0.0224042682401	-0.0105003366986	-0.0190404938069	-0.0154653330026	0.0030848401637	0.0005724851682	-0.0172819140366	0.0253824628165
 HG01375	-0.0056190121791	0.0107169063754	0.0232317264507	-0.0171949244768	-0.0155291339868	-0.0074778472210	0.0013813500121	0.0014143695173	-0.0012409492448	0.0073995931517
 HG01377	-0.0076644677937	0.0115834882963	0.0212663861211	-0.0168648957013	-0.0130033758252	-0.0073171949281	0.0046568312882	-0.0018095074816	-0.0103278086657	0.0256227661438
 HG01378	-0.0103624120872	0.0099970898778	0.0261006043368	-0.0236579304738	-0.0152393880471	-0.0073248080974	0.0011494313629	0.0021963017253	-0.0135568284207	0.0152143561699
 HG01383	-0.0102096584728	0.0165140802380	0.0214110165452	-0.0107807817295	-0.0193372586429	-0.0108980627108	0.0036300072397	0.0046646463454	0.0046934836548	0.0232962079462
 HG01384	-0.0090530604047	0.0161544955919	0.0201343504157	-0.0075647636264	-0.0208715682128	-0.0128950498364	-0.0020783185370	0.0023937938210	-0.0095564413448	0.0276004635885
 HG01389	-0.0086026303269	0.0200151702796	0.0156261655023	0.0014197107783	-0.0204661630989	-0.0167624575072	0.0016389116808	0.0019322326901	-0.0169713660321	0.0335769820039
 HG01390	0.0007785189259	0.0065810246585	0.0207954071367	-0.0178784499888	-0.0091880531814	-0.0031088922273	-0.0036786453651	0.0007890989395	-0.0015791853074	-0.0000283169884
 HG01392	-0.0040208585685	0.0145443153150	0.0169455599928	-0.0045281337632	-0.0191737684141	-0.0093960401182	0.0046076871102	-0.0034783402491	-0.0139901935395	0.0554612632159
 HG01393	-0.0019277984744	0.0145548383583	0.0149183395122	0.0000185045195	-0.0197393310746	-0.0103030107188	0.0017790298659	-0.0011220565606	-0.0165577570836	0.0375830845016
 HG01395	-0.0077250801065	0.0198406545104	0.0161851071805	0.0035118632440	-0.0253716187783	-0.0137340781951	0.0037921438707	0.0016307878896	-0.0353557425204	0.0576041880833
 HG01396	-0.0036476513651	0.0136989352731	0.0167074078398	-0.0075569845858	-0.0187864947958	-0.0132553200960	0.0015794769455	-0.0000145893058	-0.0147346709714	0.0479546347607
 HG01398	-0.0038626809865	0.0158326027254	0.0162954575117	-0.0023352080044	-0.0160015417575	-0.0146719672302	0.0013922878529	-0.0023873200220	-0.0186909875451	0.0488398616981
 HG01402	-0.0042175364328	0.0142880449601	0.0159745616630	-0.0053412132024	-0.0173743170118	-0.0158034496909	0.0049081546780	0.0036545725466	-0.0224945965939	0.0541778415056
 HG01403	-0.0035632053063	0.0139710600513	0.0157727082175	-0.0033641496642	-0.0169549092596	-0.0114637439667	0.0017385527811	0.0035001277948	-0.0185132920334	0.0555257889178
 HG01405	-0.0067025859964	0.0191769438579	0.0133377581667	0.0042413244094	-0.0252534934230	-0.0139186945038	0.0023625115674	-0.0028425371227	-0.0223057579859	0.0511960066515
 HG01412	-0.0076071928781	0.0157335468086	0.0205502304061	-0.0074253297341	-0.0249414615102	-0.0155161796728	0.0016494138904	0.0003374585937	-0.0219861052219	0.0625317003810
 HG01413	-0.0057239513943	0.0148418580121	0.0170808066153	-0.0049780085781	-0.0238235301112	-0.0091953713423	0.0033305386405	-0.0061495045660	-0.0152112713378	0.0509858629979
 HG01414	-0.0053790139521	0.0158003703224	0.0159177842910	-0.0025366817578	-0.0165983678108	-0.0086548690790	0.0046174790653	-0.0005383570865	-0.0137085291381	0.0389384821883
 HG01431	-0.0070591025515	0.0128658608065	0.0215279964805	-0.0141807206468	-0.0146021442526	-0.0116179666745	0.0041596248816	-0.0014864681414	-0.0063065386261	0.0202485650715
 HG01432	-0.0104420745722	0.0161586696031	0.0204310268352	-0.0065896152582	-0.0225243275639	-0.0083769280958	0.0027489433053	0.0036077473209	-0.0093988601559	0.0188951719561
 HG01435	-0.0111402230768	0.0044700382315	0.0314006353801	-0.0380150714994	-0.0067865735681	0.0008942708204	0.0004182082495	-0.0019156260652	-0.0069768646446	0.0127208646497
 HG01437	-0.0106639232142	0.0216869643707	0.0152766235630	0.0066200485918	-0.0238010279044	-0.0169580282008	0.0011528625553	0.0033112181275	-0.0081748443722	0.0134939975544
 HG01438	-0.0102721198643	0.0255629089428	0.0118029456714	0.0135143474132	-0.0245172111066	-0.0132757681844	0.0009312516878	0.0019398265388	-0.0097822263277	0.0099257723170
 HG01440	-0.0037200308966	0.0131869325193	0.0191087687184	-0.0102740150164	-0.0085682928716	-0.0019231898716	0.0007547645675	0.0003352648435	0.0003820479095	0.0049263018138
 HG01441	-0.0115985805347	0.0086623104010	0.0261005257394	-0.0271011753026	-0.0120864124847	-0.0048826456051	-0.0026002424175	0.0006158761145	-0.0091381775636	-0.0001513611904
 HG01443	-0.0114937922362	0.0029469502323	0.0349599081279	-0.0446868141150	-0.0070510051673	-0.0018603932503	0.0011671035241	-0.0005584116425	-0.0058179401503	0.0129141785169
 HG01444	-0.0077945781200	0.0119834097999	0.0230760302096	-0.0140125657404	-0.0171644415933	-0.0078052043632	0.0009771517913	0.0006218281738	-0.0033376015330	0.0132104520618
 HG01447	-0.0086761921981	0.0141713600854	0.0197491822835	-0.0092889796675	-0.0128270560661	-0.0109648395771	0.0019199079354	-0.0017246831582	-0.0040483885358	0.0088898391619
 HG01455	-0.0110005381455	0.0095075768892	0.0287526632688	-0.0246278195442	-0.0101001807935	-0.0098616404918	-0.0000904691673	-0.0006929483583	-0.0157987071308	0.0289479628921
 HG01456	-0.0100666181187	0.0094869274100	0.0268773135023	-0.0245338919808	-0.0124581971097	-0.0077442026932	0.0008680634483	-0.0026915956211	-0.0082215402966	0.0253856441932
 HG01459	-0.0106306277993	0.0095591871642	0.0274646126450	-0.0276133854382	-0.0126365803236	-0.0085127130971	0.0017461309313	0.0015845142575	-0.0082581733373	0.0167589176567
 HG01461	-0.0042581584269	0.0060585953917	0.0246510852520	-0.0264360204994	-0.0115637781519	-0.0066234764431	-0.0003529155552	-0.0007392251533	-0.0029062310060	0.0215814734087
 HG01462	0.0007304391755	0.0048021136414	0.0204229012360	-0.0208025683656	-0.0037959582593	-0.0050204391379	0.0007033663700	0.0033518960129	-0.0051967785862	-0.0022318936052
 HG01464	-0.0033843678918	0.0080703503767	0.0232737310400	-0.0203698405994	-0.0118742897974	-0.0057137056882	0.0005181588554	-0.0006376181556	-0.0114547670952	0.0150884307819
 HG01465	-0.0107177600523	0.0189034377247	0.0196691020054	-0.0024828714014	-0.0255426200048	-0.0166822295619	0.0019159148577	-0.0002587629545	-0.0186588013910	0.0225066150338
 HG01468	-0.0107134619407	0.0192488500684	0.0177909253105	-0.0015696828062	-0.0285116711581	-0.0176055055124	0.0032710405356	0.0004847151773	-0.0123609920792	0.0311806300092
 HG01474	-0.0105931222358	0.0212328576758	0.0181523246635	0.0013790840245	-0.0165696745369	-0.0147628384418	-0.0005730524245	-0.0003429544918	-0.0104413390119	0.0127358343239
 HG01479	-0.0098218322206	0.0218563694165	0.0166212356400	0.0051322002747	-0.0291247586087	-0.0165269678782	0.0030602072009	0.0021908257749	-0.0147714025959	0.0224334563070
 HG01485	0.0041883713684	0.0046264325748	0.0179075314851	-0.0179898559062	-0.0071442324634	-0.0018589428315	0.0022750799048	-0.0017872144640	-0.0099939028233	0.0082065658254
 HG01486	-0.0109293202603	0.0115641243738	0.0266315251627	-0.0216160679660	-0.0173972839847	-0.0074234358424	-0.0004157065203	0.0002675624141	0.0001120716341	0.0075576994055
 HG01488	-0.0042100955464	0.0163669542489	0.0138541271939	0.0004577586265	-0.0145836952430	-0.0091903239124	0.0004687271644	-0.0004435327386	-0.0082743453209	0.0210122727481
 HG01489	-0.0104954063553	0.0212867423570	0.0147226786913	0.0043731607516	-0.0238997674322	-0.0140137798585	-0.0003721309807	0.0027984062569	-0.0078328941882	0.0172173618416
 HG01491	-0.0105337141967	0.0206252293382	0.0166813148729	0.0009189474246	-0.0256889905400	-0.0184154060283	0.0001934773057	0.0001341582711	-0.0052101310765	0.0227186059089
 HG01492	-0.0104097880118	0.0183182496673	0.0192996146235	-0.0037539033559	-0.0227823285565	-0.0148097119278	0.0027257367034	0.0034989865108	-0.0004856686232	0.0086886803008
 HG01494	-0.0081044140112	0.0064712699784	0.0270064469678	-0.0282241891465	-0.0061411259441	-0.0036628337401	-0.0004427048991	-0.0008778426515	-0.0111728873305	0.0079384392358
 HG01495	-0.0069702901939	0.0073428519077	0.0264741359030	-0.0242098449848	-0.0119250952837	-0.0071198788875	0.0025544753222	-0.0004384090383	-0.0009519284396	0.0117890253588
 HG01497	-0.0105286308078	0.0114545946456	0.0268704084865	-0.0227900024643	-0.0141190952398	-0.0100278972567	0.0012565144456	0.0029046244890	-0.0069818651036	0.0144787433502
 HG01498	-0.0097819254490	0.0112010892306	0.0250456164388	-0.0204430187519	-0.0179399029489	-0.0093076904502	0.0032388359555	0.0001356129653	-0.0119667995686	0.0116578351017
 HG01500	-0.0097623295491	0.0260301570218	0.0095976689186	0.0195655903795	-0.0227526719944	-0.0176537179533	0.0021688520082	-0.0010471370659	-0.0069182665976	-0.0033592428827
 HG01501	-0.0094430108114	0.0261307022774	0.0103078702185	0.0197024074357	-0.0172686964201	-0.0106481178548	0.0022220130574	0.0011792989424	-0.0070958140436	0.0112081410257
 HG01503	-0.0106365353088	0.0273338290306	0.0097457554581	0.0191413233692	-0.0207211948235	-0.0157748412974	0.0015790722187	0.0040441081210	-0.0009318714231	-0.0068384664748
 HG01504	-0.0101119234415	0.0265381871262	0.0108440063747	0.0213534431584	-0.0235760860717	-0.0206067502169	0.0006014409807	0.0030308802976	-0.0037999284077	-0.0020791988121
 HG01506	-0.0100409820912	0.0270840087449	0.0093353975658	0.0194400858084	-0.0220355067897	-0.0134710797854	0.0027517552903	0.0027632121027	0.0018821259992	-0.0098464382254
 HG01507	-0.0103100249817	0.0268282470521	0.0104998761560	0.0191073910360	-0.0215725500454	-0.0134699649785	0.0023118158513	0.0031385151089	0.0024130138532	-0.0085040167995
 HG01509	-0.0096194564623	0.0271295799267	0.0097322276888	0.0203877266567	-0.0208275827965	-0.0121023766330	0.0045816064166	-0.0005490236754	-0.0020624902258	0.0064349938099
 HG01510	-0.0103107303180	0.0270749292075	0.0102220637683	0.0183706589199	-0.0241501813571	-0.0156662209157	0.0016348442070	-0.0004723692118	0.0025338492720	0.0055892744012
 HG01512	-0.0108568732203	0.0280340448174	0.0118784594497	0.0196013163573	-0.0195075794110	-0.0134477447336	-0.0000084660566	0.0019287628562	-0.0077785760853	-0.0005080482239
 HG01513	-0.0106367958456	0.0276664342119	0.0119940544709	0.0205196458156	-0.0216549797859	-0.0126407495605	-0.0001708919640	0.0041189449561	-0.0005804499037	-0.0117165007363
 HG01515	-0.0111106524920	0.0277517379191	0.0119273658314	0.0215947301163	-0.0196547537102	-0.0126287284807	-0.0005439428372	0.0045782807127	-0.0140322808205	0.0052137740553
 HG01516	-0.0110124616913	0.0283545256727	0.0129096469634	0.0218975434633	-0.0180562268957	-0.0168534423800	0.0006328063241	0.0051642795250	-0.0041308997721	-0.0051083795629
 HG01518	-0.0108974172996	0.0281704500535	0.0128674614169	0.0214455005068	-0.0174644803473	-0.0125917691848	0.0029903008510	0.0034745436908	-0.0150482425707	0.0027323246191
 HG01519	-0.0110807576207	0.0285935744622	0.0122956913506	0.0205751140185	-0.0194458541455	-0.0129091015287	0.0005349828573	0.0049339300566	-0.0048859124261	-0.0005926835843
 HG01521	-0.0113436618658	0.0282092762275	0.0127740386527	0.0205893527912	-0.0169438779161	-0.0126956363017	0.0012528885460	0.0037081719412	-0.0067152520333	-0.0014970946049
 HG01522	-0.0113887270397	0.0274932334033	0.0125568839187	0.0215661201235	-0.0154294870892	-0.0107748907536	0.0001409435539	0.0052604314706	-0.0149828816190	-0.0063255734922
 HG01524	-0.0104013624187	0.0268611223040	0.0111003842860	0.0201550184868	-0.0222740364535	-0.0168016625188	0.0015056096362	0.0042977427908	-0.0056618168353	0.0027345144748
 HG01525	-0.0101738471979	0.0262708966632	0.0106658541115	0.0202592550154	-0.0225407386811	-0.0139741951842	0.0030856758597	0.0030673050560	-0.0000152676400	-0.0035764930275
 HG01527	-0.0094315984568	0.0265140078364	0.0094735754862	0.0183151292430	-0.0224839558307	-0.0157870788802	0.0026269416767	0.0011299176879	0.0006649606099	0.0088421147063
 HG01528	-0.0100353579439	0.0269634446732	0.0106587532041	0.0201651009715	-0.0224535426619	-0.0197500182199	0.0006072879214	0.0041006934386	-0.0098261690350	0.0005003905867
 HG01530	-0.0100571250472	0.0263454834202	0.0100866158940	0.0208524811150	-0.0179900051659	-0.0155683027953	0.0043203306170	0.0017487653688	-0.0092752039242	0.0022672597791
 HG01531	-0.0098461815338	0.0267432274449	0.0100436843435	0.0199152424433	-0.0246597089368	-0.0123132930939	0.0039215034780	-0.0009023071494	-0.0054528482861	0.0010722853042
 HG01536	-0.0101554107369	0.0269520627311	0.0118648325289	0.0203818027286	-0.0160706469591	-0.0110999186580	0.0017108830686	0.0037658543113	-0.0017817782548	-0.0266598414279
 HG01537	-0.0105129681446	0.0271592228920	0.0106945504722	0.0194667522456	-0.0199987605996	-0.0089562189101	0.0005487491169	0.0018947090732	0.0096841502641	-0.0145765224489
 HG01550	-0.0094708867298	0.0162523012919	0.0193526295495	-0.0072684034882	-0.0190840602965	-0.0119426824697	0.0021863643719	0.0001895184629	-0.0114180067921	0.0294794855080
 HG01551	0.0057995183352	0.0057049241610	0.0165091821724	-0.0137362663582	-0.0079028834841	-0.0078407943882	0.0017612192536	-0.0018765421967	-0.0096290019126	0.0152117519495
 HG01556	-0.0021971098780	0.0066565573307	0.0210390874871	-0.0210379197944	-0.0113156927960	-0.0100937335403	-0.0007861624960	0.0024304233621	-0.0027073724547	0.0112641250709
 HG01565	-0.0137756773702	-0.0017215224788	0.0408351132292	-0.0594052908028	-0.0001887833700	0.0035642254321	0.0003268806561	0.0014191890422	0.0158728846863	-0.0126815334620
 HG01566	-0.0123339835510	0.0072217806257	0.0308957326189	-0.0337503836861	-0.0061546807925	-0.0034677475761	-0.0000756800187	-0.0033170772513	-0.0090622997406	-0.0011662210479
 HG01571	-0.0137044936579	-0.0001331584397	0.0398512551368	-0.0564189437582	-0.0015443341576	0.0016003516873	0.0007208435971	0.0009015925698	0.0059397276026	-0.0129479460071
 HG01572	-0.0153174088881	-0.0116094401933	0.0553011827414	-0.0919876903265	0.0083769877472	0.0192923090309	-0.0008731190917	0.0001097303598	0.0113939868974	-0.0324681667123
 HG01577	-0.0099739372143	0.0073622697962	0.0290441715790	-0.0329572393341	-0.0096755208362	-0.0014886590688	-0.0004452472474	-0.0006458005865	0.0048142382712	-0.0062563475841
 HG01578	-0.0130759655898	0.0020217244207	0.0385358320734	-0.0509587678045	-0.0055750651375	0.0063688749857	0.0003985983859	-0.0027050466282	0.0038304322656	-0.0138395840735
 HG01583	-0.0104716599439	0.0100409211556	-0.0295824501803	-0.0121027946374	0.0001781609849	0.0002471649757	0.0026583298155	-0.0001511359351	0.0097441433151	-0.0075291853108
 HG01586	-0.0109173903158	0.0099439736615	-0.0274251831839	-0.0100891862170	0.0012230896464	-0.0013279322598	0.0005895040636	0.0021823608115	0.0087635986231	-0.0118041614300
 HG01589	-0.0109141379681	0.0107329883408	-0.0266131485603	-0.0114128735289	-0.0000546435749	0.0003592391539	0.0017133921306	0.0007282744272	0.0134657024794	-0.0174302572618
 HG01593	-0.0104230722379	0.0123815764445	-0.0267283031251	-0.0080577945519	0.0006071543118	-0.0047105809669	-0.0005494690646	0.0032627692356	0.0107131287716	-0.0215239433831
 HG01595	-0.0152249231218	-0.0332879687214	0.0031697337672	0.0166200109299	-0.0208236366068	0.0273413068593	0.0007097070992	0.0009597906034	-0.0039628689210	0.0031596701793
 HG01596	-0.0151155829890	-0.0324664018665	0.0011119713423	0.0150875746602	-0.0203515302835	0.0357405695807	0.0029952256059	-0.0004368418227	-0.0000237252934	-0.0000970242443
 HG01597	-0.0149162640506	-0.0332381871672	0.0021473628224	0.0166258392201	-0.0233695815897	0.0369255211658	0.0004142150461	-0.0012869205232	-0.0013315547852	-0.0044304413981
 HG01598	-0.0151624404624	-0.0328344904131	0.0027656169940	0.0152611615900	-0.0222426273958	0.0331395500503	0.0005615545735	-0.0024512365908	-0.0034397521099	0.0021835860922
 HG01599	-0.0149828290153	-0.0327316412473	0.0017108056952	0.0154572487187	-0.0213941546430	0.0272804636616	0.0010659262076	-0.0007287386178	-0.0008511275567	-0.0024321563248
 HG01600	-0.0151429862792	-0.0335972297201	0.0028780357199	0.0163555660350	-0.0211192234502	0.0304972252532	-0.0011691279205	0.0005960322566	0.0026793798066	0.0027694590905
 HG01602	-0.0098551301522	0.0260549141741	0.0104490513267	0.0192565169893	-0.0227842384660	-0.0113362407278	0.0010643098114	-0.0010882105234	-0.0024042557077	-0.0028268353247
 HG01603	-0.0102117564968	0.0265450516938	0.0096868328129	0.0197029269086	-0.0191514929860	-0.0122143881997	0.0017170053493	0.0023676542901	0.0075838830949	-0.0022554109601
 HG01605	-0.0105851692832	0.0269548713289	0.0103322647692	0.0199685342290	-0.0216950473444	-0.0114819260160	-0.0013849266317	0.0030694610524	-0.0037371371450	0.0006908590663
 HG01606	-0.0106704851864	0.0272918722962	0.0108752686873	0.0204405631844	-0.0163294519593	-0.0082542008138	-0.0004444664991	0.0073109543309	0.0040430501480	-0.0113339965249
 HG01607	-0.0105189926363	0.0269988898315	0.0094693872354	0.0193236589237	-0.0210769470376	-0.0119909577509	0.0036760591095	0.0032211700047	0.0029562326385	0.0015242321518
 HG01608	-0.0099373669957	0.0266866541098	0.0109465025040	0.0193288741607	-0.0227437913499	-0.0152668875081	0.0008403033561	0.0013666314527	-0.0044897372998	-0.0081489734372
 HG01610	-0.0099682913700	0.0271844238809	0.0108480993497	0.0213070852513	-0.0253702584115	-0.0154114153049	0.0013626254250	0.0021760233483	-0.0074865093239	0.0041351618375
 HG01612	-0.0096892288112	0.0268701792755	0.0102202809004	0.0210082524347	-0.0186235257730	-0.0120966488065	0.0026366722674	-0.0027395600984	0.0061947016528	0.0067485816133
 HG01613	-0.0105865093266	0.0272205529919	0.0091909034978	0.0194895270900	-0.0228127601125	-0.0177965889059	0.0006286700712	0.0022004120900	-0.0034453985769	0.0055705895748
 HG01615	-0.0103438708713	0.0270143709684	0.0088366283269	0.0201290613904	-0.0190170907264	-0.0167479620760	-0.0007709251307	0.0031140700163	-0.0135596806828	-0.0003766205876
 HG01617	-0.0103417307408	0.0261413019850	0.0101657599915	0.0198434248815	-0.0205957720967	-0.0150945887698	0.0012486291481	0.0045040729184	-0.0046232398478	0.0034415504429
 HG01618	-0.0101232107328	0.0262424895749	0.0111666597282	0.0186449342837	-0.0211436231655	-0.0154886936395	0.0028538701495	0.0002889232444	-0.0064163559430	-0.0033758208237
 HG01619	-0.0102080216143	0.0273305268681	0.0093027066740	0.0196324590761	-0.0215637251589	-0.0115564751371	0.0019330124830	0.0033029515192	-0.0117942438671	-0.0041244082535
 HG01620	-0.0101355353056	0.0265170510968	0.0110390645902	0.0199821325001	-0.0209655827197	-0.0136856666204	0.0010587838585	0.0052230335898	0.0009714576835	0.0036495711994
 HG01623	-0.0096025591121	0.0269474487358	0.0114906116784	0.0191396836328	-0.0230071359375	-0.0181184035652	0.0023283890103	0.0000624679638	0.0037392136726	0.0059982120444
 HG01624	-0.0100613135022	0.0263829819969	0.0112928057342	0.0198352880134	-0.0277388019849	-0.0187960745877	-0.0001681316316	0.0018564280458	-0.0102300059906	-0.0018082651829
 HG01625	-0.0104076435365	0.0271800020969	0.0108252281986	0.0206827823324	-0.0192477184420	-0.0151487059875	-0.0005230993660	0.0055792288390	0.0047695366243	-0.0114004201579
 HG01626	-0.0098347197994	0.0259023062344	0.0097266033292	0.0186879615364	-0.0288431412072	-0.0194986996557	0.0008887812936	0.0021635702666	0.0022134054168	-0.0029988338447
 HG01628	-0.0076922267041	0.0264200083421	0.0094024595532	0.0185027745833	-0.0299297931135	-0.0167479574760	0.0020168726822	0.0004864385684	-0.0087387161783	0.0071795555396
 HG01630	-0.0087727114804	0.0262304687680	0.0095744416833	0.0198514948998	-0.0297680238312	-0.0205419095340	0.0015383812767	0.0017202021683	-0.0037838505238	0.0011927061566
 HG01631	-0.0106825650585	0.0278231366916	0.0108160844904	0.0198362655710	-0.0264457086772	-0.0141055273800	-0.0022516651192	0.0057119308496	0.0024774850899	0.0013626752254
 HG01632	-0.0101971842569	0.0270710307084	0.0104576010017	0.0209021378880	-0.0214152412345	-0.0119414462933	-0.0004914693918	0.0024553593797	0.0091733989253	0.0131565901470
 HG01668	-0.0094403508070	0.0257785012925	0.0089064616223	0.0187028839427	-0.0201616079789	-0.0079925788946	0.0004287349727	-0.0003233875690	-0.0006196032399	0.0012105584528
 HG01669	-0.0087977003174	0.0261920031971	0.0102102416043	0.0192160430485	-0.0177546257067	-0.0109827150836	-0.0015059966246	0.0031426893278	-0.0141247164222	0.0148049162735
 HG01670	-0.0101217304796	0.0272081318980	0.0101591344523	0.0209532602711	-0.0243293663411	-0.0161761020176	0.0012967552195	0.0013190897205	-0.0079254150927	-0.0037743866972
 HG01672	-0.0103929968431	0.0272923464398	0.0103779409479	0.0181075922184	-0.0186159868066	-0.0118651595711	0.0011372376847	0.0025185974784	0.0053887740516	0.0030965753835
 HG01673	-0.0105985219848	0.0276788290897	0.0108003706788	0.0202680563967	-0.0241067074572	-0.0147866958628	0.0021330687847	0.0073901415964	0.0023858053773	-0.0152619526159
 HG01675	-0.0106568823837	0.0273131436791	0.0099983154171	0.0201046916128	-0.0203405345240	-0.0200877543131	0.0002753476120	0.0055373858932	-0.0028463050706	-0.0106682267157
 HG01676	-0.0107602794371	0.0280880898881	0.0128452728100	0.0215219313728	-0.0221699068702	-0.0135852907715	0.0014811214943	-0.0001520695365	-0.0080486573910	0.0061331112567
 HG01678	-0.0104548062235	0.0271336636986	0.0104900170417	0.0214091247093	-0.0230831389504	-0.0132986360314	0.0005955323858	-0.0000068730528	-0.0052444676517	-0.0067033245573
 HG01679	-0.0103317933475	0.0275153588524	0.0114132501702	0.0203855373961	-0.0241405926214	-0.0125769082742	0.0009415780981	-0.0014686885585	-0.0038148210240	0.0004225641660
 HG01680	-0.0102416239373	0.0272553677129	0.0117169601455	0.0194494886437	-0.0211038209297	-0.0130018652138	0.0022335679641	0.0017583082850	-0.0019833936513	0.0068026769975
 HG01682	-0.0107733712595	0.0277408785133	0.0103706081270	0.0198698480323	-0.0218692762291	-0.0150535890806	0.0015321573938	0.0026044196937	0.0020663531547	-0.0182545840760
 HG01684	-0.0108078331861	0.0274718643610	0.0114449302258	0.0202508487144	-0.0179604272952	-0.0146980125093	0.0026802717237	0.0041342026911	-0.0067399678268	0.0045895328919
 HG01685	-0.0096794024311	0.0264092495527	0.0103852259001	0.0190167255549	-0.0197343378998	-0.0122810178580	0.0013000923644	0.0002266939377	-0.0042810546274	0.0109319848291
 HG01686	-0.0101132280794	0.0269824678649	0.0101263650880	0.0187656988501	-0.0164988469576	-0.0108708088380	0.0007338313193	-0.0006121555605	0.0015489333874	-0.0178603442987
 HG01694	-0.0081770376927	0.0261659224090	0.0097972755273	0.0189204004704	-0.0250960238845	-0.0172798497060	0.0028355994523	0.0007586215594	-0.0043797755718	0.0105410755801
 HG01695	-0.0085585379418	0.0255541995571	0.0101266072558	0.0195738580437	-0.0276859857597	-0.0173866344916	-0.0000871814067	0.0018610637279	-0.0077328149907	-0.0038599459997
 HG01697	-0.0098688844310	0.0260000609718	0.0093568232245	0.0171330535848	-0.0218821305335	-0.0181982234493	0.0031641105864	0.0017205032200	-0.0089161707863	0.0018800069173
 HG01699	-0.0100060423393	0.0269912376413	0.0094644897893	0.0200280531335	-0.0257941251512	-0.0167138408524	0.0030340719066	0.0067175879069	0.0006105422894	0.0072856193493
 HG01700	-0.0112226598126	0.0276964642299	0.0124550741898	0.0200984588415	-0.0213070875040	-0.0135473687382	0.0030901373567	0.0038237540671	-0.0158917653906	0.0048305584971
 HG01702	-0.0112991645362	0.0284617452347	0.0130324528148	0.0212682193835	-0.0229452077971	-0.0183168092761	-0.0000845001944	0.0050576221418	-0.0117334949782	-0.0057670931209
 HG01704	-0.0093854256707	0.0262285905393	0.0090774292819	0.0186331126484	-0.0219260427189	-0.0135177575191	0.0019498001946	-0.0010303266230	-0.0106332414175	-0.0015425130422
 HG01705	-0.0096351173341	0.0266937318632	0.0113548874738	0.0214356759720	-0.0223795420249	-0.0152638241065	0.0011893393424	0.0005800020258	-0.0051317551627	0.0039808183528
 HG01707	-0.0098329001750	0.0266410330380	0.0107142242466	0.0200915034715	-0.0163659914738	-0.0109183247081	-0.0002596272374	0.0016078976853	-0.0074060032452	0.0120220857217
 HG01708	-0.0102583914338	0.0259399948901	0.0095019171708	0.0190034698878	-0.0196611322972	-0.0080971674970	0.0003632062377	0.0003035479487	-0.0119891243312	0.0103300778042
 HG01709	-0.0099019887025	0.0268638544742	0.0101514138042	0.0192286189265	-0.0199913457899	-0.0124593309597	0.0015130974633	0.0022347560191	-0.0027707648702	0.0022749680450
 HG01710	-0.0098855023152	0.0270110562765	0.0081890082371	0.0203098598451	-0.0191608781957	-0.0099401358678	0.0019688261579	-0.0007429972183	-0.0050680451672	-0.0044209732913
 HG01746	-0.0106458938780	0.0272797285494	0.0110764033085	0.0211683940195	-0.0233715557179	-0.0148619144256	0.0022397870351	0.0021007909455	-0.0086652253958	-0.0010034492679
 HG01747	-0.0104746570381	0.0274460095739	0.0101644491249	0.0183595145512	-0.0236275523437	-0.0173730551446	-0.0009127073912	0.0023366042563	0.0005074812600	-0.0064029484570
 HG01756	-0.0101754616127	0.0262756682167	0.0104986880577	0.0209586513407	-0.0250284041537	-0.0165757551602	0.0029286028031	0.0039542642232	-0.0002903017596	-0.0078204389296
 HG01757	-0.0100678154059	0.0260161051717	0.0079657915744	0.0191715479420	-0.0201732056379	-0.0153702809298	0.0002381944476	0.0004482092753	0.0077617231941	0.0057499433033
 HG01761	-0.0102565971522	0.0280023072467	0.0108892156596	0.0205192456118	-0.0231362143895	-0.0150025166254	0.0004583646287	0.0053428643579	-0.0032034545491	0.0047129668326
 HG01762	-0.0105261204616	0.0280595827062	0.0100160308517	0.0207536439067	-0.0146121921296	-0.0099488335941	0.0001431892635	0.0026916183277	0.0046016866399	-0.0245985676355
 HG01765	-0.0100986847336	0.0272661081110	0.0097735852654	0.0185873494018	-0.0225043233083	-0.0148243241374	0.0010794338266	0.0008692639298	-0.0041182994769	0.0134397833556
 HG01766	-0.0096984199313	0.0266928452172	0.0098442734913	0.0189347277107	-0.0204856307616	-0.0173714489504	0.0017127017294	0.0048918628792	0.0100585644558	-0.0143938346056
 HG01767	-0.0099182124842	0.0270173431327	0.0105645406503	0.0197337924789	-0.0250032476122	-0.0145852125235	0.0001193858614	0.0017687067561	-0.0129898298848	0.0049062439923
 HG01768	-0.0097562692346	0.0269277898905	0.0104773347558	0.0212059891240	-0.0229516838236	-0.0188348570745	0.0007562830152	0.0031044903738	-0.0084395428417	-0.0014118139930
 HG01770	-0.0102765095227	0.0269798010781	0.0119927550584	0.0196495837312	-0.0224010424134	-0.0147221709848	0.0007749821228	0.0009702092206	-0.0002449457993	0.0043825255270
 HG01771	-0.0107854937919	0.0280160596643	0.0116898545390	0.0199347452849	-0.0198774023476	-0.0152531869125	0.0004799768393	0.0018263176717	0.0000042526706	0.0028968769239
 HG01773	-0.0104201867469	0.0277614124347	0.0103923913601	0.0210178807592	-0.0220481728688	-0.0151067689053	0.0010655367819	0.0058292834970	-0.0002756176528	0.0012224338384
 HG01775	-0.0107475222815	0.0283195146424	0.0115735690407	0.0210184645830	-0.0181353799756	-0.0138436162454	0.0011806737211	0.0054673457701	-0.0034149962584	-0.0094654694647
 HG01776	-0.0110201432025	0.0266570078376	0.0099467709510	0.0182740917111	-0.0213642870662	-0.0133443345294	0.0039736335151	0.0065620543943	-0.0011351955887	-0.0076224806348
 HG01777	-0.0107192981117	0.0272338108703	0.0114143601527	0.0201961002091	-0.0189213971144	-0.0124708574175	0.0031509995560	0.0024467099866	-0.0009429279475	-0.0035673028172
 HG01779	-0.0107097862177	0.0275169320568	0.0109335963154	0.0216099199697	-0.0186030451493	-0.0119973108235	0.0018986065193	0.0000773404065	0.0029386876272	-0.0083389394835
 HG01781	-0.0103541107382	0.0274324397841	0.0105202714450	0.0196799385184	-0.0216209000208	-0.0173222670997	0.0019570144254	0.0024359534194	0.0027945352776	0.0038349651525
 HG01783	-0.0098053632465	0.0269105487098	0.0102632178416	0.0193865151377	-0.0218703153289	-0.0125507495751	0.0013863387179	0.0031231302026	-0.0013590529341	0.0073201116268
 HG01784	-0.0103212115678	0.0268634839779	0.0109596080648	0.0204676002878	-0.0227833293472	-0.0159536972424	0.0018878438444	0.0019415668308	0.0023116079376	-0.0014728844300
 HG01785	-0.0108552509245	0.0278570041954	0.0107256561527	0.0206529817531	-0.0143300745913	-0.0086893224065	0.0019687874972	0.0032260522546	0.0025109599176	-0.0008289928469
 HG01786	-0.0108170409816	0.0276273661191	0.0107573480831	0.0198714048221	-0.0183935310638	-0.0138547382544	-0.0004547204373	0.0026782621290	-0.0035489329865	-0.0019448753718
 HG01789	-0.0115503651015	0.0273167386909	0.0121135206497	0.0191375797356	0.0026870462624	0.0038035658561	0.0004853250983	0.0025012581864	0.0087663369423	-0.0385027762144
 HG01790	-0.0115418891474	0.0271751084273	0.0099131634540	0.0175624446598	0.0063036765001	0.0066587807693	-0.0004052558674	0.0029818334635	0.0109870057508	-0.0310298013389
 HG01791	-0.0113394366086	0.0274809322959	0.0099360191197	0.0182597064495	0.0071836841270	0.0026588315852	0.0003021916249	0.0026479641571	0.0294474699697	-0.0585027986304
 HG01794	-0.0153086631652	-0.0344714609060	0.0028470351235	0.0184782296493	-0.0263878247002	0.0444832928676	0.0023248160711	-0.0017497561037	-0.0013084215315	0.0025666212562
 HG01795	-0.0149131822939	-0.0334996349069	0.0020512202036	0.0168561499637	-0.0269585328479	0.0378420363610	0.0019760875650	-0.0002055642869	-0.0062087038737	0.0051274129705
 HG01796	-0.0152808115308	-0.0337481361842	0.0028997994949	0.0163663521825	-0.0289722075032	0.0429112788157	0.0030409635488	-0.0026968662900	0.0042467121264	0.0154872108795
 HG01797	-0.0150257003548	-0.0336066871601	0.0024656854357	0.0164223130234	-0.0324784114239	0.0474901468265	0.0015411619992	-0.0012056338789	-0.0094682694190	0.0039444343193
 HG01798	-0.0154454049267	-0.0332390774273	0.0050729373084	0.0141801228474	-0.0048310050376	0.0021931199559	-0.0010075670615	0.0021661296588	0.0028234443443	-0.0022066484432
 HG01799	-0.0154430756357	-0.0346069311685	0.0032831770166	0.0170562510748	-0.0287411020859	0.0425998020061	0.0004904631343	0.0015925016911	0.0015145547887	0.0056908754860
 HG01800	-0.0151053082077	-0.0337160854805	0.0039375645786	0.0177490453313	-0.0254205263103	0.0376217654765	0.0030880708511	0.0020900074412	-0.0026219761836	0.0061383442890
 HG01801	-0.0149676302449	-0.0335001763527	0.0022712369204	0.0170251209657	-0.0268708523384	0.0442508530880	0.0022433886737	-0.0019970794935	-0.0039718089571	0.0010319458904
 HG01802	-0.0149933817097	-0.0336415584013	0.0029661068586	0.0159579965532	-0.0240947862866	0.0354155869331	0.0023411626184	0.0000681568108	-0.0019824954768	-0.0003266920392
 HG01804	-0.0150954952442	-0.0335029155520	0.0028332981954	0.0164518846021	-0.0282812738477	0.0428108495918	0.0014542124421	-0.0006015752543	0.0001020172147	0.0048567771914
 HG01805	-0.0151894192165	-0.0335051347370	0.0027624115462	0.0177327795593	-0.0274436199343	0.0405861096237	0.0027521280441	-0.0026622188155	-0.0040627034184	-0.0022305816366
 HG01806	-0.0149747857002	-0.0338007425498	0.0033345214721	0.0178535686707	-0.0306482021312	0.0466825282641	0.0031272221748	0.0017293672097	0.0001299443994	0.0039350305647
 HG01807	-0.0149983321219	-0.0334874208091	0.0025032736817	0.0174192344310	-0.0276435830413	0.0426619160948	0.0001548866745	-0.0017183238754	-0.0070592402893	0.0106654951342
 HG01808	-0.0153808814047	-0.0334929207080	0.0029789172113	0.0178098429093	-0.0256261525239	0.0367953079792	-0.0005729847015	-0.0030514239524	-0.0060318701731	0.0014304871897
 HG01809	-0.0152268480688	-0.0335899804379	0.0025282671872	0.0183384406665	-0.0291942247137	0.0455199848210	0.0014503807332	-0.0027376062866	-0.0029826934927	0.0041428008158
 HG01810	-0.0151501095768	-0.0334007224250	0.0024150066318	0.0164173992085	-0.0277875507183	0.0457104603342	0.0036880367979	-0.0006328217104	-0.0074870766687	0.0074003153174
 HG01811	-0.0152453583372	-0.0338705751129	0.0034137797377	0.0183214902672	-0.0333010144774	0.0474261191722	0.0038585565655	0.0004343368187	-0.0004214211310	0.0060026314452
 HG01812	-0.0152701378549	-0.0338941160695	0.0034838748775	0.0159957651528	-0.0299652690372	0.0424794765226	0.0012102164691	0.0016956209541	-0.0066609923029	0.0016515383937
 HG01813	-0.0150155763484	-0.0339698575698	0.0025959727332	0.0172778581470	-0.0251550400857	0.0385121321203	-0.0004828892214	0.0007440594224	-0.0011912845185	0.0000939339565
 HG01815	-0.0149772257942	-0.0335216164739	0.0024698900031	0.0157302750466	-0.0279117468000	0.0435886802818	0.0001865008172	-0.0041750385468	-0.0062288333902	0.0063948867992
 HG01816	-0.0150614790025	-0.0338985163004	0.0034031684816	0.0183974540925	-0.0303522441150	0.0443776857156	0.0033766100427	-0.0028673739614	0.0030081989952	-0.0038024751696
 HG01817	-0.0148389205743	-0.0334651610365	0.0023710629704	0.0179617358933	-0.0283373696243	0.0445002370624	0.0004312779708	-0.0015972430643	-0.0078175890319	0.0038387346989
 HG01840	-0.0151457912287	-0.0329301481962	0.0015977634332	0.0164260063731	-0.0197389513391	0.0294545701790	0.0016135484498	-0.0015895878869	-0.0048096194887	0.0002586737783
 HG01841	-0.0150749932525	-0.0325986228677	0.0025912149087	0.0164569153991	-0.0268858658942	0.0346922775642	0.0018336737029	-0.0023494494397	0.0019240189679	-0.0026938758760
 HG01842	-0.0151272664965	-0.0326103292756	0.0018449249102	0.0177239665192	-0.0219607744501	0.0318589227686	0.0024460989019	-0.0009986601087	-0.0004279682212	0.0010353888459
 HG01843	-0.0151016334100	-0.0324745129107	0.0010767354883	0.0157708157044	-0.0238282674899	0.0316795475021	0.0023087395838	-0.0019355070259	-0.0038115599764	-0.0041314689534
 HG01844	-0.0149857742062	-0.0322647408493	0.0022449839240	0.0147851761637	-0.0224522374513	0.0340127595085	0.0025461147788	-0.0013069138693	-0.0031778742684	0.0010083693271
 HG01845	-0.0150664688120	-0.0324593345848	0.0026944745877	0.0158396802989	-0.0197207269966	0.0315870483583	0.0010428792450	0.0025857183889	0.0015766785810	0.0043397198452
 HG01846	-0.0149219939088	-0.0323907638670	0.0011825893305	0.0167282301230	-0.0202563258765	0.0293265909647	0.0014811742013	-0.0002801035804	-0.0045338939798	-0.0021875592556
 HG01847	-0.0149665814285	-0.0322117241882	0.0014454990060	0.0155970905576	-0.0231623979748	0.0372659148639	0.0026641962356	0.0000384127091	-0.0001248034024	0.0003218566761
 HG01848	-0.0151215048013	-0.0332899316807	0.0016954572528	0.0152333044658	-0.0198900921106	0.0350550530793	0.0021486197662	0.0018375119549	-0.0022262666887	-0.0016121864795
 HG01849	-0.0152463194476	-0.0323475932853	0.0012248714271	0.0164134512776	-0.0229485930687	0.0326116777606	0.0038587820505	-0.0008780743340	-0.0035931281387	0.0028792011138
 HG01850	-0.0148245797021	-0.0327745137955	0.0038627155408	0.0146635928646	-0.0212118072829	0.0336083714033	-0.0006874717591	0.0007485029661	-0.0023607318133	-0.0004782462558
 HG01851	-0.0151134511930	-0.0334891705228	0.0032276590848	0.0156876078410	-0.0253526143058	0.0352536699669	0.0019340742640	0.0001138517837	0.0048599358420	0.0090972274351
 HG01852	-0.0152835231014	-0.0329158610727	0.0015757832040	0.0156016582592	-0.0205056189386	0.0337595984637	0.0042740330333	0.0016643071727	0.0019190777181	0.0015526742162
 HG01853	-0.0149308544952	-0.0329144010266	0.0014983856803	0.0157934548246	-0.0214821439794	0.0334377256502	-0.0002024347950	-0.0005731232415	-0.0013519984109	0.0077229843105
 HG01855	-0.0148149388935	-0.0322916667862	0.0014901952379	0.0163305468874	-0.0206281605661	0.0317146744742	-0.0008278592834	-0.0010545519926	0.0014805403707	0.0003855820255
 HG01857	-0.0152224269371	-0.0329738527173	0.0026030823088	0.0158723294669	-0.0175075579956	0.0322338894795	-0.0013847447126	-0.0002515252847	-0.0002506234205	0.0105080389282
 HG01858	-0.0151991914260	-0.0336389285341	0.0026736626292	0.0158670714520	-0.0207517274719	0.0345562956147	0.0010398359077	-0.0024318747366	-0.0007336911312	-0.0027037068997
 HG01859	-0.0151467499795	-0.0333257009943	0.0038037082819	0.0167079361426	-0.0230876392116	0.0347662109919	0.0029798940986	-0.0009147253774	0.0001374084812	-0.0029871162359
 HG01860	-0.0150484893751	-0.0332476381048	0.0027119217091	0.0154770637701	-0.0259188738375	0.0369852877016	0.0018004306529	-0.0010228978863	-0.0004063722934	0.0017527165532
 HG01861	-0.0152056729926	-0.0326922439966	0.0005463594264	0.0152526374258	-0.0209975720222	0.0316460143825	0.0010703823769	-0.0002827601916	-0.0007257565403	-0.0033450571151
 HG01862	-0.0151696431917	-0.0331108381606	0.0019489623034	0.0159062753847	-0.0184068002916	0.0303168424322	0.0003060722788	-0.0001113151190	-0.0038105043950	-0.0023809508355
 HG01863	-0.0152473134037	-0.0334372573312	0.0022370873521	0.0156618232618	-0.0177288878840	0.0310584969881	0.0021041903199	0.0011599417488	-0.0039087059131	0.0033694207672
 HG01864	-0.0148450640740	-0.0331774988607	0.0020065299222	0.0162284522261	-0.0201463144467	0.0296408305027	0.0015797845972	-0.0010763431081	-0.0054686268730	-0.0006440087703
 HG01865	-0.0152178551652	-0.0329386938829	0.0024569771136	0.0167084436852	-0.0187454668334	0.0338359376823	0.0006035301421	-0.0034351940431	-0.0013997762883	0.0037956591719
 HG01866	-0.0150763560442	-0.0320953650476	0.0013165439233	0.0147324655419	-0.0234886773325	0.0336999323830	0.0020989899682	-0.0001762144221	0.0002509300840	-0.0001333832614
 HG01867	-0.0149479234657	-0.0323614872029	0.0019784992796	0.0154616523956	-0.0228947668066	0.0284295393769	0.0020539309098	-0.0003245700408	-0.0016750391191	0.0041489047126
 HG01868	-0.0153969559585	-0.0330239543052	0.0022346004214	0.0164477196458	-0.0259477357260	0.0374756530410	0.0009143554971	0.0009843413307	-0.0013311373508	-0.0020292355158
 HG01869	-0.0151012727009	-0.0333722203288	0.0027605849965	0.0166606695305	-0.0214210311785	0.0365424949198	0.0020955822163	-0.0003611877766	-0.0062284711417	0.0025206805000
 HG01870	-0.0150859819234	-0.0334754746633	0.0034174451038	0.0161416397057	-0.0215713276224	0.0345304694884	-0.0018102859645	-0.0006906264022	0.0046901463148	0.0071728347180
 HG01871	-0.0149729846375	-0.0328341012847	0.0011578634119	0.0155114287204	-0.0231902139108	0.0335466213328	0.0018188534478	-0.0016950253363	-0.0084257538156	-0.0019599091590
 HG01872	-0.0152422399039	-0.0325982824659	0.0029027499878	0.0131733555930	-0.0159341949463	0.0236263939018	-0.0013933340644	-0.0013528317278	0.0015378782155	-0.0004017487099
 HG01873	-0.0150692711164	-0.0326006394675	0.0026566815796	0.0166249995451	-0.0195940483997	0.0269634133261	0.0030370821888	0.0013272893305	-0.0018520379832	0.0053009782880
 HG01874	-0.0151219149501	-0.0327982541983	0.0027011011110	0.0146703776759	-0.0210365952862	0.0316352110323	0.0012111212651	-0.0016865563269	0.0018787745616	0.0047154921381
 HG01878	-0.0151706838296	-0.0323282748370	0.0019335331671	0.0154895007649	-0.0207761047753	0.0320419658607	0.0016036622589	0.0010407266345	0.0004489457671	0.0054624454101
 HG01879	0.0273959112534	0.0003273967996	0.0015513706138	0.0026415562437	0.0035048204816	0.0004426512971	-0.0038802884718	0.0141809538848	0.0103753976422	-0.0076269735075
 HG01880	0.0140484842255	-0.0013701170303	-0.0131919720133	-0.0049222477481	0.0006948461318	0.0031913218874	-0.0035002159585	0.0151784766994	-0.0136611405785	-0.0028521107495
 HG01882	0.0337854326820	-0.0029218330459	0.0007820409801	0.0013781926072	0.0025758797917	0.0026295197578	-0.0104611984189	0.0183718216300	0.0008621347545	-0.0092839859189
 HG01883	0.0288256565008	0.0002624339988	0.0013706196210	0.0023226041520	0.0030939606449	0.0026570931239	-0.0020161684226	0.0249267439094	0.0026589471505	-0.0117032571608
 HG01885	0.0324395641150	-0.0019927962123	0.0008306750408	0.0011360927662	0.0008429878938	0.0011718028898	-0.0029126773259	0.0169898362002	-0.0003746607756	-0.0035335118859
 HG01886	0.0296944637066	-0.0004599104781	0.0013860151734	0.0009363827412	0.0030383492210	0.0010334854134	-0.0037062553590	0.0165528815261	0.0042622983640	-0.0097704155121
 HG01889	0.0338647962441	-0.0030874380115	0.0007779266831	0.0001944464994	0.0004829987673	0.0026834924726	-0.0064976978563	0.0162009641249	0.0014869442287	-0.0010118070963
 HG01890	0.0292230888380	-0.0001443658589	0.0021259743769	0.0020563341035	-0.0003301257188	0.0013192406028	-0.0053999421100	0.0230554704377	0.0046034195405	-0.0049219201650
 HG01892	-0.0109703224869	-0.0045295021471	0.0420237472242	-0.0658191770512	0.0020360046562	0.0078035468583	-0.0026727777109	-0.0012702265589	0.0042732903091	-0.0068735837574
 HG01893	-0.0079135372700	0.0002200483226	0.0343727776945	-0.0482599941763	-0.0075451351775	0.0033532647012	-0.0033838071492	-0.0015447787688	0.0063102652408	-0.0114807487851
 HG01894	0.0316286837654	-0.0015814631714	0.0008026500995	0.0032662098089	0.0029719479551	0.0015054066311	-0.0035787077717	0.0191180553523	0.0023866919345	-0.0088496303471
 HG01896	0.0339181779732	-0.0035574664055	0.0003169388030	0.0003424945759	0.0040037701263	0.0009654778935	-0.0063766673147	0.0216467999647	-0.0051511331594	-0.0105828716134
 HG01912	0.0309297488852	-0.0006749194746	0.0009926961415	0.0019205181707	0.0032392641004	0.0047333281758	-0.0069983671912	0.0165326920106	0.0044694524165	-0.0116620425328
 HG01914	0.0280441660492	0.0009230768644	0.0020479125933	0.0023230932459	-0.0010818194287	0.0047399865259	-0.0065174595373	0.0163192897737	-0.0000171409540	-0.0143129743467
 HG01915	0.0316771614340	-0.0016621979893	0.0002866147046	0.0011190690246	-0.0007096845889	0.0016039307752	0.0010039123632	0.0201352435290	0.0006717114704	0.0022827494455
 HG01917	-0.0142269608092	-0.0081752400565	0.0497415103863	-0.0809821752120	0.0073563633597	0.0139723623360	0.0010272826371	-0.0006940168423	0.0176638038256	-0.0328506467756
 HG01918	-0.0143529410949	-0.0045235817617	0.0452294684545	-0.0704794395166	0.0001673420296	0.0072145210608	0.0010457035280	-0.0021061375328	0.0027275965453	-0.0128228762290
 HG01920	-0.0156485219735	-0.0126731446152	0.0556563724731	-0.0955090756142	0.0102351254496	0.0196598550244	-0.0011182253694	-0.0024524454024	0.0122787965160	-0.0323967036994
 HG01921	-0.0142903312937	-0.0044677196317	0.0447877357883	-0.0677858870907	0.0011027505385	0.0044376432063	-0.0000590652366	0.0019279569700	0.0057775111251	-0.0115281177704
 HG01923	-0.0152549759435	-0.0119165236729	0.0543922101764	-0.0887644656297	0.0069259067209	0.0157769549613	-0.0021512856950	0.0006980103514	0.0141857689823	-0.0256230253016
 HG01924	-0.0090703767552	-0.0080773970552	0.0386731404846	-0.0611400229165	0.0040076002077	0.0103835211853	-0.0018617311831	0.0030386323956	0.0080191486049	-0.0157034088637
 HG01926	-0.0159828850913	-0.0140698961665	0.0566607056199	-0.0955290220880	0.0104738314981	0.0183797700531	-0.0021708227972	-0.0027053320125	0.0117406349975	-0.0251789578889
 HG01927	-0.0155219470888	-0.0112041314528	0.0532637384167	-0.0888476185599	0.0089942183991	0.0180641016869	-0.0031882191068	-0.0000482927452	0.0148884622082	-0.0231727843728
 HG01932	-0.0144935924507	-0.0049389037784	0.0473793515312	-0.0758180736789	0.0001819102686	0.0106031136810	-0.0020223563697	0.0009046929524	0.0080450288548	-0.0154300679960
 HG01933	-0.0097098020047	-0.0047449562023	0.0377623981482	-0.0542780070271	-0.0004038536694	0.0079024738858	-0.0000894542540	0.0006204197828	0.0054318793040	0.0005898050591
 HG01935	-0.0139451978363	-0.0032772182902	0.0443327523372	-0.0675890070094	-0.0007374876914	0.0113128344955	0.0012199129183	-0.0029510128767	0.0082236002768	-0.0234890548836
 HG01936	-0.0123627808589	-0.0011477922158	0.0391371720795	-0.0568087333033	0.0001767385195	0.0058123656782	-0.0023424284525	-0.0007788824572	0.0089684544620	-0.0226187356740
 HG01938	-0.0155466527865	-0.0137111635789	0.0559670110973	-0.0954056787442	0.0117054900769	0.0147720108083	-0.0004341892927	-0.0014871922020	0.0067911448824	-0.0265707053765
 HG01939	-0.0139745150388	-0.0043755043080	0.0461096137112	-0.0706349465005	0.0045728847301	0.0135235080310	-0.0010921990660	0.0014848365676	0.0030274811745	-0.0219375345183
 HG01941	-0.0118477345389	-0.0085439380182	0.0458625936106	-0.0745516444586	0.0056979590710	0.0075814458687	-0.0000760633286	-0.0011814001141	0.0023328400492	-0.0112512473398
 HG01942	-0.0144796423507	-0.0073647017171	0.0478683128148	-0.0786876813152	0.0034598949603	0.0070540545272	0.0000992726646	-0.0016926445440	0.0073692870075	-0.0193623724192
 HG01944	-0.0145335628798	-0.0179291459698	0.0310950653649	-0.0415893013455	0.0003549334116	0.0064904163373	-0.0011286062130	-0.0002030110369	0.0086316853068	-0.0152819024859
 HG01945	-0.0144461574406	-0.0054826633783	0.0464855807138	-0.0715555467554	0.0036849658313	0.0089973741350	-0.0002900442916	-0.0007953583799	0.0110470514891	-0.0221825942806
 HG01947	-0.0124150734074	0.0002875421957	0.0367041005537	-0.0503709688707	-0.0043498832649	-0.0022496542255	0.0013120170678	0.0024147810932	-0.0035623561314	-0.0012624860326
 HG01948	-0.0061271076751	-0.0085381918505	0.0369214603255	-0.0599283759835	-0.0007074869103	0.0105847410386	-0.0010345158429	0.0031447181434	0.0112571318423	-0.0114925366845
 HG01950	-0.0123612322678	-0.0097658074840	0.0484735368697	-0.0791787006321	0.0042921839360	0.0087833779668	0.0012252988594	0.0011291040686	-0.0023277202919	-0.0091821713721
 HG01951	-0.0145109753681	-0.0133290419758	0.0521718755859	-0.0927013218744	0.0069805516472	0.0125570771670	-0.0022943225768	0.0003887402582	0.0000838705945	-0.0122883022113
 HG01953	-0.0144561972355	-0.0094574941007	0.0501869954254	-0.0836483552068	0.0043990564550	0.0117980714659	-0.0024290292660	-0.0013533719341	0.0030649276506	-0.0236625120228
 HG01954	-0.0150829372624	-0.0107333108253	0.0510159418296	-0.0844318248259	0.0060873092927	0.0147805202193	-0.0019416437844	-0.0024503188392	0.0133382255487	-0.0224492571843
 HG01956	0.0320149775332	-0.0008260365388	0.0021609053689	0.0020468111086	0.0019530106954	0.0005817787239	-0.0114575600773	0.0188233750605	0.0003698129619	-0.0052075727289
 HG01958	0.0285283489179	-0.0000988984658	0.0021833157098	0.0018932822520	-0.0008260430036	0.0064229426367	-0.0029193576166	0.0212142348943	0.0022184781756	-0.0101663914537
 HG01961	-0.0159030490187	-0.0138937359914	0.0552881379335	-0.0949342516346	0.0108804423648	0.0162219233366	-0.0012894420560	-0.0011460386803	0.0134873029838	-0.0202981779266
 HG01965	-0.0096257377604	-0.0004802944124	0.0353732411706	-0.0502577048333	-0.0028360660060	0.0024630926391	-0.0016733787890	-0.0012293260922	0.0069758882076	-0.0024890860409
 HG01967	-0.0132151210232	0.0003812003799	0.0390507274617	-0.0541834129624	-0.0034313994716	0.0062093585186	-0.0013918479631	0.0008920749177	0.0137392428747	-0.0090384612470
 HG01968	-0.0156486253011	-0.0128434855586	0.0537081858689	-0.0892664061077	0.0095999745570	0.0110480984812	-0.0015827429798	-0.0025190093022	0.0113466494050	-0.0224114279001
 HG01970	-0.0138230534763	-0.0003776349438	0.0399080073236	-0.0563457659435	-0.0001041809041	0.0043752755710	-0.0002952636261	-0.0012805001862	0.0120292726400	-0.0192632550741
 HG01971	-0.0060024791693	-0.0015461442720	0.0349014257528	-0.0483583113958	0.0025902449767	0.0028192578567	0.0024637383300	0.0039648152049	0.0010583902369	-0.0102035497847
 HG01973	-0.0133623283881	-0.0073118398207	0.0474378813651	-0.0753047571345	0.0063102984475	0.0129954575549	-0.0016812223206	-0.0016975613748	0.0098793593821	-0.0254412892106
 HG01974	-0.0151716921229	-0.0128955846696	0.0538460440809	-0.0900504589194	0.0048994206740	0.0123491182720	-0.0012015511086	0.0011374370737	0.0054116828757	-0.0090800318225
 HG01976	-0.0135450172221	-0.0009457819125	0.0414356836092	-0.0602052364069	-0.0005694776292	0.0096095142338	-0.0007707012130	-0.0022606164570	0.0089039665715	-0.0139938908797
 HG01977	-0.0142869775419	-0.0057166231897	0.0477033272954	-0.0741594237421	-0.0004098483845	0.0086381822334	0.0000294386094	-0.0000257154950	0.0092688162240	-0.0129400845262
 HG01979	-0.0136149184801	-0.0022046960050	0.0409570128245	-0.0627936626128	-0.0010718042384	0.0093088600286	-0.0011833275510	-0.0031494566492	0.0112097744538	-0.0216796515592
 HG01980	-0.0129673418118	-0.0036704745178	0.0424628545096	-0.0666563972778	-0.0006578412126	0.0064179876599	-0.0005543331858	-0.0009017796718	0.0042150855326	-0.0146061484565
 HG01982	-0.0144992565770	-0.0053543810163	0.0453428793937	-0.0691736113940	0.0034888134917	0.0078645052674	-0.0003980464101	-0.0004920814701	0.0097665280444	-0.0277951205789
 HG01985	0.0316815399354	-0.0014035057828	0.0015431343887	0.0013441389807	0.0023977647051	-0.0014044483889	0.0004029194956	0.0164262554427	-0.0017655974232	0.0018838789116
 HG01986	0.0293589867732	0.0004415927794	0.0030513376856	0.0032263105559	0.0005662761208	0.0015733092537	-0.0059800469449	0.0255084524140	0.0055365603937	-0.0114430316297
 HG01988	0.0148129590367	0.0106102851720	0.0046956012323	0.0071580834551	0.0048453060914	0.0030240519115	0.0004942901740	0.0100094352653	0.0083484015240	-0.0190983835770
 HG01989	0.0279184826684	0.0006868349099	0.0027650346467	0.0025379953051	0.0043775806686	0.0001911026397	-0.0057746720671	0.0235089075649	0.0002732142294	-0.0020190929025
 HG01990	0.0317617081773	-0.0016571437247	0.0014434179260	0.0024889822426	-0.0004893987568	0.0011324762394	0.0013635844370	0.0177674952996	-0.0060864805228	0.0027179374839
 HG01991	-0.0135608897707	-0.0043966050327	0.0444756375318	-0.0670657799619	0.0002412108502	0.0112403999080	0.0005722806474	0.0033303930881	0.0088487669598	-0.0259566719188
 HG01992	-0.0153902221411	-0.0104602874644	0.0508382494300	-0.0860854123220	0.0094605376867	0.0132546155952	-0.0016505489914	-0.0020427316474	0.0146209361957	-0.0212016464703
 HG01997	-0.0148641731158	-0.0092279006292	0.0496769921611	-0.0831999009557	0.0083710780162	0.0123879122631	-0.0019358200745	-0.0002815399130	0.0088850803602	-0.0162546088673
 HG02002	-0.0142573333142	-0.0051491171217	0.0453579227535	-0.0703239794622	0.0024363408652	0.0115747854004	-0.0003792470086	-0.0017735110622	0.0044593616193	-0.0156299561678
 HG02003	-0.0144019691030	-0.0069758178011	0.0486057686148	-0.0751022122536	0.0017256100081	0.0129909874256	-0.0014250507721	-0.0010942361935	0.0101818739600	-0.0250371966920
 HG02006	0.0057744788138	0.0024187851281	0.0209484353056	-0.0253790977942	-0.0061674778183	0.0002348007009	-0.0037775162106	0.0039267422543	0.0005209628709	-0.0102835562506
 HG02008	-0.0144662595017	-0.0079654404743	0.0478887252627	-0.0762808033692	0.0050434440497	0.0127680069025	0.0009681965473	0.0012015548698	-0.0002125927531	-0.0010725726338
 HG02009	0.0282130794758	0.0008330699591	0.0021807066905	0.0031653765110	0.0016443019785	0.0009576822311	-0.0042371909547	0.0227540553634	0.0098978008002	-0.0067439042868
 HG02010	0.0279846771498	0.0012090668321	0.0020326725699	0.0033932185479	0.0037648091097	0.0026458400867	-0.0033938190990	0.0186643901245	0.0023449103358	-0.0016266947108
 HG02012	0.0318008968932	-0.0015566090167	0.0013166739135	0.0024302145184	0.0045068512358	0.0020998205224	-0.0004216649986	0.0178034195459	-0.0008140128679	-0.0089283260434
 HG02013	0.0336108217729	-0.0030036325590	0.0001228600188	0.0007764989286	0.0039467122905	0.0043960815014	-0.0073615486398	0.0218737305914	-0.0016965054713	-0.0063091391993
 HG02014	0.0298645937525	0.0001625702512	0.0011055787704	0.0029915022191	0.0005525925720	0.0036016426592	-0.0013689555680	0.0153800243818	-0.0047103621714	-0.0062592902945
 HG02016	-0.0145316157454	-0.0294531253483	-0.0018445244615	0.0121625509736	-0.0214986422709	0.0334034194158	0.0018108109923	-0.0037245316614	-0.0072954719733	0.0019790592854
 HG02017	-0.0149752692005	-0.0318462589068	0.0021360634941	0.0155363002136	-0.0212564210701	0.0334095570734	-0.0000900217989	-0.0023501077136	0.0015277113876	-0.0000887337128
 HG02019	-0.0151487424071	-0.0325792108233	0.0027743508961	0.0160104119090	-0.0200438811888	0.0310887599099	-0.0008660284364	-0.0012917780990	0.0002044052390	-0.0007514642838
 HG02020	-0.0148278530355	-0.0324485010142	0.0018282281272	0.0156540494313	-0.0247518921645	0.0378407167489	0.0027394053878	-0.0013627266390	0.0012695792264	0.0058303317495
 HG02023	-0.0148831021506	-0.0330507899369	0.0026087199098	0.0150007764522	-0.0254333163216	0.0369818513572	-0.0000945456458	-0.0018561332158	-0.0036951470110	0.0067360038918
 HG02025	-0.0153338963868	-0.0333349301763	0.0030214499812	0.0161699846125	-0.0243050225165	0.0325390915485	0.0004815341174	0.0001778996517	0.0008017984732	0.0001121029146
 HG02026	-0.0151224536788	-0.0334744714056	0.0032276314556	0.0163475469560	-0.0211533936432	0.0352279343516	-0.0000712917452	-0.0005961453865	-0.0023752682742	0.0004570511892
 HG02028	-0.0151549452470	-0.0326257775402	0.0022047923437	0.0175218211462	-0.0245442482463	0.0363050177337	0.0008193658889	0.0003442398922	-0.0011944191744	0.0058482118173
 HG02029	-0.0152097135662	-0.0341776633638	0.0039033302971	0.0162880830576	-0.0120329421272	0.0191272367615	-0.0015882429762	-0.0003984210259	0.0029284415113	0.0021876137249
 HG02031	-0.0151020186529	-0.0335983329967	0.0030710362432	0.0167558806570	-0.0221995905425	0.0272827283581	0.0020873484002	-0.0014432462010	0.0046794818056	-0.0061025791281
 HG02032	-0.0153382262923	-0.0335349887520	0.0046324920201	0.0166797240915	-0.0141806457045	0.0205015081448	0.0004892530967	-0.0014342650258	-0.0012053704394	0.0026790572798
 HG02035	-0.0150130360942	-0.0325673187350	0.0022682068004	0.0157450631899	-0.0229521719278	0.0316521526248	0.0023837874978	-0.0013931697219	-0.0001818150944	-0.0030899705004
 HG02040	-0.0152088698315	-0.0327237802723	0.0019558710082	0.0158168398630	-0.0192586691368	0.0312803497544	0.0013524968543	-0.0009546560147	-0.0000047460895	-0.0044098851243
 HG02047	-0.0152066143321	-0.0330066080868	0.0021752101620	0.0166878529905	-0.0240821302421	0.0356801287034	0.0006609897588	-0.0003197531853	-0.0047258801304	0.0022538655887
 HG02048	-0.0150858802653	-0.0323906360440	0.0016101402377	0.0167350238767	-0.0214804984189	0.0353154351106	0.0012573544790	-0.0035284440389	-0.0033510659236	-0.0007726232622
 HG02049	-0.0149869529768	-0.0329787439796	0.0024088248939	0.0150702297114	-0.0246232132594	0.0397652309584	0.0015791455285	-0.0021343143455	-0.0041180548414	-0.0051873340417
 HG02050	-0.0149733233852	-0.0327348800105	0.0022536390590	0.0158378872757	-0.0195665308757	0.0338990780327	-0.0000585602980	-0.0024281640663	0.0008156041884	-0.0009839679151
 HG02051	0.0344251727386	-0.0035667277770	0.0011881463816	0.0003702837102	0.0025239612283	0.0014881991309	-0.0050386103211	0.0182201075692	0.0026053029623	-0.0045096561844
 HG02052	0.0343148647090	-0.0030834041594	0.0008947162549	-0.0002205513847	0.0018615414398	0.0052512741434	-0.0056964825125	0.0210757250904	0.0023296435022	0.0024167144499
 HG02053	0.0319233275818	-0.0018263178499	0.0011387093286	0.0013262763049	0.0019076870308	0.0037270029352	-0.0061849193137	0.0140719859365	0.0062903093176	-0.0105989053815
 HG02054	0.0292080490534	0.0000473209231	0.0017012788352	0.0026456207728	0.0022032097357	0.0029814345339	-0.0030069952736	0.0179371266186	0.0021715931768	-0.0025115187127
 HG02057	-0.0147192747143	-0.0326635658771	0.0017189828094	0.0144595968432	-0.0222761441101	0.0318881492817	0.0009735862464	0.0004017719397	-0.0005419924582	0.0072523064884
 HG02058	-0.0144093447406	-0.0309032777169	0.0015698846610	0.0142445633357	-0.0195462895506	0.0325235892619	0.0000607864140	-0.0017391997997	-0.0024027576694	-0.0020372649591
 HG02060	-0.0152995360807	-0.0331165402559	0.0022173176599	0.0152368956937	-0.0210850404818	0.0327548082748	0.0022363731533	0.0003014258403	-0.0002773414617	0.0045304960462
 HG02061	-0.0152123224298	-0.0328756390467	0.0023423935905	0.0146893166989	-0.0221805590725	0.0343434613970	0.0018489971549	0.0007657949593	0.0060208804455	-0.0007644065599
 HG02064	-0.0149861634132	-0.0329901100710	0.0037151160164	0.0154509150354	-0.0242779641864	0.0331305737426	0.0016940599289	-0.0020239337072	-0.0004472630313	-0.0036864437835
 HG02067	-0.0149232500596	-0.0325994577320	0.0021984404774	0.0169324272212	-0.0218884002748	0.0342064469647	0.0006280881457	-0.0026519573820	-0.0053962641930	0.0059078018718
 HG02069	-0.0148134785117	-0.0320164341552	0.0014170973405	0.0146226649684	-0.0195475667350	0.0317425760122	0.0010819942103	-0.0002023383676	-0.0015493400037	0.0072516621836
 HG02070	-0.0150287123037	-0.0326612941135	0.0013259985226	0.0160832457695	-0.0221611450945	0.0321503783797	-0.0003081297949	-0.0009891727552	-0.0027847640168	0.0025312093549
 HG02072	-0.0151017392144	-0.0322809686619	0.0016131685197	0.0141737053022	-0.0200213971025	0.0321580957666	0.0008337615276	0.0012952116862	-0.0039259474597	0.0098881596616
 HG02073	-0.0153473550282	-0.0330282475799	0.0038744482983	0.0168838264047	-0.0216296229199	0.0329769399995	0.0019249761132	0.0007964244994	0.0025579338901	0.0028379958000
 HG02075	-0.0149587095140	-0.0325612154969	0.0012556628101	0.0159908882249	-0.0213859442760	0.0319524900870	0.0022886453571	0.0005682946910	0.0001583280517	0.0002714084571
 HG02076	-0.0152050215764	-0.0332531538167	0.0025415037110	0.0159933209879	-0.0236788520232	0.0369419616776	0.0007061989921	-0.0012323333006	-0.0021673766748	-0.0065950022570
 HG02078	-0.0151100934875	-0.0333225747911	0.0017256937818	0.0150782624907	-0.0254323551395	0.0348189913679	0.0022800922375	-0.0002335581959	-0.0004443538982	0.0070440454247
 HG02079	-0.0150113796083	-0.0331997116073	0.0032280748312	0.0172742073510	-0.0236464771153	0.0355964784712	0.0000888647182	0.0001310880957	-0.0082786855623	0.0065545261887
 HG02081	-0.0155101868038	-0.0330930561135	0.0023268189695	0.0163268922206	-0.0246350600194	0.0342653796774	0.0006017373393	-0.0004846394617	-0.0039012163010	-0.0041639809230
 HG02082	-0.0151615536830	-0.0331155369290	0.0037739826428	0.0163118207452	-0.0131824496933	0.0163197654927	-0.0010975202045	0.0004788675474	0.0042686456830	0.0016933052844
 HG02084	-0.0150123353545	-0.0326903797990	0.0022448534047	0.0142779006197	-0.0243575447029	0.0322511906849	0.0011657863267	-0.0024499174813	-0.0019439502452	0.0007688899040
 HG02085	-0.0151160972326	-0.0329415920167	0.0011626007261	0.0160440143516	-0.0231281947155	0.0330142912424	-0.0007282159436	0.0026880234142	0.0012639457114	-0.0057822220179
 HG02086	-0.0152757944510	-0.0326551952206	0.0013618176165	0.0148961176517	-0.0226620216782	0.0339642450291	0.0019743598043	0.0006656411659	-0.0062308245556	-0.0021418022742
 HG02087	-0.0148646754169	-0.0331564843025	0.0020373296752	0.0159439137550	-0.0206211438662	0.0359486278119	0.0015878941670	-0.0007495395838	-0.0009117191254	-0.0001782673212
 HG02088	-0.0149743711158	-0.0337102516578	0.0021867351056	0.0169191066143	-0.0244504200684	0.0369125274696	0.0009468582211	-0.0001180555255	-0.0073396151626	-0.0027644445600
 HG02089	-0.0132556954858	-0.0003849632045	0.0402684019798	-0.0581966375691	-0.0001498684757	0.0052470653174	0.0013578077127	-0.0010828020299	0.0098876758289	-0.0019740673054
 HG02090	-0.0075288556005	0.0000547867301	0.0345229410986	-0.0486388390393	-0.0035627374929	0.0031521190744	-0.0014910495222	-0.0044759417514	0.0052676211022	-0.0103535111914
 HG02095	0.0321307079647	-0.0022455470551	0.0006816125877	0.0016800541165	0.0007250384806	0.0012790499954	-0.0049091229632	0.0226007874989	-0.0012287231112	-0.0039956901323
 HG02102	-0.0142615836787	-0.0081564698049	0.0480908474423	-0.0772631879913	0.0059293050506	0.0112870003108	-0.0002654001839	-0.0002936182222	0.0016965887862	-0.0275802250994
 HG02104	-0.0148619790731	-0.0104961005483	0.0510869099149	-0.0850818291691	0.0026275815430	0.0140850800678	0.0002824426740	-0.0005524096149	0.0094797384988	-0.0212475259392
 HG02105	-0.0156636204954	-0.0120037912531	0.0526143950032	-0.0899258595815	0.0059995732439	0.0193324466619	0.0016797245767	-0.0009700043489	0.0111399562972	-0.0200170461692
 HG02107	0.0337251773054	-0.0030090160588	0.0001013551438	0.0000979777647	0.0028774715380	0.0028196063154	-0.0003481091143	0.0116220086711	0.0050838717847	-0.0064108540456
 HG02108	0.0269837050838	0.0019475970602	0.0012435199089	0.0036336391025	-0.0017643174415	0.0018131066450	-0.0020193689801	0.0165491837067	-0.0013559094764	-0.0178197519925
 HG02111	0.0318052438687	-0.0019663295058	0.0011221573763	0.0017567340333	0.0041158455369	0.0027767751064	-0.0080916852473	0.0243534828266	-0.0027084411899	-0.0063335895306
 HG02113	-0.0152267940133	-0.0324320593914	0.0021996877138	0.0155416034927	-0.0217610471516	0.0345789422094	0.0007728363943	-0.0008896587800	-0.0003223209850	0.0029743991338
 HG02116	-0.0151102314250	-0.0323412462566	0.0020519889855	0.0152812221440	-0.0196480874510	0.0304367125640	-0.0004566795102	-0.0014538930245	-0.0004068173215	-0.0016278923149
 HG02121	-0.0149687885717	-0.0324128638771	0.0012956272967	0.0160044104354	-0.0247634638497	0.0309930979464	0.0016551099656	0.0003911573020	-0.0022657642476	0.0016827395628
 HG02122	-0.0147304306315	-0.0335867003022	0.0029723512894	0.0152656014648	-0.0099603929804	0.0159475123959	0.0002794528593	0.0005764344099	0.0018198545419	-0.0018274242009
 HG02127	-0.0152114795208	-0.0335155003400	0.0032854629564	0.0159503812928	-0.0244077231929	0.0374175654629	0.0027064228271	0.0004203027797	-0.0015461021271	0.0044434823865
 HG02128	-0.0150734449124	-0.0325312899844	0.0020589471399	0.0155326398816	-0.0239014505934	0.0322431631316	-0.0001590547725	-0.0025074201151	0.0002371510447	0.0017338267227
 HG02130	-0.0154352537008	-0.0322534166752	0.0011391414508	0.0146450589761	-0.0222705119293	0.0301149804536	-0.0004205381396	0.0018070543043	0.0023233916136	0.0025074421863
 HG02131	-0.0145001093138	-0.0292814470529	-0.0015180987666	0.0120315621156	-0.0234717324495	0.0338595043430	0.0012160191148	-0.0023497064298	-0.0038536300228	0.0017770032711
 HG02133	-0.0149472904335	-0.0327479427802	0.0013345974357	0.0158480028074	-0.0207411776840	0.0381785771835	-0.0011013665913	0.0003062813271	-0.0009697584649	0.0058208077343
 HG02134	-0.0150636969945	-0.0331956017789	0.0025948274560	0.0167516813667	-0.0218076294072	0.0350000201318	0.0029011606881	-0.0015752045175	-0.0035084647483	0.0003740138398
 HG02136	-0.0147706896647	-0.0322570806593	0.0006249151622	0.0159283368600	-0.0203968706394	0.0314612431331	0.0012797175501	-0.0010018367397	-0.0025257822073	0.0057969384487
 HG02137	-0.0154290863161	-0.0333632505073	0.0016840963409	0.0169381139418	-0.0220803001493	0.0325084981381	0.0006993943502	0.0006043639360	0.0006496782206	0.0030571109416
 HG02138	-0.0147940477058	-0.0324722390748	0.0019899744087	0.0156989848301	-0.0223407622163	0.0350784141967	0.0033057323018	-0.0012909638114	0.0004295165658	0.0050940626996
 HG02139	-0.0150582005524	-0.0325275686119	0.0030428820157	0.0162179607828	-0.0213032965171	0.0346018591450	0.0026796880996	-0.0000361527487	0.0017866580592	0.0022492464121
 HG02140	-0.0151490865692	-0.0327305909354	0.0020348512887	0.0158470991230	-0.0212941524169	0.0273433586088	0.0026898866445	0.0018537896428	0.0042520886710	-0.0022339717646
 HG02141	-0.0151266396132	-0.0328812614370	0.0012148902197	0.0168075669076	-0.0214900194970	0.0297576042521	0.0013382547868	-0.0023515051003	-0.0024081726081	0.0057945354128
 HG02142	-0.0148717166720	-0.0273664978488	0.0026856483084	0.0155592375634	-0.0201593517278	0.0251164132339	0.0022577680456	0.0001606471942	0.0021932547900	0.0015994236797
 HG02143	0.0270466644665	0.0018141225227	0.0010985873060	0.0028113599847	0.0026391812346	0.0038699820366	-0.0034131039962	0.0165026423849	0.0025980647973	-0.0091878543338
 HG02144	0.0321952388692	-0.0020130170770	0.0012372754345	0.0013463985387	0.0037795267388	0.0048436771590	0.0013075621034	0.0167321860139	0.0027680908056	-0.0047731720937
 HG02146	-0.0148848648812	-0.0092112830109	0.0513652591403	-0.0829185961486	0.0063048693195	0.0133137356394	-0.0014707367473	0.0023292331261	0.0141736149036	-0.0373654881603
 HG02147	-0.0151742766019	-0.0108580479571	0.0537677729575	-0.0861677869218	0.0098378817122	0.0130687564490	-0.0005029411569	0.0015782721897	0.0096498155527	-0.0218869259123
 HG02150	-0.0156105633906	-0.0114796085420	0.0545090107119	-0.0913809496642	0.0106254248134	0.0148311404967	-0.0006505810902	-0.0022077245909	0.0087806893599	-0.0257594765913
 HG02151	-0.0148762537690	-0.0328628445512	0.0016444047018	0.0169210154561	-0.0299576161239	0.0463306107072	0.0004294895324	-0.0026227970731	-0.0074872973662	0.0059004867166
 HG02152	-0.0151378682505	-0.0332645580361	0.0028264095422	0.0160924537637	-0.0302739532367	0.0475672452648	0.0003569419675	-0.0006361358165	-0.0051207069826	0.0029309591206
 HG02153	-0.0150353400457	-0.0328034741045	0.0018938639192	0.0155455893059	-0.0266127802789	0.0430688743603	0.0005399368671	-0.0036011028297	-0.0086256186203	0.0002054663574
 HG02154	-0.0155264592681	-0.0337162237063	0.0030603244032	0.0166220426521	-0.0306420204171	0.0422880062451	0.0029190179826	-0.0004840093217	-0.0029144639804	0.0007771117983
 HG02155	-0.0152005759671	-0.0341365093931	0.0038609096239	0.0170026958233	-0.0249640006133	0.0403130954906	0.0007980581142	0.0014768341323	-0.0034065152958	-0.0001156920370
 HG02156	-0.0150561683807	-0.0336612979549	0.0025309659187	0.0171832607713	-0.0289660464767	0.0445693604810	0.0005072068130	-0.0019678142233	-0.0069429387909	0.0033761252713
 HG02164	-0.0150968482871	-0.0331418033810	0.0024144934125	0.0167079111010	-0.0237313730235	0.0378411637702	-0.0005011241080	-0.0013329612612	-0.0027220017390	0.0046503166151
 HG02165	-0.0151099640709	-0.0328812696762	0.0024140278341	0.0156124747416	-0.0235290038675	0.0369229722551	0.0006447218550	-0.0022799746870	-0.0090515952729	0.0046875441654
 HG02166	-0.0151399870766	-0.0338324279918	0.0032957676011	0.0166571706207	-0.0297298806563	0.0432648195783	0.0014024806869	0.0022904102461	0.0027325711292	0.0063214400419
 HG02178	-0.0149217367896	-0.0339197278195	0.0009202692493	0.0180060819009	-0.0314926170060	0.0463863288448	0.0007501774256	-0.0021656839939	-0.0031410864947	0.0015449953582
 HG02179	-0.0149539436500	-0.0333680353516	0.0021267735895	0.0163632217864	-0.0277084246381	0.0397059897053	0.0017925936951	0.0006044916145	-0.0009710860241	0.0092500666618
 HG02180	-0.0152757248598	-0.0342953337993	0.0015951370200	0.0176110068981	-0.0276066091400	0.0393396229289	0.0001096928171	-0.0023929513415	0.0008872157196	0.0058283293436
 HG02181	-0.0148819648545	-0.0336783320474	0.0020505159184	0.0162342190192	-0.0318464320124	0.0484005884769	0.0000264473233	-0.0030662462794	-0.0040505848055	0.0068023228790
 HG02182	-0.0152930289819	-0.0338212115664	0.0028886207598	0.0172919323400	-0.0289213280245	0.0437396785693	0.0006906657469	-0.0002988993479	-0.0075886143912	0.0018115003367
 HG02184	-0.0152651344054	-0.0336542983738	0.0035183618737	0.0176612483076	-0.0291473229896	0.0421994904366	0.0025606329624	-0.0014683207678	-0.0035458314162	-0.0023937771506
 HG02185	-0.0150879252582	-0.0336130790995	0.0039442525260	0.0179598670804	-0.0292954031233	0.0416954946938	0.0017136279621	-0.0027305256196	-0.0006221829849	0.0067179109818
 HG02186	-0.0152120640111	-0.0333728687987	0.0028183140637	0.0178037676254	-0.0274002890241	0.0397937781641	0.0031761498405	0.0010882911740	-0.0065462765943	0.0024629905845
 HG02187	-0.0149325765738	-0.0337489569078	0.0030965025914	0.0156806963459	-0.0290789195424	0.0475988200901	0.0001958768218	-0.0018136160885	0.0010212881955	0.0040123867823
 HG02188	-0.0151802627779	-0.0339969292077	0.0035076666652	0.0168249845968	-0.0314826613310	0.0508153310189	0.0002393141609	-0.0018480207492	-0.0060065183615	-0.0031734437969
 HG02190	-0.0150790456666	-0.0334711028059	0.0024124566308	0.0177556000244	-0.0266546700028	0.0424986654127	0.0005980711754	-0.0013196525456	0.0019245383873	0.0011710635407
 HG02215	-0.0114056938087	0.0275861988385	0.0107459209520	0.0196203903823	0.0077314389847	0.0070815380736	0.0002830763822	0.0012735273433	0.0276701375945	-0.0355721837817
 HG02219	-0.0102531192062	0.0272802650222	0.0105101080775	0.0193979258232	-0.0222628940287	-0.0169395379763	0.0024996356025	0.0029865569337	-0.0068705587804	-0.0028276642113
 HG02220	-0.0105052563092	0.0269306722601	0.0091808042353	0.0192252900159	-0.0146056219123	-0.0102669261330	-0.0009701305079	0.0047575299555	-0.0013244955400	0.0067461795050
 HG02221	-0.0103447490683	0.0274769597139	0.0108942747201	0.0211617887660	-0.0209596945758	-0.0178203275225	0.0001862191467	0.0026803282219	-0.0017428826371	0.0040148221609
 HG02223	-0.0105020907331	0.0272530518325	0.0104115571499	0.0190662919422	-0.0173703192787	-0.0105260170089	0.0011143682109	0.0034393016134	-0.0064485368040	-0.0123617594747
 HG02224	-0.0109335241128	0.0273617572970	0.0107766803782	0.0185821515728	-0.0151254032611	-0.0063766856680	-0.0001714703337	0.0029062551531	-0.0030187569325	0.0018426610627
 HG02230	-0.0109201664516	0.0280225661280	0.0097954842775	0.0205891807739	-0.0164750000248	-0.0109223889268	0.0027339805535	0.0050004389981	-0.0077798330906	-0.0026521766463
 HG02231	-0.0108227564692	0.0277447878938	0.0106576621824	0.0183122313983	-0.0147568931746	-0.0137456328144	0.0019564643629	-0.0013778449792	-0.0036685013247	-0.0020543695283
 HG02232	-0.0101522530711	0.0276464709255	0.0114168998895	0.0205917220149	-0.0221791656849	-0.0146685526138	-0.0006580934919	0.0008032994525	-0.0093366238299	0.0040476250151
 HG02233	-0.0098094349649	0.0266913663704	0.0101940283347	0.0183890840490	-0.0221668786763	-0.0190411382581	-0.0014787723732	0.0042403663215	-0.0096757554751	0.0087879923793
 HG02235	-0.0103433047827	0.0267788467867	0.0099231056360	0.0181602802506	-0.0224127362044	-0.0163056490008	-0.0010119002130	0.0039079827701	-0.0077753715751	0.0061297974750
 HG02236	-0.0104525306894	0.0272549924815	0.0100986105810	0.0196866525327	-0.0193601554128	-0.0113866195737	0.0011761515257	0.0036243362545	-0.0013130798124	0.0019634158098
 HG02238	-0.0097456625154	0.0274385806630	0.0107244802708	0.0197483211386	-0.0259595319974	-0.0162009920660	0.0037206919931	0.0010323047654	-0.0100158166840	-0.0020179253877
 HG02239	-0.0096180466056	0.0258552569750	0.0076101576938	0.0162347598296	-0.0236643543611	-0.0147066513374	0.0014010821740	-0.0009960852873	-0.0085540380471	0.0084057998590
 HG02250	-0.0150930590052	-0.0329382035002	0.0030532653055	0.0165058584964	-0.0264867034804	0.0382706824654	0.0010550231670	-0.0012517434771	-0.0068518390230	0.0038208073704
 HG02252	-0.0131999769727	-0.0008572566706	0.0392196939756	-0.0556934139521	0.0004085903844	0.0052629717310	-0.0003631774465	0.0015619786388	0.0084717384764	-0.0117437926475
 HG02253	-0.0130718944398	0.0046736328872	0.0345037034279	-0.0453748565173	-0.0050224839229	0.0034558962865	-0.0005815826665	0.0009771172319	0.0075936807920	-0.0162146886492
 HG02255	0.0314735924694	-0.0021627985134	0.0010205212949	0.0008681748120	0.0016676257657	0.0017158116448	-0.0061467742785	0.0175319766583	0.0069139467234	-0.0042387829968
 HG02256	0.0248708152759	0.0021897830489	0.0038479295662	0.0009587542991	0.0018787946817	0.0031434558282	-0.0064070964904	0.0178695539229	-0.0019150887585	-0.0116485998502
 HG02259	-0.0156604097509	-0.0133126092919	0.0542690244192	-0.0934122395823	0.0098112656438	0.0166159156295	-0.0022029846686	0.0021128368610	0.0152429347867	-0.0286202570876
 HG02260	-0.0145024011456	-0.0074412788800	0.0481267945684	-0.0762439593054	0.0033777444747	0.0114181911275	0.0001496618137	-0.0019244387608	0.0045227265813	-0.0236337072467
 HG02262	-0.0142985002050	-0.0054279679101	0.0462110541781	-0.0709023950758	-0.0019430327389	0.0107131252350	0.0006759714513	0.0013718137206	0.0007701570447	-0.0163197800320
 HG02265	-0.0152087328060	-0.0108696706288	0.0536043854763	-0.0899988732554	0.0094110782373	0.0184802195428	-0.0041601312926	0.0011234106429	0.0096408564639	-0.0307016787939
 HG02266	-0.0151116389074	-0.0120041946301	0.0520300219629	-0.0867736944391	0.0072604087453	0.0093961990125	0.0021435655412	-0.0005788897014	0.0031219197385	-0.0045042282265
 HG02271	-0.0152734745045	-0.0133376422505	0.0547678302944	-0.0939665047609	0.0083835042688	0.0174892034836	-0.0009454376091	0.0004513242214	0.0157728268765	-0.0415284527386
 HG02272	-0.0157980870960	-0.0142232456690	0.0578594245187	-0.1003675017889	0.0134175075077	0.0217009598881	-0.0016990647008	-0.0015056913940	0.0126986480530	-0.0360329733434
 HG02274	-0.0022866817228	-0.0055900639020	0.0343342335438	-0.0556940665087	0.0023277657778	0.0135424939854	-0.0045196276121	0.0081788237823	0.0070360343823	-0.0138623482980
 HG02275	-0.0155511345404	-0.0120781256274	0.0538063008306	-0.0911498378001	0.0075555121253	0.0188843213099	-0.0011574102273	-0.0029753153248	0.0101683256999	-0.0245103781400
 HG02277	-0.0142092048114	-0.0013693621375	0.0395151731822	-0.0586558983189	-0.0032429342063	0.0070850565033	-0.0029140472744	0.0018224107844	0.0077478059896	-0.0086619508257
 HG02278	-0.0146559208159	-0.0104352416683	0.0506753464653	-0.0857223899521	0.0046458869868	0.0128474349010	-0.0003709144405	-0.0005161124723	0.0082348439621	-0.0138084094016
 HG02281	0.0338125965396	-0.0026855282135	0.0009570675203	0.0011021440749	0.0040977624750	0.0068311261988	-0.0082276475644	0.0259223182065	0.0006642752005	0.0023501398659
 HG02282	0.0259322773466	0.0022758309491	0.0021101153659	0.0035868385401	0.0033133156963	0.0038441531796	-0.0020234774329	0.0160031796919	-0.0007180518475	-0.0151610614749
 HG02283	0.0259509849032	0.0022314480819	0.0023577862542	0.0033333549453	0.0007142273994	0.0026144230127	-0.0071529157328	0.0202134441467	0.0080958543471	-0.0068003570528
 HG02284	0.0279515162316	0.0008572383380	0.0017106826647	0.0041557960423	0.0028385302905	0.0004707762447	-0.0025569517267	0.0122349448000	0.0042528103637	-0.0140866201966
 HG02285	-0.0140025932480	-0.0060249965013	0.0466703966647	-0.0725508300834	0.0009980830412	0.0090821307296	-0.0000068917549	0.0004728328045	0.0086767375630	-0.0168772876607
 HG02286	-0.0140940306676	-0.0041782714280	0.0439990330701	-0.0675185987758	0.0017521471922	0.0067251473967	0.0003606622409	-0.0012094343402	0.0063138874722	-0.0257815634408
 HG02291	-0.0155576835079	-0.0132386431021	0.0550584134258	-0.0938912862911	0.0056641529960	0.0134307538172	-0.0016649138234	-0.0031503959968	0.0150054096764	-0.0306520131181
 HG02292	-0.0153386900794	-0.0078984926267	0.0501790341781	-0.0814066329783	0.0086888981468	0.0135624766853	-0.0008484744296	0.0033978767167	0.0112466286237	-0.0275582797457
 HG02298	-0.0130724080933	0.0012686622324	0.0386805029833	-0.0512630329245	0.0010231673019	0.0048051215261	0.0022561111863	-0.0029429120235	0.0134645149067	-0.0125278169045
 HG02299	-0.0150514722192	-0.0084925295162	0.0499877335292	-0.0802971681235	0.0055573412969	0.0122620178160	-0.0000707573165	-0.0022450203648	0.0098443798223	-0.0242808514073
 HG02301	-0.0142433978006	-0.0061562731217	0.0470532718028	-0.0768450698566	0.0046166063564	0.0087563890777	-0.0010076565386	-0.0007093910580	0.0066930422884	-0.0214314938834
 HG02304	-0.0119405231159	-0.0074081714972	0.0437074837413	-0.0696940650327	-0.0010994964778	0.0102295782784	-0.0007952464195	0.0010442384170	0.0043959695261	-0.0127737601951
 HG02307	0.0322321115602	-0.0021134632672	-0.0003081199323	0.0004485306571	0.0022474983860	0.0021827608185	0.0012108573422	0.0170801612079	-0.0003503230123	-0.0132179826963
 HG02308	0.0305861064187	-0.0006053996267	0.0015837197249	0.0019492264095	0.0014926181663	0.0052262025395	-0.0080885501871	0.0258690450414	0.0019299340020	0.0003714960627
 HG02309	0.0304370206836	-0.0006905228418	0.0011153710721	0.0013697086004	0.0051833346723	0.0022120229273	-0.0028402618000	0.0158343421592	-0.0008139694088	0.0033130972880
 HG02312	-0.0134814732365	0.0012962781419	0.0371775614170	-0.0522393408857	-0.0016195543106	0.0014317089009	-0.0000678421241	0.0001456873609	0.0000719562026	-0.0139219668653
 HG02314	0.0321624631468	-0.0015972804645	0.0008871309108	0.0015818003515	0.0017150808741	0.0025522555361	-0.0009896762540	0.0250013759763	-0.0071664211571	-0.0053558881422
 HG02315	0.0293091904106	0.0001580462095	0.0013010311904	0.0012927817739	0.0029358134345	0.0051814931277	-0.0029540007336	0.0219628666232	-0.0032254410378	-0.0143734203690
 HG02317	0.0327166930152	-0.0024896172892	0.0009260823042	0.0023825785993	0.0018772070391	0.0047854273504	-0.0069065826605	0.0238226626437	0.0021612349128	-0.0041345078558
 HG02318	0.0327453908667	-0.0027717641315	-0.0003702281983	0.0018696034366	-0.0006837148184	0.0044438632858	-0.0124405554917	0.0236555041280	-0.0020318458066	0.0029241134678
 HG02322	0.0294869158074	0.0002329167298	0.0009048193505	0.0029650425237	0.0026249702658	0.0062507442265	-0.0087418066346	0.0215699358610	0.0016260606930	-0.0041407031739
 HG02323	0.0320430316495	-0.0015260456545	0.0009338084244	0.0027071736462	0.0054896599884	0.0030461881888	-0.0059788964732	0.0216173477379	0.0050361033221	-0.0049851187313
 HG02325	0.0338386096861	-0.0035062791074	-0.0000647038818	0.0007098775364	0.0021408451341	0.0039306115299	-0.0032928216322	0.0205345149529	0.0019172443205	-0.0085917881067
 HG02330	0.0303076596875	-0.0008427699200	0.0008296554689	0.0016490046943	0.0058176291300	0.0012928145521	-0.0059308709811	0.0184590721713	0.0023478452661	-0.0095622622706
 HG02332	0.0311204269396	-0.0011388950208	0.0016885730725	0.0022977643068	0.0043072695362	0.0027346962259	0.0010519018435	0.0203016917596	-0.0046419045547	-0.0018781424806
 HG02334	0.0238306701736	0.0034700550879	0.0029165469806	0.0051598251695	0.0042700085670	0.0049065095670	-0.0049230151591	0.0181480171780	0.0002243865191	-0.0035472959961
 HG02337	0.0299704598600	-0.0004171628630	0.0019123248843	0.0021455287836	0.0015623617455	0.0007874692301	-0.0094501572390	0.0219386692260	0.0038108401612	-0.0030522703768
 HG02339	0.0342256625115	-0.0028539050735	0.0015006567317	0.0005442817109	-0.0006529406468	0.0039239670236	-0.0064174961723	0.0234416075206	-0.0015792293169	-0.0048639523552
 HG02343	0.0251237446343	0.0030958373859	0.0027042801095	0.0033245206864	0.0018793464386	0.0027582107219	-0.0051065954173	0.0145146034607	0.0004541792918	0.0003750622262
 HG02345	-0.0101114068275	-0.0000033937985	0.0279987608545	-0.0335886036566	-0.0067291806510	0.0076702775908	-0.0015000209969	0.0021862788988	0.0044444559426	-0.0092253312131
 HG02348	-0.0144119916548	-0.0076706827384	0.0475966748207	-0.0792648368341	0.0036210228722	0.0160962034458	-0.0037952334646	-0.0029934049523	0.0093727198148	-0.0195240148838
 HG02351	-0.0150001918553	-0.0329898869361	0.0021049478173	0.0171355428995	-0.0243378912334	0.0453725698817	0.0012766175801	-0.0016216382510	-0.0018489542331	0.0106194619064
 HG02353	-0.0149202553923	-0.0337865493437	0.0026221209898	0.0166896248945	-0.0290015281388	0.0439339119942	0.0021968265643	-0.0008162096160	-0.0026195642058	0.0001483198962
 HG02355	-0.0152374790690	-0.0335276067613	0.0014962900293	0.0172386307874	-0.0264063244616	0.0423760472883	0.0021319529938	-0.0010773872565	-0.0048156114188	0.0085885487078
 HG02356	-0.0151321221810	-0.0339029721352	0.0029910068958	0.0180034781827	-0.0303573390671	0.0461650299117	0.0021651860026	0.0005597992969	0.0014855504576	0.0031915638106
 HG02360	-0.0149681140128	-0.0335445676372	0.0023550303352	0.0173146736811	-0.0262390583072	0.0371952266535	0.0029348923733	-0.0019153456448	-0.0034769859393	0.0050781519148
 HG02364	-0.0145842380645	-0.0339851542656	0.0026085911469	0.0165360797768	-0.0294055683012	0.0479166727532	0.0017156782054	-0.0020241559469	-0.0035074515586	0.0004988850010
 HG02367	-0.0152101243189	-0.0336722085395	0.0029023669761	0.0172315055814	-0.0298025965273	0.0438739581525	0.0000952673117	-0.0017856739419	-0.0086564272825	0.0025355819268
 HG02371	-0.0152386240236	-0.0338882157540	0.0028924982304	0.0183126582399	-0.0328657063485	0.0470927071563	0.0020886504205	-0.0021922223812	-0.0011390969942	0.0050252407179
 HG02373	-0.0149298423311	-0.0338161855570	0.0026072563494	0.0167716194793	-0.0293325599010	0.0431427969864	0.0004607103731	0.0013802411915	0.0022874747701	0.0021826479381
 HG02374	-0.0152218804322	-0.0331654704065	0.0020470166315	0.0177961350058	-0.0283441838260	0.0420610723476	0.0029400281705	-0.0002030993433	-0.0005447491664	0.0012114563084
 HG02375	-0.0151255320642	-0.0339285446611	0.0021818687361	0.0180921019543	-0.0299186927777	0.0493131433286	0.0029877362514	-0.0026044764049	0.0029652858404	0.0000271470917
 HG02379	-0.0151731626194	-0.0330041854671	0.0027115228088	0.0157072183023	-0.0280155958155	0.0445860116288	0.0028960462564	0.0013416864260	-0.0061702835259	0.0052873999332
 HG02380	-0.0150798888103	-0.0341082234702	0.0036616498385	0.0174598252987	-0.0286634816166	0.0443143666172	0.0015010616300	-0.0008426025317	-0.0028885745939	0.0086146794248
 HG02382	-0.0149480986090	-0.0331827857159	0.0022196436089	0.0177561577474	-0.0284131761501	0.0417995377369	0.0011058088880	-0.0003541109273	-0.0067914513755	0.0009882741639
 HG02383	-0.0152346942824	-0.0335486080796	0.0014519909932	0.0153974088233	-0.0318625960549	0.0453659384283	0.0011566729314	-0.0024238964275	0.0002354303576	0.0062713881439
 HG02384	-0.0152548019388	-0.0337262641443	0.0027160130520	0.0187317598488	-0.0274686801140	0.0464571368068	0.0012021685414	-0.0006130181910	-0.0045646529110	0.0048911928230
 HG02385	-0.0148272825053	-0.0340421682727	0.0038825991559	0.0181527923027	-0.0316173235066	0.0463185336191	0.0037926208732	0.0009763808107	-0.0014717554341	0.0000475583811
 HG02386	-0.0150513616210	-0.0327477964769	0.0024374606856	0.0161702746950	-0.0229023754385	0.0374098953835	-0.0004344649488	-0.0007107624205	-0.0034931200377	0.0015955510640
 HG02389	-0.0153109675077	-0.0342948483365	0.0019414034755	0.0167349175220	-0.0288549593568	0.0424626219910	0.0028843331778	-0.0021753595945	-0.0020919437068	0.0003049436231
 HG02390	-0.0151142835821	-0.0333532305829	0.0021391739351	0.0173812323817	-0.0291164258931	0.0449190335866	0.0007024207803	-0.0018230413128	-0.0025503371273	0.0006517357830
 HG02391	-0.0153752718181	-0.0337262938727	0.0034679685107	0.0176529016487	-0.0275499003331	0.0467062142657	0.0004075547899	-0.0022126245624	-0.0014649598501	-0.0010272160594
 HG02392	-0.0153287417699	-0.0339687337574	0.0030411445802	0.0168211530408	-0.0262292326612	0.0426943193758	0.0015512931802	-0.0000594620729	-0.0004331746127	0.0064251121919
 HG02394	-0.0149325536286	-0.0327955025099	0.0030268943976	0.0169591794943	-0.0325582386351	0.0443391040240	0.0006074452864	-0.0026940213676	-0.0062915513900	0.0096831492549
 HG02395	-0.0150122337502	-0.0333913196097	0.0027879898909	0.0167970036738	-0.0306850376318	0.0435451605955	0.0032364259552	-0.0006864513926	-0.0050335083416	0.0028913640397
 HG02396	-0.0154396165529	-0.0341220564083	0.0029907802451	0.0177234836975	-0.0282928637825	0.0466514594038	0.0010185418976	-0.0018761363035	-0.0101358702565	-0.0002474901756
 HG02397	-0.0152170965481	-0.0332287767642	0.0020045101966	0.0167464108556	-0.0262541087970	0.0384834304956	0.0033619204103	0.0014656233021	-0.0015832036716	0.0054471089387
 HG02398	-0.0152495675629	-0.0332072418198	0.0023039140279	0.0162035090369	-0.0275570209661	0.0419074994172	0.0029050604334	0.0001459273801	-0.0082301258618	-0.0020744968864
 HG02399	-0.0149633723070	-0.0340867075142	0.0016442197564	0.0177996474650	-0.0320760190889	0.0434176092864	0.0025697120386	-0.0015400635059	0.0013332415084	0.0075205661166
 HG02401	-0.0149189917352	-0.0336473687876	0.0038151421019	0.0160970587860	-0.0281506200703	0.0384659053606	0.0028655549884	-0.0000140519751	0.0001876453540	0.0056640425853
 HG02402	-0.0151130105333	-0.0335652728943	0.0033121190326	0.0179579760951	-0.0303271947900	0.0461880791881	0.0027627052139	-0.0026622709298	-0.0069082771193	0.0017854928801
 HG02406	-0.0155520824207	-0.0335538078528	0.0027672248715	0.0189962433487	-0.0258611861124	0.0394167739655	0.0013666221458	0.0014057594210	-0.0003913517519	0.0027091251228
 HG02407	-0.0148464525702	-0.0337307097421	0.0022637010280	0.0167414395859	-0.0277548493796	0.0440685342997	0.0002946206796	-0.0024816118501	-0.0019750215585	0.0077739659935
 HG02408	-0.0151596915712	-0.0336047531313	0.0029147802492	0.0170859025094	-0.0323875795231	0.0505952347615	0.0023935113060	-0.0013005408271	-0.0076749307599	0.0002548674134
 HG02409	-0.0153748048462	-0.0333319858392	0.0028328939912	0.0173837909362	-0.0273079689907	0.0459258732743	0.0025500311056	-0.0021100350166	-0.0011485933604	0.0042992017270
 HG02410	-0.0153375322257	-0.0334085552591	0.0026505429194	0.0175202577695	-0.0273160434805	0.0444894395060	0.0030318060472	-0.0015012081147	-0.0045258649102	0.0055577167316
 HG02419	0.0321374083702	-0.0024696741626	0.0006961790562	0.0012002884891	0.0002051395379	0.0013573221557	-0.0072241451317	0.0219968228747	0.0003851929618	0.0066206265107
 HG02420	0.0155987690824	0.0094256525603	0.0050647433571	0.0099397796795	0.0016257406352	0.0005805901226	0.0003204333511	0.0080968509270	0.0070207378254	-0.0160292427242
 HG02425	-0.0108543961664	0.0017235588820	0.0347157222822	-0.0482461029069	-0.0003530853013	0.0026256082468	-0.0000125621145	0.0007049396512	-0.0032003310083	-0.0000377335422
 HG02427	0.0312363210197	-0.0012195196380	0.0011239388940	0.0026492558383	0.0034338585227	0.0016728095646	-0.0010039537882	0.0195841530253	0.0082451191681	-0.0148498885708
 HG02429	0.0312874721971	-0.0009979056580	0.0006292894188	0.0021294453723	0.0018952351585	-0.0008298317165	-0.0059412697504	0.0218962819561	-0.0048323865648	-0.0059061909940
 HG02433	0.0296812711466	-0.0012676513538	0.0009308289926	0.0023114476595	0.0023390608748	0.0039722568321	-0.0040386862809	0.0149775647188	0.0021577952730	-0.0112812223178
 HG02439	0.0325179720612	-0.0023833762801	0.0007880652012	0.0011360097580	0.0027705259631	0.0036096626659	-0.0039876083793	0.0192421460967	-0.0043144796006	-0.0024479312567
 HG02442	0.0342150459539	-0.0038263643701	0.0004727218319	0.0001420089262	0.0007814118163	0.0017754581898	-0.0057804891702	0.0240949120896	-0.0020584064778	-0.0021068353695
 HG02445	0.0275611148351	0.0015834701803	0.0024178367734	0.0032083044916	0.0022053799400	0.0008093497285	-0.0011783481098	0.0148359325198	0.0000108151375	-0.0124564023336
 HG02449	0.0327633464361	-0.0026392478418	0.0011097974606	0.0017878195027	0.0051060925980	0.0014113915058	-0.0069120211996	0.0295884134773	0.0030372990906	-0.0081828383130
 HG02450	0.0316740160742	-0.0014121037915	0.0011625641387	0.0025734012598	0.0001571798558	0.0027139353504	-0.0051337146582	0.0175092361515	0.0019583302039	-0.0102479555968
 HG02455	0.0284314599927	0.0000516553611	0.0007024528992	0.0021261387937	0.0030701495927	0.0052724390037	-0.0079944461189	0.0177157468836	-0.0003048573797	-0.0130375961406
 HG02461	0.0340706983070	-0.0037020476655	0.0002417217860	0.0001171907585	0.0004358340545	-0.0019609773265	0.0629413839673	-0.0372491343194	-0.0010780271459	0.0151806340633
 HG02462	0.0332341884935	-0.0021443442044	0.0015695196757	0.0014489045149	-0.0032464803775	-0.0067785375126	0.0679002379612	-0.0417007102081	-0.0038401902028	0.0159330357704
 HG02464	0.0349233989727	-0.0036183998739	0.0002458656470	0.0003224861191	0.0021751459001	-0.0000539797070	0.0635245868240	-0.0340485664145	-0.0025175737586	0.0024898246165
 HG02465	0.0348697670928	-0.0036018630873	-0.0003396844164	0.0005828743402	-0.0004912454619	-0.0063148668278	0.0654804254111	-0.0305584108602	0.0001198887607	0.0014578587725
 HG02470	0.0323983725071	-0.0017181460075	0.0004835165266	0.0017635735537	0.0020818202400	-0.0007287239846	-0.0035550363946	0.0221461665527	-0.0080070347733	-0.0044390929182
 HG02471	0.0318371708134	-0.0015659166923	0.0013898352694	0.0014715586517	0.0037219564357	0.0040647153363	-0.0046565514399	0.0204694940357	0.0075256978978	-0.0059392707034
 HG02476	0.0279422910827	0.0007475748964	0.0022504136491	0.0027561841465	0.0030556169142	0.0016734263447	-0.0018733570920	0.0211857009072	-0.0023434326226	0.0013220012307
 HG02477	0.0287986741879	0.0000607768609	0.0018877849042	0.0022802070620	0.0007981086775	0.0030279003618	-0.0007363404373	0.0224739225001	0.0006892001856	-0.0053654201613
 HG02481	0.0310999502411	-0.0017960573177	0.0012238227847	0.0025517243676	0.0057386618760	0.0041490205452	-0.0017637899661	0.0193768878229	-0.0014735180471	-0.0014758900430
 HG02484	0.0306726201970	-0.0007955480270	0.0006425122926	0.0029279339996	0.0067657787628	0.0005451512178	-0.0057626724843	0.0218020856462	-0.0025146299765	-0.0037804671371
 HG02485	0.0229541970327	0.0042787709384	0.0028315555626	0.0047187092283	0.0030089113384	0.0017190764704	-0.0080609129800	0.0114556314729	0.0096983262060	-0.0038294669414
 HG02489	0.0293331036868	-0.0003161674444	0.0016951140297	0.0020331516522	0.0042189142309	0.0038698168774	-0.0065153558215	0.0202169593797	-0.0041633149974	0.0006686118082
 HG02490	-0.0112688200476	0.0118162563775	-0.0260984089985	-0.0085126215070	0.0008679492056	0.0023097311950	0.0024690595124	0.0043415362557	0.0070605258223	-0.0107403658367
 HG02491	-0.0108013158068	0.0097301154399	-0.0299864316891	-0.0117318773796	-0.0002144543365	0.0038104266872	-0.0004952429225	0.0041612297751	-0.0082393505648	-0.0112899892018
 HG02493	-0.0101035061547	0.0106061098663	-0.0285189694539	-0.0107313460621	0.0000186122367	0.0027229641693	0.0011805459224	0.0022656721512	-0.0030569543110	-0.0070502631323
 HG02494	-0.0108760640173	0.0111943641792	-0.0254553502655	-0.0088666144334	-0.0014068820112	-0.0003037520439	0.0001899953625	0.0025002132419	0.0045008729528	-0.0126264918178
 HG02496	0.0316701306989	-0.0014960500577	0.0011782107316	0.0021583787728	0.0016769192935	0.0062633438522	-0.0035977132216	0.0252719335209	0.0005391038657	-0.0089110174031
 HG02497	0.0328623921283	-0.0024445663798	0.0015834203818	-0.0003073270208	0.0000605402902	0.0034479738573	-0.0062030326497	0.0210700062361	0.0008011515681	0.0065029478532
 HG02501	0.0258203457400	0.0024881948671	0.0021828812665	0.0034001422788	0.0040588173031	0.0041382703779	-0.0051272059803	0.0168790514446	-0.0021385556644	-0.0085161303436
 HG02502	0.0268216742585	0.0008533279127	0.0023210548664	0.0038475328258	0.0032548489627	0.0045747072238	0.0024971338066	0.0174633696006	-0.0022607930019	-0.0145677035612
 HG02505	0.0306929867072	-0.0010759009983	0.0014782648805	0.0018355792527	0.0045628719094	0.0018658668186	-0.0086884867372	0.0264285734976	0.0049546025156	-0.0029773417777
 HG02508	0.0315304738158	-0.0023576853728	0.0013321500644	0.0019707046437	0.0014538688733	0.0010585569031	-0.0047745063644	0.0164150267541	-0.0021642125290	-0.0063749991079
 HG02511	0.0322484296509	-0.0028233866349	0.0010241616054	0.0016815557632	0.0010604710444	-0.0011565991458	-0.0102929467998	0.0233410251091	-0.0020208552543	0.0045814414598
 HG02512	-0.0150831480502	-0.0328901324718	0.0019312074273	0.0159225015210	-0.0200933661605	0.0268242726232	0.0010845148415	-0.0024132332174	0.0043111435199	0.0015759237716
 HG02513	-0.0154472721921	-0.0333610801704	0.0026036878701	0.0178355581476	-0.0263953491024	0.0395890437984	0.0012954276256	-0.0011506052703	-0.0014390072702	-0.0019469385847
 HG02521	-0.0151605099142	-0.0327273729072	0.0024386206945	0.0151845068380	-0.0240410287063	0.0317060810995	0.0019642260603	0.0016673916596	0.0014010534045	-0.0003435289788
 HG02522	-0.0150444789434	-0.0331093798805	0.0019297523482	0.0158526108275	-0.0227790729740	0.0339525224258	0.0020033354690	-0.0000066645493	-0.0006357901150	-0.0018708351686
 HG02536	0.0265784423268	0.0018772290109	0.0025854123980	0.0035408450011	0.0017098811837	0.0024484667662	-0.0032337937010	0.0220809260349	0.0035846736529	-0.0037195905779
 HG02537	0.0332232731562	-0.0025017905967	0.0002087127612	0.0016210931559	0.0028033362239	0.0021530173739	-0.0019254344357	0.0191638707275	0.0054194333871	-0.0132856154441
 HG02541	0.0266917255642	0.0018236846395	0.0010397879879	0.0035171764317	0.0041933340509	0.0006251210336	-0.0105186234619	0.0197721978242	0.0003471688932	-0.0009999868387
 HG02545	0.0310792999633	-0.0015360334692	0.0004579963512	0.0014113037852	0.0024140077145	0.0056267082422	-0.0115968645560	0.0273267727467	0.0045903952364	-0.0150398078902
 HG02546	0.0316744274169	-0.0018474878011	0.0015029463716	0.0005878597661	0.0015814344410	0.0006237812933	-0.0078631871556	0.0181856675862	-0.0020663003899	-0.0015939831237
 HG02549	0.0335592633238	-0.0024726057473	0.0003403257380	0.0003893192234	0.0013121583991	0.0032846638720	-0.0095675800467	0.0223481348115	-0.0024658520651	-0.0011490031682
 HG02554	0.0301245807938	-0.0008971694154	0.0014826251568	0.0022174548916	0.0000856636978	0.0022157301694	-0.0078585913388	0.0193480848854	0.0021157087875	-0.0074685999299
 HG02555	0.0303225383965	-0.0009459322250	0.0009227166255	0.0016730389743	0.0031578120861	-0.0008575258724	-0.0072810375938	0.0157764862998	0.0039814687721	-0.0016482631860
 HG02557	0.0328711699318	-0.0021634101512	0.0001798601755	0.0008874742916	0.0048741744373	0.0053421557038	-0.0071646666035	0.0258701008965	0.0035058783662	-0.0039393567858
 HG02558	0.0306927109497	-0.0013589553216	0.0019792207124	0.0015807754916	-0.0000973104539	0.0020392923169	-0.0039097295564	0.0165544991315	0.0017777783533	-0.0042570207862
 HG02561	0.0334374701591	-0.0030215544332	0.0001663636644	0.0007848231101	-0.0009648970501	-0.0049708856331	0.0556198557857	-0.0318816386723	0.0108644587407	0.0062288162628
 HG02562	0.0343665500610	-0.0034710936716	-0.0003022214333	-0.0000008043474	0.0025325692567	-0.0030417745004	0.0528961950208	-0.0246419394117	0.0065793092382	0.0077454512445
 HG02568	0.0336540235511	-0.0030402884715	-0.0001670209683	0.0002116040731	0.0018959441859	-0.0035958070319	0.0596021876582	-0.0292450790742	0.0021975444491	0.0047861336903
 HG02570	0.0344897778839	-0.0036652195900	0.0001594223746	-0.0003682689942	-0.0004117248853	-0.0032193384536	0.0527529187291	-0.0245786646020	0.0095721917661	0.0096705102103
 HG02571	0.0348682608443	-0.0035315185002	-0.0001736985355	0.0011824489615	0.0017492573897	-0.0042128189644	0.0625794681241	-0.0267674989649	0.0081046620456	0.0106431173597
 HG02573	0.0342885151323	-0.0031036289756	0.0001045389225	0.0007604435561	0.0000846244210	-0.0041874555561	0.0615863720014	-0.0319898805108	-0.0021646885486	0.0081605338386
 HG02574	0.0334244837347	-0.0022878398850	0.0014749636496	0.0017208692929	-0.0019611224742	-0.0035315181326	0.0566778905645	-0.0321758263308	-0.0017932629954	0.0064691760477
 HG02577	0.0255794951584	0.0028241426824	0.0027075991531	0.0046459127539	0.0047183917346	0.0015949968327	-0.0031352258463	0.0155597432350	0.0075481251683	-0.0175514283673
 HG02580	0.0286796227702	0.0003548323756	0.0023116345612	0.0035760990616	0.0031493001785	0.0004456168934	-0.0066548400228	0.0188549813734	0.0048980512280	-0.0109446953914
 HG02582	0.0344522948449	-0.0034177171601	0.0003055653646	0.0007868309808	0.0007073009660	-0.0041804999031	0.0622419359056	-0.0361610692413	0.0030896465310	0.0108791801471
 HG02583	0.0349158771644	-0.0034622352801	-0.0000542825503	0.0003798800916	-0.0001393689020	-0.0031535714816	0.0666438885503	-0.0386670020465	-0.0005426464133	0.0043456362467
 HG02585	0.0351046811106	-0.0032364243393	0.0001533120768	-0.0005273811090	0.0011489851505	-0.0000683555821	0.0714000178581	-0.0431476868921	0.0060514431828	0.0028031227847
 HG02586	0.0340634048768	-0.0033369073576	-0.0004968576049	0.0009720285986	-0.0015082494442	-0.0058358081478	0.0665751156721	-0.0322736175663	0.0027336789018	0.0133272790508
 HG02588	0.0343032997493	-0.0031689168523	0.0000519159776	0.0006141757780	-0.0001818668461	-0.0018956990888	0.0586144326570	-0.0298527590988	0.0099914217927	0.0041132254910
 HG02589	0.0341728663795	-0.0034937553997	0.0003853585392	0.0000210789377	-0.0003426609804	-0.0048471781808	0.0593876477268	-0.0338458651230	0.0043853559939	0.0095118683129
 HG02594	0.0343237551410	-0.0034664833294	0.0003902443507	0.0005793157356	0.0004841962874	-0.0015983817473	0.0587225586191	-0.0361850450212	0.0072550919775	0.0131859932775
 HG02595	0.0346043670568	-0.0030894878837	0.0006433951735	0.0001567987321	0.0020198365638	-0.0023805069956	0.0655599825649	-0.0331017100081	-0.0007897097405	0.0087892077601
 HG02597	-0.0106016207000	0.0129772215953	-0.0271301544463	-0.0101890995160	0.0003986707738	-0.0054134934224	-0.0015165741227	0.0034667691920	0.0108216509289	-0.0159311898384
 HG02600	-0.0107935527100	0.0072644944322	-0.0326115504798	-0.0135503770756	0.0032851549551	0.0002194320716	-0.0001215381834	0.0012563553447	-0.0027698923224	-0.0100843804629
 HG02601	-0.0103124646969	0.0082056017624	-0.0318909193699	-0.0125839678806	0.0028789904346	-0.0014099044686	0.0000594962181	0.0011639343049	0.0052023888864	-0.0016478142162
 HG02603	-0.0105038793899	0.0109532142608	-0.0287760653444	-0.0105175821837	-0.0019481743179	-0.0043244798733	0.0023972675472	-0.0006518381341	0.0152187198584	-0.0168734421357
 HG02604	-0.0107413118477	0.0118594782928	-0.0252930022144	-0.0086591988593	0.0051325148104	-0.0013880851627	-0.0007636571866	0.0039516272918	0.0070606627545	-0.0162332120868
 HG02610	0.0343375273361	-0.0031591854465	0.0001802458047	0.0002493080325	0.0004559337483	-0.0009879055381	0.0647913709453	-0.0334423099059	0.0004018169587	0.0092983566496
 HG02611	0.0349435265832	-0.0036343832134	-0.0001917252698	0.0002641472915	-0.0000712414267	-0.0034790822293	0.0759372425877	-0.0440857566105	0.0056127897826	0.0190231584486
 HG02613	0.0332306044198	-0.0025613778811	0.0003841654849	0.0017464323957	-0.0006827628642	-0.0047625378107	0.0603698267932	-0.0280083674021	-0.0017263987673	0.0062531322576
 HG02614	0.0327081290476	-0.0019438925722	0.0007181393347	0.0014742362704	-0.0032931890289	-0.0069778450350	0.0598424641380	-0.0350978020363	0.0041256235949	0.0111535589399
 HG02620	0.0347626001829	-0.0039529463338	0.0001137424080	0.0006903683629	-0.0012343860875	-0.0012881584504	0.0592363416755	-0.0310519925614	0.0048639014418	0.0046439671692
 HG02621	0.0348005971809	-0.0037898865085	-0.0000678337099	0.0001993236560	0.0014025069275	-0.0036110071057	0.0600403012425	-0.0378990989710	0.0044066552262	0.0049910147056
 HG02623	0.0348687168234	-0.0032465776811	0.0013635755501	0.0005136796966	0.0003124946143	-0.0031732537802	0.0700554920035	-0.0447820277231	0.0088746268945	0.0114453467305
 HG02624	0.0347757803387	-0.0037030729722	-0.0004977628891	0.0000750859660	-0.0006677428376	-0.0014834566375	0.0677958699274	-0.0356513966131	0.0024261315490	0.0090377531296
 HG02628	0.0346845727071	-0.0040342867023	0.0002662103595	0.0007998460978	0.0002575438118	-0.0012578435999	0.0632199166313	-0.0351404730602	0.0042356347054	0.0004895147372
 HG02629	0.0345986405134	-0.0035128879620	0.0002772629790	0.0005819449098	0.0000405671601	-0.0020112386027	0.0648657319913	-0.0329313237883	0.0049556738722	0.0031076824741
 HG02634	0.0341636751609	-0.0025697710642	0.0009549022472	0.0009289326466	-0.0033035870606	-0.0042694100059	0.0546660283405	-0.0266708791257	-0.0004697318860	0.0027349097197
 HG02635	0.0343277224993	-0.0034799365172	0.0006848479907	0.0008211084718	0.0007426236113	-0.0040480363422	0.0441135061825	-0.0272043703649	0.0034263679486	-0.0043802015124
 HG02642	0.0340657768436	-0.0033898785886	-0.0002417587317	0.0011245358941	0.0013863075376	-0.0020403398852	0.0624319169504	-0.0431736645518	0.0058957277820	0.0057045325758
 HG02643	0.0341890858152	-0.0031783400139	0.0003095311580	0.0013593438080	0.0007573765997	-0.0048297064354	0.0552685455945	-0.0289397433331	0.0055962279679	0.0100139663721
 HG02645	0.0342652684565	-0.0037467495857	-0.0001490215339	-0.0005390108781	-0.0003837122300	-0.0019063841616	0.0723986935888	-0.0481680214772	-0.0002636280390	0.0087573531181
 HG02646	0.0347488581654	-0.0034340361780	0.0007007831915	0.0012586729386	0.0010678347349	-0.0054166030079	0.0718141006661	-0.0417735664910	-0.0000570931899	0.0097529561257
 HG02648	-0.0103397527797	0.0123127729330	-0.0220515763760	-0.0103886313797	0.0007709624296	-0.0006958428443	0.0028678337496	-0.0007487235755	0.0175290809301	-0.0123816610553
 HG02649	-0.0104697555067	0.0128406079241	-0.0235443828695	-0.0091715934036	0.0026828604377	0.0030083391072	-0.0016018580634	0.0037886186448	0.0202703514424	-0.0207102482420
 HG02651	-0.0108201329458	0.0101598243600	-0.0276429483859	-0.0110875920721	0.0073875563749	0.0016789056202	0.0003524934747	-0.0005379447925	-0.0016187327700	-0.0169811743023
 HG02652	-0.0106555893308	0.0106204669616	-0.0267790576118	-0.0115500981513	0.0069360388620	-0.0025092057711	0.0000512002990	-0.0000371926386	0.0065196551019	-0.0127079965361
 HG02654	-0.0105664192782	0.0126452978296	-0.0249265988248	-0.0096047171137	-0.0020152241453	0.0007183694266	-0.0013291238258	-0.0008605412731	0.0125623261302	-0.0114069777340
 HG02655	-0.0105299302619	0.0127153844029	-0.0236150697890	-0.0082008912221	0.0005755973792	-0.0013151257403	0.0005696230717	0.0019895984592	0.0095885407293	-0.0073001409301
 HG02657	-0.0106504928044	0.0087101067074	-0.0299548966278	-0.0111612263017	0.0006879744025	-0.0029220078735	0.0006265851473	0.0023387150608	0.0039115720601	-0.0000175296342
 HG02658	-0.0107458472225	0.0090594447719	-0.0290495017429	-0.0124347357581	-0.0015403231710	-0.0008687256510	-0.0031791852648	0.0038331934732	0.0061138871084	-0.0089289461062
 HG02660	-0.0110801761327	0.0099698492172	-0.0281454229206	-0.0118720301768	0.0022524780043	0.0026322842160	0.0008745214069	0.0030365675507	0.0047145784089	-0.0166274219308
 HG02661	-0.0107046541337	0.0092705439175	-0.0284832197194	-0.0119408872427	0.0079530656020	0.0021958253869	-0.0007363563321	0.0012995285367	0.0026056359267	-0.0122939588302
 HG02666	0.0344988438068	-0.0034959807739	0.0002743029239	0.0005662187226	0.0015659508591	-0.0030220289767	0.0699188351790	-0.0368119631165	0.0035494532615	-0.0013461499210
 HG02667	0.0340823313421	-0.0034267344150	0.0003377403305	0.0007918283187	-0.0003499963646	-0.0030219238611	0.0662633834244	-0.0375211931662	0.0077983487121	0.0232728421213
 HG02675	0.0345745016362	-0.0031953480440	-0.0006743799365	0.0000163519703	-0.0005071707597	-0.0021509219412	0.0628089329145	-0.0308938273008	-0.0037175341970	0.0093050850319
 HG02676	0.0337305192573	-0.0029815007451	0.0007797885241	0.0020714674314	-0.0023764767711	-0.0046404506006	0.0588985751817	-0.0300555065854	0.0058600171473	0.0057425796770
 HG02678	0.0337129456560	-0.0030633781147	-0.0004077050316	0.0009341922755	-0.0015342444439	-0.0036300532893	0.0597408581105	-0.0342974912580	-0.0020838097276	0.0149186841395
 HG02679	0.0344018408933	-0.0032221348433	-0.0002883014056	0.0004104673497	0.0023065477834	-0.0036150380093	0.0600136048045	-0.0319198456673	0.0006617358355	0.0101630709582
 HG02681	-0.0107893034328	0.0118509883666	-0.0256587954439	-0.0084648519386	0.0020284321967	0.0020577725769	-0.0008755966815	-0.0007833673693	-0.0059096272424	-0.0105185004448
 HG02682	-0.0106235545669	0.0118928595808	-0.0253598110131	-0.0080274895417	0.0067336321666	0.0015184160896	-0.0037870886159	-0.0007464684950	-0.0007331648129	-0.0147385318758
 HG02684	-0.0103300675798	0.0068788142489	-0.0355118747427	-0.0143303784219	0.0031571432606	-0.0018756436984	0.0020020479485	-0.0024731454138	-0.0310756750972	-0.0214480215204
 HG02685	-0.0106814610810	0.0068547807966	-0.0358064332471	-0.0158102026686	0.0014385521256	0.0024483149905	0.0006468240468	0.0023870040658	-0.0289664037133	-0.0259220597565
 HG02687	-0.0105716524122	0.0052672475904	-0.0391039023245	-0.0175213974754	0.0017037004049	-0.0014806169148	0.0011360325122	-0.0002023296265	-0.0441805789998	-0.0263371608671
 HG02688	-0.0109402520634	0.0054545433525	-0.0362273475638	-0.0146295590953	0.0019802116638	-0.0007657325052	-0.0003824354590	0.0007021582940	-0.0334603724294	-0.0181387366418
 HG02690	-0.0101872374320	0.0126850598611	-0.0252457756047	-0.0091370374029	0.0001645287946	0.0004825958510	0.0003567093441	0.0018687953081	-0.0051371920325	-0.0188785710218
 HG02691	-0.0105018235065	0.0122156787531	-0.0248505723249	-0.0098561636737	0.0007635442568	-0.0019358689450	-0.0006050486586	0.0006401415114	0.0038646600801	-0.0121046897091
 HG02694	-0.0104014608244	0.0133487325283	-0.0252785960691	-0.0081955298824	-0.0013813131783	-0.0016670221525	-0.0002810763586	0.0000560323316	0.0156667893658	-0.0176262512367
 HG02696	-0.0109302872795	0.0082378483970	-0.0294861180289	-0.0127731488450	0.0069336812516	-0.0005478142453	0.0008115624711	-0.0006096960730	0.0062307552622	-0.0054580921816
 HG02697	-0.0105676189741	0.0115343265401	-0.0261845530773	-0.0104647327286	-0.0024223637420	-0.0021968672452	0.0014957471528	0.0040797231190	0.0073145428040	-0.0151119336796
 HG02699	-0.0105606342226	0.0123025960936	-0.0246246885135	-0.0100704489539	0.0042727067693	0.0020742262587	-0.0005394982637	-0.0011742117522	0.0020136859286	-0.0181286946305
 HG02700	-0.0108772560860	0.0110562864830	-0.0257701930066	-0.0099834710457	0.0023417357689	0.0011130404113	0.0022172856159	0.0008426700992	0.0068535345871	-0.0138035988384
 HG02702	0.0335783113885	-0.0032932081865	0.0004938177506	0.0011039474177	-0.0006037059643	-0.0054879227805	0.0622806947140	-0.0312796552847	-0.0003297123466	0.0087159497198
 HG02703	0.0348870060075	-0.0037174112580	-0.0000695726693	0.0006060621770	0.0006630969306	-0.0059658130812	0.0671645532745	-0.0368840830024	0.0143061217498	0.0092099024035
 HG02715	0.0344993585912	-0.0036590530233	0.0009971718216	0.0004827250196	-0.0002714209259	-0.0049041006903	0.0591602822109	-0.0314995890996	0.0012344378026	0.0066046290210
 HG02716	0.0345541683455	-0.0036048843886	0.0007070961538	0.0002595797170	-0.0013908454321	-0.0045534552072	0.0593475444011	-0.0348537635097	0.0019731199786	0.0028533790374
 HG02721	0.0341876272734	-0.0032567138419	0.0005146799993	0.0010375464381	0.0000828805729	-0.0028508716174	0.0640858443106	-0.0363895854418	0.0008316349371	-0.0022570941048
 HG02722	0.0347743828251	-0.0035975812411	0.0007617967543	0.0005732339810	-0.0007552600857	-0.0018148718327	0.0532410523015	-0.0246438644956	0.0058117959013	0.0077796289667
 HG02724	-0.0109101003946	0.0045995514879	-0.0361436310686	-0.0166326363107	0.0046819133150	0.0050326090164	0.0018007857341	0.0006509608444	-0.0369968560247	-0.0295937510454
 HG02725	-0.0106672826624	0.0044532303782	-0.0373030507854	-0.0166285488006	0.0006805893420	-0.0002481978848	0.0010669932546	0.0012369041076	-0.0319818395861	-0.0335966281713
 HG02727	-0.0105667713815	0.0046429721186	-0.0364463183949	-0.0155134153629	0.0053721480519	0.0012417018382	0.0017621963378	0.0010773521813	-0.0307785344858	-0.0295198144977
 HG02728	-0.0108018301985	0.0040959996906	-0.0366682732417	-0.0163536202097	0.0023670441772	-0.0019631310475	0.0020046400751	0.0015117823361	-0.0333616219393	-0.0230827812818
 HG02731	-0.0104584628719	0.0088975034353	-0.0309273142896	-0.0117917206398	-0.0028152992508	-0.0001542969164	-0.0004151779691	-0.0001946434833	-0.0053281582719	-0.0154934640797
 HG02733	-0.0103939686231	0.0110888837718	-0.0289633932776	-0.0141681875717	-0.0028074824436	0.0011395743843	-0.0007772542515	-0.0004024889985	0.0106157405291	-0.0133812067767
 HG02734	-0.0108663683220	0.0111840166929	-0.0242655131323	-0.0092005178065	0.0026627506497	0.0005252941288	0.0003329207660	-0.0030071791621	0.0135887284446	-0.0158682684627
 HG02736	-0.0107048575733	0.0110994076613	-0.0252115797359	-0.0109972512170	0.0011705516861	-0.0009230476907	-0.0008920212822	0.0019178588688	0.0140445595315	-0.0216603200852
 HG02737	-0.0107119995661	0.0115808298270	-0.0255548859020	-0.0083652542604	0.0025907614623	-0.0007584561452	0.0013270665419	0.0008938580725	0.0135413249143	-0.0210660747859
 HG02756	0.0346397665929	-0.0032038249218	0.0002451621962	-0.0001894385024	0.0001384425948	-0.0015197419170	0.0686676730803	-0.0371180318971	-0.0033034623996	0.0059357155786
 HG02757	0.0343034867636	-0.0033597443471	0.0003882941348	0.0005901768661	-0.0014887471661	-0.0024608681672	0.0667270790648	-0.0334039842462	0.0084750840281	0.0095883875818
 HG02759	0.0347251468355	-0.0032581014812	0.0002686475401	0.0010480808095	0.0007883269013	-0.0041214828120	0.0604259921790	-0.0270011242034	0.0009725251533	0.0034005134418
 HG02760	0.0343537363743	-0.0035698440424	0.0009332710721	0.0009104644317	-0.0022260570033	-0.0041293149279	0.0578138168965	-0.0268401792414	-0.0024106720673	0.0141721344102
 HG02763	0.0344593605086	-0.0036184858574	0.0011405367995	0.0003649502878	0.0002814166319	-0.0018072237065	0.0687260020675	-0.0322003391144	0.0073325503043	0.0036478693632
 HG02768	0.0346780040253	-0.0036111533271	-0.0003070280144	0.0002360973704	0.0010379532454	-0.0007933780415	0.0584582259224	-0.0375050730098	0.0034816586387	-0.0072203174766
 HG02769	0.0343221183564	-0.0037296066208	0.0000293375575	0.0001744969189	0.0000250543326	-0.0022791997236	0.0558729463234	-0.0277270228244	0.0042722537098	0.0022162014305
 HG02771	0.0346987123332	-0.0035666852222	0.0005233544439	0.0005227426720	0.0024798666987	-0.0017724577305	0.0589760791654	-0.0299271297399	0.0016943467189	0.0049538267975
 HG02772	0.0347479868654	-0.0040142984484	-0.0004106108941	0.0009750903066	0.0014062370588	0.0004274475827	0.0644642169562	-0.0366952015040	0.0007125370810	0.0118679788692
 HG02774	-0.0105470692173	0.0070794736058	-0.0329542785062	-0.0129009878914	-0.0011345736835	-0.0043099251273	-0.0004228522980	-0.0004199282516	-0.0258409311626	-0.0133499305292
 HG02775	-0.0107966800830	0.0053770755337	-0.0353839613418	-0.0161350881232	0.0022169116626	-0.0019399004619	0.0020664256206	-0.0019348901620	-0.0307424931288	-0.0253293327484
 HG02778	-0.0107966143918	0.0048300206444	-0.0355860531627	-0.0161635196564	0.0029902919619	-0.0017283846503	0.0006884423912	-0.0018818593609	-0.0270593534083	-0.0291648676119
 HG02780	-0.0110115516673	0.0056551070876	-0.0353521608472	-0.0152309448535	0.0016765533652	0.0005655654023	0.0015463151251	0.0002436788731	-0.0389395803190	-0.0253337678004
 HG02783	-0.0107099404043	0.0050356148799	-0.0366208887622	-0.0155138547685	-0.0021161760508	0.0024303368015	0.0000750560331	-0.0008102227009	-0.0349493479674	-0.0306702891962
 HG02784	-0.0106916802204	0.0061415389457	-0.0361900620889	-0.0171303681843	0.0010269674904	-0.0022593992814	0.0020806951972	0.0014239229159	-0.0266214845770	-0.0230706527614
 HG02786	-0.0107227842206	0.0047471985773	-0.0378538566150	-0.0163549643556	0.0036789386790	-0.0000171806279	-0.0013397302965	0.0017410555557	-0.0323252230292	-0.0241233505076
 HG02787	-0.0106945849717	0.0049077366572	-0.0365105895130	-0.0162996279066	0.0008125657239	0.0015243192868	0.0011969083861	0.0018018173102	-0.0387532253977	-0.0246261833627
 HG02789	-0.0106536824111	0.0049778791826	-0.0355332050807	-0.0148475566578	0.0039729142442	-0.0001012765909	-0.0001849147339	0.0013838207572	-0.0246416624422	-0.0304462398750
 HG02790	-0.0108128351513	0.0047186717717	-0.0359785425029	-0.0166673648027	0.0030396719054	-0.0001888863834	0.0009239307204	-0.0019464567155	-0.0368057503724	-0.0214180902968
 HG02792	-0.0108506348262	0.0050080056180	-0.0366422808932	-0.0164411538500	0.0037521253935	0.0010507607595	0.0000607899802	0.0005451054566	-0.0293923233125	-0.0392693045174
 HG02793	-0.0106663048887	0.0051832224635	-0.0379866017694	-0.0154369775104	0.0040053269022	0.0024385375343	0.0009779899883	-0.0018218820047	-0.0461580493110	-0.0240764022155
 HG02798	0.0348876162248	-0.0036672859058	0.0002565449368	-0.0001362029499	-0.0001320845854	-0.0015825049173	0.0617533026947	-0.0346518461561	-0.0060492692302	0.0091929302994
 HG02799	0.0341343061548	-0.0032153306755	-0.0003735131752	0.0012810335083	0.0027849354314	-0.0026428148978	0.0592281237653	-0.0326355262556	0.0014636299336	0.0014234033912
 HG02804	0.0349050467137	-0.0038931441795	-0.0001509828395	0.0000080741749	0.0007375217739	-0.0009045375694	0.0684238220877	-0.0412871026553	0.0124483652359	0.0062616879828
 HG02805	0.0351300140585	-0.0039423558541	-0.0000251703798	0.0007153792009	-0.0006588536791	0.0000908258160	0.0683181329555	-0.0417299433244	0.0071852518404	0.0039626490066
 HG02807	0.0338959760856	-0.0030453873095	0.0009375516278	0.0006644056787	-0.0010096726303	-0.0050180046850	0.0568009364007	-0.0335251639390	0.0030795916862	0.0053912130651
 HG02808	0.0340105335106	-0.0031146218577	0.0009571923659	0.0009157821592	-0.0003582794668	-0.0041825766795	0.0634723029943	-0.0341148727559	0.0027466886827	0.0020780234068
 HG02810	0.0315793292931	-0.0012737852244	0.0018220000216	0.0028590992885	-0.0051413854846	-0.0071036005702	0.0478370521152	-0.0279547202844	-0.0009309928967	0.0169411050662
 HG02811	0.0345856299087	-0.0037721701640	-0.0006752850764	0.0002584897603	-0.0009659007886	-0.0009093990188	0.0606247385842	-0.0335667452458	0.0012010154967	0.0102707073796
 HG02813	0.0345509478196	-0.0034431555667	0.0005777899996	0.0004709502249	-0.0032971084099	-0.0024733381604	0.0698759089665	-0.0367718143767	0.0024411895106	0.0128415814727
 HG02814	0.0347512378309	-0.0037141557405	-0.0003922411314	-0.0000088687969	-0.0002794084524	-0.0014091914439	0.0601632982468	-0.0305226554398	-0.0015239964536	0.0069954219743
 HG02816	0.0342836379436	-0.0035557893433	0.0010028521212	0.0012213361385	0.0021406267907	-0.0032625051028	0.0602959808507	-0.0324249299154	0.0057718620042	0.0104079870437
 HG02817	0.0337665546954	-0.0030493282354	0.0007911097047	0.0010848829413	0.0004220642167	-0.0031214012397	0.0575032121036	-0.0384598046518	-0.0012529917888	0.0097664251135
 HG02819	0.0350746175099	-0.0036060912948	0.0000957204974	0.0008789674360	0.0015177894637	-0.0007489631737	0.0645362644973	-0.0330673487611	0.0003443546996	0.0047293507190
 HG02820	0.0349398423897	-0.0038269575988	0.0003573178237	-0.0002219499167	0.0007328081697	-0.0032249245192	0.0624808421826	-0.0340442040625	0.0016363830039	0.0011353951965
 HG02836	0.0342650165083	-0.0034938263554	-0.0002914340013	-0.0005296381242	-0.0004213535862	-0.0029110341629	0.0664764586905	-0.0380524515651	0.0051726548751	0.0164304112146
 HG02837	0.0341000751082	-0.0031441491502	-0.0005646462523	0.0002350821587	-0.0007909805532	-0.0015761495493	0.0659280287349	-0.0383217681029	-0.0010365411927	0.0044270621089
 HG02839	0.0342457114701	-0.0033918135985	-0.0003937940265	0.0005855019903	0.0013202217792	-0.0039520331936	0.0677207084113	-0.0403979619933	0.0050976578196	0.0064098818864
 HG02840	0.0341320586618	-0.0029920686373	0.0005304182181	0.0014969862417	-0.0005969116103	-0.0051629007655	0.0583375082814	-0.0314503365465	0.0035361803842	0.0115914591843
 HG02851	0.0346945630561	-0.0033908521179	0.0010534468132	0.0004473829889	0.0005022243466	-0.0015651833472	0.0420131126144	-0.0133770862146	0.0009981474707	0.0046137644324
 HG02852	0.0339095707237	-0.0027890104483	-0.0004442399016	0.0004179514183	-0.0029328642305	-0.0040772162349	0.0701203675231	-0.0395894681871	0.0015712301727	0.0113448040126
 HG02854	0.0347589005643	-0.0033765839154	0.0001830155509	0.0005094486910	0.0004579136520	-0.0039154973713	0.0542382214995	-0.0281401282745	-0.0002961744330	-0.0012447089174
 HG02855	0.0339994497320	-0.0036233466745	-0.0004480098158	0.0000809604054	-0.0020339741382	-0.0040067444489	0.0668422467988	-0.0374416257636	0.0014316351114	0.0051670459770
 HG02860	0.0342845186967	-0.0037002688033	0.0004902254685	0.0003095681228	0.0021439954000	-0.0012896934304	0.0643767993141	-0.0357453345938	0.0084974696747	0.0059660494490
 HG02861	0.0341272304218	-0.0034485117091	0.0016159137333	0.0002619118031	-0.0021086976498	-0.0042553723992	0.0710035057265	-0.0441200739954	0.0083255488125	0.0094506038995
 HG02870	0.0344618006187	-0.0032210310674	0.0001267682591	0.0004092294263	0.0003446464585	-0.0023236176071	0.0554926004237	-0.0294043560631	0.0005112093375	0.0116063428971
 HG02878	0.0341495579084	-0.0039854331774	0.0002839967949	-0.0000116798208	0.0017938931535	-0.0026541329716	0.0689816844144	-0.0394758060245	0.0070236175866	0.0112487042399
 HG02879	0.0344704369007	-0.0034440003693	-0.0001430423321	0.0002839602538	0.0009593147867	-0.0044536557460	0.0610899514122	-0.0372189798960	-0.0010921329749	0.0041461146204
 HG02881	0.0350228625350	-0.0038565022950	0.0000454635453	0.0011042570144	0.0008988470523	-0.0026522696952	0.0593230042008	-0.0279661466707	-0.0022263622680	-0.0002291943343
 HG02882	0.0343000587237	-0.0033095465869	0.0000244030945	0.0002047247843	-0.0015765122089	-0.0024299356398	0.0610553572669	-0.0360192631026	0.0030238970817	-0.0014807867106
 HG02884	0.0343940320545	-0.0032498864264	-0.0003327914122	0.0003262252848	0.0001452621723	-0.0041295459760	0.0598493811246	-0.0388365758731	0.0057349031594	0.0069041381786
 HG02885	0.0338859879017	-0.0033810494113	-0.0006564331769	0.0009238669008	0.0016632225341	-0.0041442833835	0.0638713610749	-0.0398107874634	0.0041824731817	0.0146342618566
 HG02887	0.0348115177654	-0.0038689302359	-0.0002610962484	0.0004747952163	-0.0011261893900	-0.0026200533488	0.0700599652401	-0.0436049854782	-0.0004322426473	0.0180978947408
 HG02888	0.0343742866748	-0.0032541449789	0.0002335380107	0.0001949914649	0.0013683687771	-0.0020274151483	0.0616105631281	-0.0366299984646	0.0038897972003	0.0051150240750
 HG02890	0.0339614555148	-0.0033712486012	0.0003789585215	0.0006708241645	0.0008164969309	-0.0025378258672	0.0536537934853	-0.0275640296466	0.0009315328589	0.0106138267400
 HG02891	0.0342175244102	-0.0034768503071	0.0009810890070	0.0009413875731	-0.0013273361647	-0.0058521297078	0.0557171566157	-0.0268271040681	0.0024921045053	0.0072284656623
 HG02895	0.0346570362233	-0.0037209518785	0.0007261366994	0.0005201569586	-0.0019530236048	-0.0042106123967	0.0737895473923	-0.0440824435821	0.0042513247595	0.0144169124637
 HG02896	0.0344081303885	-0.0035825320762	0.0006587922803	0.0002990112769	0.0010969478764	-0.0056040015082	0.0731028552424	-0.0469723078315	0.0072611690112	0.0132033065371
 HG02922	0.0359580336977	-0.0041394811062	0.0003361280267	0.0002963941678	0.0057069476296	0.0050745214137	-0.0194228044784	0.0464935027313	0.0006059499737	0.0101251622356
 HG02923	0.0356491988242	-0.0040391568121	0.0003690266089	-0.0004618124525	0.0031051232024	0.0022400834845	-0.0184073013657	0.0498637363361	-0.0003629565567	0.0120162763313
 HG02938	0.0357473330886	-0.0040284659374	0.0005792897870	-0.0010983743368	0.0014560173470	0.0046398657769	-0.0185172882803	0.0462974727382	0.0002010186051	0.0093889624970
 HG02941	0.0356530760645	-0.0041652314241	-0.0005649955859	-0.0001432371259	0.0034996794629	0.0023552172275	-0.0202523900168	0.0428626820673	-0.0043847026407	0.0015325306399
 HG02943	0.0355535564253	-0.0039869713933	-0.0002695649909	0.0008336775869	0.0035253673722	0.0061444872086	-0.0188974781894	0.0482345599330	0.0041079419607	0.0002191438402
 HG02944	0.0355873572915	-0.0039468993516	-0.0000209387188	0.0004167282989	0.0032391323983	0.0057277129048	-0.0216634754575	0.0453848133364	-0.0050769777785	0.0118344919542
 HG02946	0.0357357364067	-0.0039781379838	0.0005291070714	-0.0009125999754	0.0024403853369	0.0043238798576	-0.0230642429390	0.0468501181023	0.0044590387540	0.0071603291783
 HG02947	0.0358041567563	-0.0042895320117	-0.0000146409312	0.0001908449704	0.0013908267782	0.0051540147705	-0.0212388261640	0.0378304183157	-0.0043315560454	0.0121057129869
 HG02952	0.0355069383778	-0.0040279739021	0.0009807977760	-0.0003195938800	0.0032272901672	0.0019562541697	-0.0173569044794	0.0460110946145	0.0037209351631	0.0038023874853
 HG02953	0.0354980735819	-0.0041433820074	0.0007885128658	-0.0000379884889	0.0034303466438	0.0022660177417	-0.0233580333080	0.0480456094615	-0.0092389340550	0.0150703639399
 HG02968	0.0355051415425	-0.0037630162461	0.0001720162896	0.0007726910280	0.0028996721534	0.0038579024946	-0.0171127176239	0.0464783636242	-0.0011957764506	-0.0029192839977
 HG02970	0.0357901158208	-0.0041456262064	0.0005414307572	0.0003122496759	0.0059373085449	0.0038905944114	-0.0173264731286	0.0392651783341	-0.0023636561798	0.0082048674317
 HG02971	0.0359008002523	-0.0037109743990	-0.0000692181132	0.0008591463434	0.0047850109854	0.0057489993391	-0.0205161625214	0.0421696747089	0.0013303715663	0.0012718921008
 HG02973	0.0358570445281	-0.0040063158957	0.0009929035119	-0.0000924804941	0.0023226562813	0.0044827237292	-0.0187832469532	0.0452714997982	0.0027108899089	0.0094218240271
 HG02974	0.0358079111134	-0.0039685134672	0.0003912513186	0.0007057156215	0.0029899071296	0.0044077471538	-0.0195809265288	0.0491608200526	-0.0034036109710	0.0118531141628
 HG02976	0.0355028927832	-0.0041178104518	0.0007108531682	0.0003623040403	0.0067081628688	0.0032184575744	-0.0157684302576	0.0422294357941	-0.0018620063104	0.0062299892004
 HG02977	0.0356404953010	-0.0041352207644	0.0006629065347	0.0007372881898	0.0008231079812	0.0044394088281	-0.0226015675224	0.0503376797361	0.0006957630577	0.0073297777786
 HG02979	0.0355614999938	-0.0036976454986	0.0003777714263	-0.0003337861917	0.0004712714894	0.0042696874094	-0.0219010905604	0.0280727302690	-0.0015605803961	0.0092074732519
 HG02981	0.0355509005971	-0.0040560222416	0.0003751641560	-0.0002767410473	0.0031745791158	0.0019524523219	-0.0193063941947	0.0426290486045	-0.0010699827480	0.0086752948550
 HG02982	0.0344686492387	-0.0035773519746	0.0005094333516	0.0009818020220	0.0006935669982	-0.0013844942786	0.0647925946526	-0.0368218200175	0.0035891808111	0.0080975200835
 HG02983	0.0341921164101	-0.0031306964173	-0.0000668894866	0.0006216180933	0.0013415728506	-0.0025566736796	0.0638063454877	-0.0353066567527	0.0027315157130	0.0115843432280
 HG03006	-0.0111691239046	0.0017848220216	-0.0334651938415	-0.0143157875928	-0.0013913365146	0.0043523506601	0.0004524087784	0.0010038157441	-0.0116215289659	0.0020626315935
 HG03007	-0.0111257989500	0.0016668205668	-0.0338696967490	-0.0159106070317	0.0037138515031	0.0028481535487	-0.0011932179564	0.0002295208703	-0.0117867274523	0.0090275481795
 HG03009	-0.0112832077988	0.0016094689594	-0.0318757972265	-0.0132953016207	-0.0003015308083	-0.0003689996301	0.0038242016011	0.0007894807412	-0.0100390978417	-0.0002513023016
 HG03012	-0.0108365694300	0.0008951058411	-0.0342436430292	-0.0134517083419	-0.0010100924449	-0.0011366599496	0.0022797763853	0.0018797424865	-0.0080924356061	0.0015715210482
 HG03015	-0.0108594892252	0.0051143546040	-0.0352889472551	-0.0165207798452	0.0056476518498	-0.0009870072446	-0.0004870098827	-0.0008536096178	-0.0340526327639	-0.0275655519201
 HG03016	-0.0104273219485	0.0054753320389	-0.0351179973236	-0.0170652031388	-0.0000850235699	-0.0016392553604	-0.0005598870821	-0.0018060740160	-0.0371767086391	-0.0201756587553
 HG03018	-0.0105664821094	0.0058753006018	-0.0360322697569	-0.0152949398494	0.0031909473883	0.0007678688745	0.0000675156650	-0.0035772171906	-0.0273029457587	-0.0369157848209
 HG03019	-0.0105235658175	0.0047529737191	-0.0373577142488	-0.0154321292528	0.0046583779548	0.0009530483474	-0.0013061599644	-0.0004849604686	-0.0335144758902	-0.0236320410961
 HG03021	-0.0107760104063	0.0050938064903	-0.0368571487958	-0.0164890707084	0.0038875664567	0.0008135345862	-0.0011724978002	-0.0003783425321	-0.0314819545638	-0.0278445228383
 HG03022	-0.0106537958732	0.0071770363159	-0.0341121189485	-0.0159008973338	0.0021772107899	0.0035161065441	0.0009432408898	-0.0032376662077	-0.0340475440361	-0.0244794767370
 HG03024	0.0345283794774	-0.0033517173845	0.0003131761859	-0.0004223678097	-0.0002374998702	-0.0009833618508	0.0616453011364	-0.0352353386583	0.0035175584396	0.0061054008450
 HG03025	0.0350104062013	-0.0039775574925	0.0010723058028	0.0009341372100	0.0024310281216	-0.0019305813484	0.0590636907115	-0.0365687928325	0.0027621954527	0.0022440214348
 HG03027	0.0348382737693	-0.0036748821608	-0.0006008345946	-0.0002088793486	0.0001901851587	-0.0011905813276	0.0628772112769	-0.0347457549738	0.0044908003863	-0.0010600814783
 HG03028	0.0345248307972	-0.0036144091982	0.0001369236557	0.0001553746151	-0.0010706659029	-0.0010108147134	0.0604253939116	-0.0337610328066	0.0084559705059	0.0036535933143
 HG03039	0.0351110784662	-0.0036132683507	0.0001426855718	0.0013794299363	0.0002582046167	-0.0025592470656	0.0552112382372	-0.0237569912946	0.0016026713018	0.0109945054820
 HG03040	0.0350036200148	-0.0034885753135	0.0000682105244	0.0007956437581	0.0016641102007	-0.0002466015209	0.0335994907419	-0.0066983755185	-0.0024144923133	-0.0060330377630
 HG03045	0.0336976756569	-0.0038507916604	0.0001535501339	0.0008013418309	-0.0023800044518	-0.0047231889052	0.0561517790595	-0.0319552007394	-0.0017361257068	0.0023834549573
 HG03046	0.0340648232225	-0.0033164852165	-0.0003321928221	0.0003570629854	-0.0013205386845	-0.0033757411712	0.0579588307056	-0.0321873507452	0.0007424620842	0.0068587196976
 HG03048	0.0345476798292	-0.0036117802743	0.0009931165221	0.0000685459794	0.0008184973927	-0.0051869979154	0.0630003144162	-0.0402956575051	0.0016756697928	0.0038308016073
 HG03049	0.0346119593410	-0.0035434124103	0.0006724958773	0.0007008896586	-0.0033624646631	-0.0036580088926	0.0656490417408	-0.0403698907707	0.0081239679394	0.0116089567022
 HG03052	0.0354547642488	-0.0038614200940	0.0000309201869	0.0005586231670	0.0023107394742	-0.0004597950267	0.0286620088315	-0.0119258825251	-0.0007292665115	-0.0260189360523
 HG03054	0.0355564381440	-0.0044957456773	0.0004652202791	0.0003782913958	0.0027042460675	0.0008826737466	0.0391584195969	-0.0064328115431	0.0025863419939	-0.0243429859083
 HG03055	0.0353072933770	-0.0036213646416	0.0000725458538	-0.0001836495993	0.0040215777290	-0.0003460437416	0.0288459404989	-0.0146007028744	-0.0014741432835	-0.0249678782261
 HG03057	0.0355185357108	-0.0039779225692	0.0005117755617	-0.0000802188324	0.0032670190727	0.0016450793297	0.0373158367543	-0.0123900141071	-0.0037503634458	-0.0213914682844
 HG03058	0.0352046174270	-0.0038323958168	-0.0001961778614	0.0007757565804	0.0029947497744	0.0013337213211	0.0381026292586	0.0007732305396	-0.0001126672234	-0.0155090649580
 HG03060	0.0355191601052	-0.0040194065887	0.0000347528038	-0.0002583879320	0.0009741242949	0.0030737414334	0.0331549734604	-0.0063163701513	0.0022087511766	-0.0244375424202
 HG03061	0.0355800950096	-0.0039181461778	-0.0001156633730	-0.0001493323948	0.0045537168270	0.0015646090555	0.0354293358996	-0.0064401952211	-0.0002985841136	-0.0191353427451
 HG03063	0.0352215991952	-0.0042836032111	-0.0002908455321	-0.0010442132345	0.0022130345980	-0.0023620372130	0.0389946237894	-0.0113621716014	0.0083375563158	-0.0180158171794
 HG03064	0.0355577575070	-0.0042199870147	0.0002691080920	0.0000859645692	0.0017907967076	0.0010572662156	0.0297075580770	-0.0056085748910	0.0036986190650	-0.0205926427771
 HG03066	0.0353615849657	-0.0038148091641	-0.0003294312453	-0.0008553779807	0.0015683003664	-0.0022874028874	0.0318559780106	-0.0070639106824	-0.0012505754289	-0.0164781729420
 HG03069	0.0354904180903	-0.0041934663798	0.0005096879233	-0.0000733896176	0.0050451142861	0.0003467852215	0.0353304597243	-0.0046027850619	-0.0041282053155	-0.0188246631505
 HG03072	0.0355376608167	-0.0041876382854	0.0006187609767	0.0001415149428	-0.0002753227853	0.0018003220395	0.0364277164843	-0.0093254840012	-0.0002389461428	-0.0203849339511
 HG03073	0.0351745459027	-0.0037507741786	0.0005357254430	0.0001817444516	0.0017024779751	0.0017674386747	0.0382104601280	-0.0093254981444	-0.0018386076204	-0.0205521907518
 HG03074	0.0358937672670	-0.0039010953462	0.0001384885627	0.0002320869841	0.0022169425546	0.0004528978671	0.0369351616421	-0.0061712786389	-0.0021824846258	-0.0237359292841
 HG03077	0.0356015001617	-0.0038901266153	0.0000929671588	0.0001859381499	0.0009726031675	-0.0010663209835	0.0341022608937	-0.0044609080482	0.0041537370654	-0.0198390012222
 HG03078	0.0353804783425	-0.0038232056491	0.0008502021588	-0.0001369970928	0.0019793651475	0.0027216255663	0.0356141470030	-0.0040905131721	0.0041213047666	-0.0198914038892
 HG03079	0.0355385677374	-0.0042767723918	0.0004506649573	-0.0003303253407	0.0039886591694	0.0020934600840	0.0334734304996	-0.0095636431252	-0.0039834188257	-0.0230542689111
 HG03081	0.0357146290210	-0.0041584706272	0.0004929040957	-0.0000497014862	0.0019578051281	0.0006244229199	0.0296219019762	-0.0041946597825	-0.0036983775112	-0.0146773705610
 HG03082	0.0354244071521	-0.0038465640986	0.0011049150049	-0.0002471546560	0.0046153140276	0.0012642984695	0.0403216880745	-0.0119729378365	-0.0019251535361	-0.0290255412936
 HG03084	0.0353989686683	-0.0040217208642	-0.0003275285196	-0.0003112864324	0.0023646140528	0.0021522869306	0.0351403725009	-0.0114167790752	0.0013217805928	-0.0161476446976
 HG03085	0.0354194476027	-0.0040612169802	-0.0000419139950	-0.0000920005576	0.0007599914492	-0.0012894213737	0.0297170333477	-0.0034555592422	-0.0058919967527	-0.0223828618375
 HG03086	0.0351707947681	-0.0038973894847	0.0007737168855	-0.0000628073465	0.0003483183277	0.0011046244448	0.0300816652450	0.0001134669844	-0.0064181294303	-0.0204521004011
 HG03088	0.0349360008254	-0.0035091979110	0.0002946115217	0.0003005965831	0.0018444136121	-0.0017199055523	0.0406386576405	-0.0107765687830	-0.0004105168653	-0.0091978354800
 HG03091	0.0355554721548	-0.0037173847031	0.0000735384583	-0.0000591174133	0.0026614319064	0.0010043007985	0.0340896204097	-0.0058888198215	0.0009735592907	-0.0246660752498
 HG03095	0.0353682033022	-0.0042327458181	0.0006588949165	-0.0002845104644	0.0048728715702	0.0025580380585	0.0370406713675	-0.0094933163791	-0.0025677329649	-0.0157608673902
 HG03096	0.0354065512949	-0.0040777825182	0.0004786197390	-0.0008875749343	0.0024227358660	-0.0011369016967	0.0338013559374	-0.0069119631634	-0.0091062974717	-0.0179221655028
 HG03097	0.0358136681893	-0.0039555799711	0.0010719465655	0.0007942712301	0.0037209004693	0.0038763244418	0.0335932873696	-0.0086869010722	-0.0032508164996	-0.0298876871107
 HG03099	0.0361167707544	-0.0042949299612	0.0006453719642	-0.0001124814276	0.0036285750429	0.0054058838371	-0.0263072925781	0.0489813174820	0.0064861837564	0.0150900239136
 HG03100	0.0355133137127	-0.0041706956190	0.0002292749446	-0.0002839421032	0.0037990748904	0.0036792954326	-0.0194471314600	0.0473831262498	-0.0009852274052	0.0123017620301
 HG03103	0.0356614932776	-0.0042693959536	0.0001344060378	-0.0002361072924	0.0058061833529	0.0059847989036	-0.0173667026288	0.0454133126449	0.0062208188581	0.0124849926144
 HG03105	0.0360655940241	-0.0039471357837	0.0002524088880	0.0006910122116	0.0018276830647	0.0058114527078	-0.0220153182464	0.0490516414026	-0.0026888237376	0.0098681704721
 HG03108	0.0358245047581	-0.0040035687913	0.0001745261684	-0.0006816980997	0.0056252179569	0.0047189282057	-0.0208485284870	0.0507965810748	0.0018148780967	0.0110192857446
 HG03109	0.0357041057742	-0.0041627538078	-0.0000652477717	-0.0003298918843	0.0037753911294	0.0038888769183	-0.0192215682937	0.0443757508487	-0.0018881963380	0.0118322170245
 HG03111	0.0357988544532	-0.0045028314821	0.0004626252168	-0.0005181483932	0.0012806030927	0.0051812299291	-0.0220931632125	0.0371668977584	-0.0058192961648	0.0103370003592
 HG03112	0.0357389488661	-0.0038415198865	0.0008505956195	0.0009882444519	0.0011391390967	0.0045964894861	-0.0223713824941	0.0406138269004	-0.0088543611888	0.0044730250660
 HG03114	0.0356786197271	-0.0042459974364	-0.0003825512609	-0.0005815495860	0.0049883152086	0.0039068440537	-0.0217284880019	0.0506537005680	-0.0075405965935	0.0111861894365
 HG03115	0.0358769562152	-0.0041756123878	0.0002596831029	0.0000787677477	0.0018905397513	0.0046877354288	-0.0176785382184	0.0460825532317	-0.0002194323869	0.0010932890230
 HG03117	0.0358089265757	-0.0039076538054	-0.0008124701402	0.0003541562395	0.0011747301569	0.0040400136275	-0.0227654674267	0.0437556964644	-0.0046863000955	0.0029753984697
 HG03118	0.0358193988247	-0.0036092042597	-0.0006407929595	-0.0002405830522	0.0020553566170	0.0044865155362	-0.0204208749779	0.0466377992580	-0.0008961343710	0.0073394476914
 HG03120	0.0357136012978	-0.0037282347612	0.0001804269572	-0.0000593490537	0.0021254594112	0.0034657694410	-0.0190580637673	0.0455844060236	-0.0016319956029	0.0083582611509
 HG03121	0.0359065727113	-0.0044204723292	-0.0000875899972	0.0002058108555	0.0016519824341	0.0027574096511	-0.0236789504505	0.0464695695945	-0.0004357324475	0.0011108462722
 HG03123	0.0358043775237	-0.0043207306513	0.0004846767516	-0.0002267856744	0.0026142281638	0.0037343615753	-0.0237590141320	0.0481766187198	-0.0013497355418	0.0126234330630
 HG03124	0.0359128554882	-0.0042715567254	0.0004437783738	-0.0003713421775	0.0031900725018	0.0036734513483	-0.0189481056882	0.0453922295681	-0.0041337267614	0.0095606063934
 HG03126	0.0358853484599	-0.0040450591698	0.0007704265198	0.0008088304183	0.0056483423730	0.0053890250034	-0.0194040484617	0.0478650835702	-0.0051686723301	0.0083163093662
 HG03127	0.0358441167776	-0.0044939501737	0.0012452379110	0.0002793351230	0.0017388436841	0.0032005861565	-0.0199502778591	0.0487493947835	-0.0082409969941	0.0168932398779
 HG03129	0.0361671890124	-0.0040609810147	0.0010698288135	0.0011127895679	0.0029445685469	0.0049694297367	-0.0216948047752	0.0485744762278	0.0021163758853	0.0043201519555
 HG03130	0.0354289990700	-0.0046301286628	0.0005656268605	0.0007625237955	0.0046860516160	0.0042124690922	-0.0196313572028	0.0463325839162	0.0000402207468	0.0092944533718
 HG03132	0.0358324671178	-0.0039224798632	0.0009374687378	0.0000244749855	0.0015561330749	0.0028504045162	-0.0157652932409	0.0434058774908	-0.0014429912309	0.0003898289817
 HG03133	0.0356265634512	-0.0041129452146	0.0012270623056	0.0001444643356	0.0042318157317	0.0016688926130	-0.0141706690838	0.0502125749985	-0.0035633449108	0.0079878353139
 HG03135	0.0359497104681	-0.0043041147917	0.0006574653042	0.0007075838900	0.0053069466688	0.0003846728675	-0.0208568340271	0.0392996274143	0.0063484239245	0.0076339880269
 HG03136	0.0355469503929	-0.0040015533186	0.0006235533644	-0.0003054641769	0.0034521271376	0.0062368971757	-0.0232681872606	0.0499702313155	-0.0111992016732	0.0081489574247
 HG03139	0.0356584424829	-0.0039333105605	0.0003369445677	0.0001815506989	0.0020326193049	0.0068085990010	-0.0243916718304	0.0466943424786	-0.0010710541849	0.0090909792080
 HG03157	0.0360159161913	-0.0040754486576	-0.0000426656076	0.0000688229904	0.0043440367186	0.0011460052129	-0.0178158350759	0.0435854627255	-0.0067609101884	0.0096760402296
 HG03159	0.0360933173354	-0.0041741403263	-0.0003892407646	0.0001398958950	0.0009465291535	0.0039369641043	-0.0211128399374	0.0437712173556	-0.0041602897993	0.0074600580154
 HG03160	0.0355894319445	-0.0041584658206	0.0001594498477	0.0012361668507	0.0022598868837	0.0018755831638	-0.0184608356301	0.0438523705973	-0.0016101550560	0.0011702629930
 HG03162	0.0356470117575	-0.0040272376902	-0.0004350701943	0.0003453182426	0.0061778359828	0.0043067932750	-0.0230473576943	0.0466159262170	0.0028539305839	0.0106166041292
 HG03163	0.0356825035641	-0.0040717992261	0.0009228222147	0.0005744770373	0.0048953930367	0.0035377423499	-0.0246060084332	0.0492252986056	-0.0061643850383	0.0082335012481
 HG03166	0.0359417597644	-0.0044335377889	0.0011445294803	-0.0004054461248	0.0051954737130	0.0039478419991	-0.0218732753799	0.0498224274749	-0.0000499200828	0.0089329441350
 HG03168	0.0354774353433	-0.0039909758152	-0.0007141664227	0.0004615791804	0.0027625353434	0.0004296076365	-0.0216311535236	0.0394942341222	0.0013024582637	0.0101137478098
 HG03169	0.0357193222539	-0.0041173038557	0.0005095655387	0.0004629778291	0.0019783291370	0.0046393060384	-0.0224088166802	0.0433173729404	0.0029560474734	0.0040498340939
 HG03172	0.0354301270090	-0.0038305214313	0.0010266337204	0.0016481277526	0.0024204327623	0.0038593170452	-0.0180139542473	0.0375564190288	-0.0040970661882	0.0107456224459
 HG03175	0.0359344902922	-0.0039693596709	0.0002542932751	0.0004365027518	0.0010997771279	0.0066093151622	-0.0190865126074	0.0516464804187	-0.0094755757083	0.0069128345201
 HG03189	0.0356861375116	-0.0043289750906	0.0001810258174	0.0010704115840	0.0028653015980	0.0049563056495	-0.0188654408540	0.0423796371601	-0.0016574235179	0.0084408921040
 HG03190	0.0354592201398	-0.0041066177578	0.0017355654780	-0.0002098733440	0.0024295798096	0.0020045628014	-0.0243420302692	0.0441784665397	0.0010003839469	0.0127010715089
 HG03193	0.0353785543388	-0.0044942652435	0.0009884743519	-0.0005423723926	0.0038518360921	0.0049610146468	-0.0229194955064	0.0447096173628	-0.0010933275696	0.0153258279404
 HG03195	0.0355392608298	-0.0041208510166	-0.0003320727364	0.0008943860040	0.0045323252614	0.0042941418675	-0.0220720215999	0.0439817842754	-0.0018337914364	0.0117194336903
 HG03196	0.0355235061641	-0.0038005004657	0.0001272172919	0.0006833720193	0.0040805952751	0.0037485171741	-0.0212584755334	0.0414964016202	0.0027034597600	0.0155455944678
 HG03198	0.0352903027847	-0.0037877580876	0.0001315449243	-0.0001974548427	0.0028837354343	0.0039857376791	-0.0233677024461	0.0487678562684	-0.0002375093261	0.0112921772577
 HG03199	0.0360513637073	-0.0033787339276	-0.0006432100836	0.0002933122782	0.0019810534575	0.0063959634663	-0.0199525671707	0.0449489144001	0.0010634027125	0.0117356069388
 HG03202	0.0354434641330	-0.0044900938659	0.0002627126158	0.0012863285503	0.0050418135523	0.0036523943025	-0.0258585076042	0.0422704938138	0.0014330609437	-0.0028162400217
 HG03209	0.0357424687669	-0.0043212880918	0.0006216790602	0.0010219032232	0.0028786801759	0.0013976708325	0.0346273156280	-0.0065711147152	0.0002199806915	-0.0219211450247
 HG03212	0.0355335935119	-0.0041852616953	0.0012559831965	-0.0000477819193	0.0018405182195	0.0025979777413	0.0316131354909	-0.0044020266857	-0.0020573639776	-0.0251395939088
 HG03224	0.0355100546045	-0.0039739715196	0.0006517316591	-0.0005329903974	0.0029088405288	-0.0002969759965	0.0311230754422	0.0014197613281	0.0014393482463	-0.0212960884520
 HG03225	0.0358211060824	-0.0035860458849	-0.0006826584556	0.0002341237179	0.0004635078186	-0.0003447267599	0.0339356161888	-0.0040863460890	0.0001052745613	-0.0250810275037
 HG03228	-0.0105694945714	0.0055104725765	-0.0339403547429	-0.0136532245255	-0.0020073265627	0.0025303300202	0.0002561954507	-0.0021864460327	-0.0098988149924	0.0023977568440
 HG03229	-0.0104812009138	0.0062705429188	-0.0340263259192	-0.0140146893011	0.0026730168394	0.0028580171688	-0.0001756403290	-0.0005344367125	-0.0162456780096	-0.0045486162955
 HG03234	-0.0104789069942	0.0113052318757	-0.0264543879003	-0.0094194201546	0.0009869246713	-0.0037297081735	0.0021440067949	0.0016644400493	0.0103514617346	-0.0064829718934
 HG03235	-0.0103815622484	0.0106088821604	-0.0281392516816	-0.0115299127842	-0.0024054139497	0.0009977961176	-0.0000390894326	-0.0020924069411	0.0076622900181	0.0003533612201
 HG03237	-0.0105864207063	0.0123034071058	-0.0254293408889	-0.0094249008074	0.0011568314273	-0.0021749845630	0.0003917371965	0.0032787272379	0.0082830037200	-0.0152883938187
 HG03238	-0.0102964088435	0.0140260213865	-0.0239495692057	-0.0073958920139	-0.0008945418404	-0.0011096142748	0.0008054324705	0.0033693752809	0.0143821282368	-0.0165199062939
 HG03240	0.0348161357289	-0.0035698277101	0.0009465496631	0.0001624538794	0.0019394499198	-0.0004245766288	0.0635272937528	-0.0363707241572	0.0101659525811	0.0028744065517
 HG03241	0.0352995131531	-0.0040934577541	-0.0007655861832	-0.0010811775619	0.0001150775771	-0.0022791069600	0.0597519105032	-0.0280968205108	0.0057225058661	0.0077784610618
 HG03246	0.0340993416076	-0.0030504518928	0.0005625307808	0.0005649124806	-0.0012034474747	-0.0052142192762	0.0704470730723	-0.0353862705833	0.0031495411941	0.0154897098185
 HG03247	0.0345120835838	-0.0030479767516	-0.0003452088110	0.0000627434577	0.0010551122774	-0.0039032206892	0.0597671307739	-0.0257427074514	0.0011989305450	0.0117916057152
 HG03258	0.0342760688749	-0.0034119185823	0.0000511859130	-0.0000610784544	0.0006244997732	-0.0039738219982	0.0667118758971	-0.0308035173888	-0.0020126679970	0.0059793833632
 HG03259	0.0340136609260	-0.0030465145266	-0.0004305751455	-0.0001246600308	0.0010148004755	-0.0041166924016	0.0670926137003	-0.0443796060186	0.0044264598605	0.0041501830873
 HG03265	0.0360316606606	-0.0039087026713	0.0007651148402	0.0002812084440	0.0032361420455	0.0029515709283	-0.0180483907238	0.0480330479413	-0.0024689914775	0.0046461024315
 HG03267	0.0355128381005	-0.0042184886593	0.0001367078604	0.0003978479295	0.0007116379172	0.0014867114440	-0.0226754294266	0.0446223776305	-0.0063710674078	0.0106019572044
 HG03268	0.0356574807748	-0.0045290761345	0.0005620716000	-0.0001390756627	0.0042897795607	0.0058809493965	-0.0167442707718	0.0491457323342	-0.0044703042042	0.0136497798394
 HG03270	0.0360678844943	-0.0044218468245	0.0001884374747	0.0007613850202	0.0040658119476	0.0018387811992	-0.0217304451280	0.0438679655372	-0.0014546159814	0.0165042974205
 HG03271	0.0358478153351	-0.0041730469508	0.0006368525479	0.0001612288656	0.0050545940585	0.0052965917172	-0.0218318179403	0.0511923269987	-0.0008865395447	0.0116980471935
 HG03279	0.0354129872806	-0.0039911000793	0.0001109948312	-0.0005399786448	0.0017173557562	0.0026985396881	-0.0225717458149	0.0441545421491	-0.0006256335191	0.0156608019381
 HG03280	0.0360153114731	-0.0039514285449	0.0001216877144	-0.0001964501916	0.0011786191513	0.0029512359465	-0.0205983246050	0.0439523279126	0.0009020451086	0.0084124360122
 HG03291	0.0356641898006	-0.0041692110629	0.0006212429791	0.0002157917327	0.0027798042210	0.0008771526483	-0.0195906393516	0.0406452451331	0.0011759796884	0.0075293943340
 HG03294	0.0354816507109	-0.0039374555458	-0.0000935930649	0.0004815212726	0.0050764227579	0.0035921135068	-0.0180111596831	0.0349735516672	-0.0084947420496	0.0189811859069
 HG03295	0.0355004385705	-0.0039880777962	0.0008915791512	0.0011660281396	0.0026295206271	0.0035051523696	-0.0186511983764	0.0453637952391	-0.0014922159983	0.0126340012198
 HG03297	0.0361312068815	-0.0038929127032	0.0001935331098	0.0010629234048	0.0039359947787	0.0008947818409	-0.0218244503625	0.0442251602136	0.0000189685973	0.0103964897934
 HG03298	0.0354154494568	-0.0039515477223	0.0000830271437	-0.0004704395118	0.0028336235446	0.0036777275099	-0.0265308674929	0.0403448715147	-0.0045202366375	0.0102413282048
 HG03300	0.0353579785341	-0.0044015361854	0.0003282704084	0.0005501859561	0.0025067976563	0.0044142584380	-0.0247962691888	0.0440683960140	-0.0008435459041	0.0056639573613
 HG03301	0.0360796938920	-0.0042825170720	-0.0002372419173	0.0007821223259	0.0049648471784	0.0017359290568	-0.0219822846596	0.0513744291715	0.0002939764273	0.0094733926337
 HG03303	0.0357459960281	-0.0039870793965	-0.0002406089415	0.0003066565912	0.0033109899029	0.0030684588561	-0.0208221882889	0.0431030597163	-0.0044331802324	0.0070647629909
 HG03304	0.0353210585467	-0.0035917663948	0.0003622376338	0.0006944275729	0.0020410786420	0.0039127421852	-0.0177427076654	0.0542662952053	-0.0011961212521	0.0047093384229
 HG03311	0.0361123172645	-0.0042254107064	-0.0006209594403	-0.0010953290727	0.0020587353183	0.0012641520254	-0.0179309218781	0.0469553541255	-0.0049021715934	0.0116846441239
 HG03313	0.0355110632437	-0.0039962665335	0.0007208017008	0.0002980151053	0.0015211717875	0.0013730090921	-0.0210535407631	0.0451383126440	-0.0010759815941	0.0169664177257
 HG03342	0.0354911491262	-0.0039594671664	-0.0001395318431	-0.0005544169702	0.0044646315456	0.0039494465047	-0.0230040753558	0.0518333867885	-0.0000606328638	0.0134396483602
 HG03343	0.0357040955433	-0.0040918111949	0.0000706058872	0.0001344421763	0.0031495783953	0.0044901146810	-0.0279740864984	0.0527008010250	-0.0006838399484	0.0083464859258
 HG03351	0.0359560020449	-0.0039457589078	0.0000192651961	0.0001859076847	0.0017374503508	0.0060163122468	-0.0227617464594	0.0409425222135	0.0059153698918	0.0109487525745
 HG03352	0.0358246968330	-0.0040985946455	0.0003110058088	-0.0002420025480	0.0053227746315	0.0031552234164	-0.0224051595870	0.0497724602974	-0.0000495219927	0.0160427077095
 HG03354	0.0358939326985	-0.0041062461006	0.0004385498172	-0.0004152691482	0.0037517769923	0.0054993243924	-0.0241211545241	0.0487813049769	-0.0022507977866	0.0066086652133
 HG03363	0.0354372419488	-0.0041349379375	0.0001767813930	-0.0002253372258	0.0050831563149	0.0037735522542	-0.0228890519550	0.0440402120576	-0.0041598236148	0.0142510950871
 HG03366	0.0363107359131	-0.0042176563303	0.0010347110650	-0.0003928184473	0.0044568678535	0.0056006891748	-0.0249117763372	0.0513070849655	-0.0036086681199	0.0135691877689
 HG03367	0.0359645952219	-0.0038426904759	0.0003633241325	0.0004389379853	0.0036826772403	0.0034009354869	-0.0208401909274	0.0491256467907	0.0002009372725	0.0059120866519
 HG03369	0.0355486274091	-0.0042465062202	-0.0002303050295	0.0005101145780	0.0046273745229	0.0018172202810	-0.0222087205370	0.0384164916208	-0.0067298440174	-0.0010584591807
 HG03370	0.0361802092199	-0.0043813722143	0.0006173747403	-0.0003366530720	0.0035956992844	0.0033740190882	-0.0238053186358	0.0458678827653	0.0038911654011	0.0145398743054
 HG03372	0.0356906184641	-0.0042425109692	0.0007327681450	-0.0007180332395	0.0061320353532	0.0046014338798	-0.0253720073270	0.0525899159881	-0.0037622219544	0.0053214206263
 HG03376	0.0354684215231	-0.0038362469674	-0.0001140019396	-0.0002128373602	0.0046254838488	0.0012764747686	0.0325262979684	-0.0063852979843	0.0027956102353	-0.0215549462713
 HG03378	0.0353802262018	-0.0040181410034	0.0000955660854	-0.0005481158697	0.0055422654099	-0.0013439357419	0.0329763067182	-0.0024467149762	0.0023599622356	-0.0169703559172
 HG03380	0.0352849511748	-0.0039125279254	-0.0002635077297	0.0004837207684	0.0052595718098	0.0015605699333	0.0316856549185	-0.0118437302394	-0.0047011886923	-0.0274161712372
 HG03382	0.0349913299513	-0.0040506345067	-0.0002700183866	0.0001207237363	0.0050155072850	0.0010828896468	0.0337023216220	0.0006422772465	-0.0005049977815	-0.0227962812710
 HG03385	0.0351927766980	-0.0042093923062	0.0002897556505	-0.0007442937089	0.0032220574656	-0.0001644337561	0.0267602876693	-0.0093954910928	-0.0024397427954	-0.0155432895024
 HG03388	0.0352033165173	-0.0038567756512	0.0008268047451	0.0007897100901	0.0029994517703	-0.0006601269166	0.0371502729792	-0.0110472730871	-0.0020806521634	-0.0360646059682
 HG03391	0.0353121444309	-0.0041517387611	-0.0004932796674	-0.0003991900662	0.0042266198727	-0.0007330467992	0.0350705810646	-0.0055922287322	-0.0019407014058	-0.0268009181651
 HG03394	0.0356704679977	-0.0039346230535	-0.0002092480974	0.0002366336228	0.0045647870632	0.0028209688237	0.0299478933226	-0.0039223829885	-0.0014199923250	-0.0299789911957
 HG03397	0.0352168403220	-0.0039419797969	0.0005699264092	-0.0003414906991	0.0034209654722	-0.0022194270975	0.0364533864314	-0.0056254287313	-0.0027786529974	-0.0132283387230
 HG03401	0.0352779318956	-0.0040537250406	0.0006249731968	0.0006544407267	0.0029609456345	0.0022755801030	0.0311225284251	-0.0116146774340	0.0014139818223	-0.0290315669822
 HG03410	0.0355265135941	-0.0039949914175	0.0000029426568	-0.0007167571603	0.0019190121099	0.0019090858372	0.0343999492891	-0.0035136752489	-0.0013571145275	-0.0198090709214
 HG03419	0.0350985328690	-0.0038646833790	0.0000383036719	0.0002577709710	0.0031085095795	0.0003873939793	0.0331762891432	-0.0025903513712	-0.0008334489087	-0.0210491002677
 HG03428	0.0351133017341	-0.0040609402102	0.0003537256480	0.0002392422203	0.0034578824153	0.0007183358162	0.0391294242642	-0.0115138653700	0.0007572472296	-0.0154249769951
 HG03432	0.0353695582151	-0.0041991314984	0.0003391157760	-0.0005741639171	0.0024039700004	-0.0012937860811	0.0316464698228	-0.0061704153218	-0.0053454152961	-0.0184573679879
 HG03433	0.0356454060318	-0.0042121890881	-0.0004157347966	-0.0008313179050	0.0020448697911	0.0015518529595	0.0341475419429	-0.0062456177338	-0.0023725314561	-0.0177076037967
 HG03436	0.0355152365440	-0.0039553145912	0.0003552566072	-0.0003343383163	0.0048338865604	-0.0008099101386	0.0353668927813	-0.0053989735350	-0.0055875190030	-0.0189529333266
 HG03437	0.0351674726383	-0.0040420229375	0.0002949873740	0.0001890980942	0.0020764500579	0.0012668800016	0.0411154032365	-0.0113204505754	0.0038440766617	-0.0140821827015
 HG03439	0.0352994684086	-0.0043376657441	0.0001206660173	-0.0008623391525	0.0025509955436	0.0008154086292	0.0371206291585	-0.0086427508192	-0.0054143957154	-0.0257891200367
 HG03442	0.0355616131902	-0.0038818742416	0.0007189695417	0.0003223180354	0.0042178352899	0.0010104476794	0.0298428399370	-0.0060252680061	0.0023697477384	-0.0182186262465
 HG03445	0.0351985263189	-0.0037753552010	0.0002215731455	0.0004835460316	0.0008853859065	0.0031165815807	0.0342698390561	-0.0064339588911	0.0003774707525	-0.0304082912336
 HG03446	0.0352143956836	-0.0040197167455	-0.0001970675879	-0.0001717889274	0.0040666331603	0.0007919594822	0.0387726253009	-0.0066842385758	0.0009020508994	-0.0169408159746
 HG03449	0.0356592403416	-0.0038450096872	0.0003577540298	0.0006512502530	0.0043336083799	0.0028929928944	0.0339389781973	-0.0029103068317	-0.0052580907955	-0.0262011818325
 HG03451	0.0355525186437	-0.0042029990246	0.0013627280677	0.0006133293784	0.0045516073449	-0.0007801129979	0.0389168886151	-0.0136333781592	0.0039777877054	-0.0170832022549
 HG03452	0.0352049029445	-0.0039639713119	0.0003819630623	0.0003472406347	0.0020270448453	0.0019849549849	0.0289570355924	-0.0068552872706	-0.0030287051775	-0.0246168169028
 HG03455	0.0354714482760	-0.0042673053011	0.0008446204693	0.0002644968197	0.0037515882748	0.0004522526202	0.0349728940396	0.0006500169726	-0.0013397423156	-0.0141304151077
 HG03457	0.0356105591330	-0.0037189018756	0.0007380411599	0.0006086063370	0.0020189566081	0.0004289348116	0.0374976238744	-0.0089277735951	0.0022565051644	-0.0195606074985
 HG03458	0.0352774323777	-0.0039807468963	0.0001827364051	-0.0000486186199	0.0036081134056	-0.0004838490316	0.0338988089943	-0.0101519629297	-0.0050332379454	-0.0302689288654
 HG03460	0.0354980859000	-0.0041573333736	0.0003799349988	0.0009168282043	0.0039676082538	0.0026164095359	0.0384920576142	-0.0099947823021	0.0047787659437	-0.0218593685381
 HG03461	0.0353677870351	-0.0040308384215	0.0005017775832	0.0005743921627	0.0012840173483	-0.0002369976071	0.0321181289654	-0.0046912650068	-0.0001483651773	-0.0219534356920
 HG03464	0.0356799094972	-0.0041857726870	-0.0002249154705	0.0009600078068	0.0047738505258	-0.0016492486288	0.0367752818772	-0.0039716714621	-0.0019708324847	-0.0249435975792
 HG03469	0.0355184962810	-0.0037906068259	-0.0002874389437	0.0005272326785	0.0048843624930	0.0008429092150	0.0382234574506	-0.0047421016008	-0.0045396706373	-0.0278321348769
 HG03470	0.0351542197783	-0.0040809788292	0.0001066006036	-0.0006932381354	0.0019920627625	0.0036108313616	0.0360047724240	-0.0113579387849	-0.0046951273803	-0.0241592040537
 HG03472	0.0353108890789	-0.0039466024353	0.0001764746005	-0.0005165301346	0.0046312061234	-0.0012688265318	0.0373270807256	-0.0053028525493	-0.0027978849992	-0.0157109991662
 HG03473	0.0354767094875	-0.0041627804936	0.0000951561911	-0.0004412761319	0.0007238331533	0.0020772811019	0.0382215482120	-0.0030856654160	0.0004450455069	-0.0189220528366
 HG03476	0.0352493047642	-0.0037218230217	-0.0004839718529	0.0005713465734	0.0037354976593	-0.0014045065685	0.0292903038245	-0.0068225231176	-0.0065528735542	-0.0210552370714
 HG03478	0.0355590933920	-0.0039291388335	-0.0003534030096	0.0011212148655	0.0047440143379	-0.0010300470841	0.0420802822878	-0.0030623012518	-0.0031336880210	-0.0303921399390
 HG03479	0.0351755090928	-0.0039362685019	0.0002463898630	-0.0003905801713	0.0027980323701	0.0008781492383	0.0317304488699	-0.0074462734105	-0.0081488418018	-0.0160534570259
 HG03484	0.0354850270882	-0.0042913585485	-0.0000354448641	0.0002225888766	0.0056641219288	0.0013941874476	0.0378939125340	-0.0023932703969	-0.0085048299603	-0.0293874284854
 HG03485	0.0354877243265	-0.0038370019890	0.0008235836304	0.0002319278787	0.0068010280735	0.0004765138859	0.0355131729584	-0.0036380358784	-0.0004157358159	-0.0172899386498
 HG03488	-0.0105536254847	0.0096791356606	-0.0288629858542	-0.0109294650041	0.0087425701107	0.0034544674771	-0.0001975238153	0.0001676843562	0.0048144239082	-0.0160691996769
 HG03490	-0.0105780155168	0.0112498625592	-0.0269198903116	-0.0105893087692	-0.0013544298918	-0.0015575550076	0.0005206655349	-0.0002824407599	0.0132618203335	-0.0083766540798
 HG03491	-0.0104622590819	0.0062809291093	-0.0346384928454	-0.0148896153091	0.0037633654710	-0.0017868709643	0.0017917722930	0.0005974122192	-0.0178082634685	-0.0315939974452
 HG03499	0.0357824022810	-0.0040033786292	0.0005374094051	-0.0000277782320	0.0023604894872	0.0015294710000	-0.0166578220719	0.0458749605224	-0.0051101994428	0.0088836097290
 HG03511	0.0355672420703	-0.0035498980178	0.0002237117729	0.0000766046412	0.0051365336853	0.0036886984525	-0.0269215883019	0.0489137575696	-0.0075949507325	0.0040228554356
 HG03514	0.0358038865190	-0.0037812068574	0.0006698100870	0.0003888762805	0.0020343465791	0.0027287896821	-0.0200776095890	0.0456483415840	0.0005959069278	0.0045325497648
 HG03515	0.0356088521010	-0.0038150416489	0.0001921425878	-0.0006043562014	0.0038818277712	0.0042870171684	-0.0189989882571	0.0396319770091	0.0040348960886	0.0019824531352
 HG03517	0.0361124355449	-0.0040627787357	-0.0002626887267	-0.0001499356098	0.0012344690776	0.0036787807291	-0.0224410330355	0.0471560818980	-0.0043167442538	0.0016892650440
 HG03518	0.0352716336644	-0.0043478472567	-0.0000610128345	0.0002423440527	0.0057102433623	0.0019894785783	-0.0245524049209	0.0424337112367	-0.0025281823669	0.0046942129730
 HG03520	0.0359094495238	-0.0043650185642	0.0004918905592	0.0004476593987	0.0027606252586	0.0038755801630	-0.0182448440793	0.0421863806801	-0.0006499591080	0.0081646138377
 HG03521	0.0355163939440	-0.0041928555341	0.0002113566930	-0.0000262830197	0.0027215022632	0.0042409013728	-0.0206684747620	0.0486929333427	-0.0019211296208	0.0080142870708
 HG03538	0.0341445055527	-0.0034140540466	-0.0001724197111	-0.0001370824275	0.0015033279067	-0.0026088413930	0.0634230134286	-0.0349079226767	0.0028725967307	0.0160050476425
 HG03539	0.0326814473593	-0.0022626682584	0.0011150853806	0.0016513329753	-0.0033191631331	-0.0065664563577	0.0605295383684	-0.0285311908884	0.0042614951491	0.0161861183408
 HG03547	0.0355312468359	-0.0040980232742	0.0006337630034	-0.0000081203325	0.0040246459605	0.0020040109991	0.0384025519694	-0.0053623114616	-0.0059020830340	-0.0259653153981
 HG03548	0.0357497015862	-0.0039049457051	0.0002761203818	-0.0007009514704	0.0052441849322	0.0015978918001	0.0322050894001	0.0009003479585	-0.0040690605063	-0.0260277984943
 HG03556	0.0352241146219	-0.0039550113389	-0.0002556955248	0.0006935307890	-0.0012517272563	0.0010649313180	0.0335948973301	-0.0063742688948	-0.0008727219746	-0.0248613183552
 HG03557	0.0352285477736	-0.0043032165959	0.0009975801290	0.0005199128430	0.0037139824508	0.0047549067282	0.0305432784246	-0.0001952734659	-0.0062706961731	-0.0276894291371
 HG03558	0.0355592554196	-0.0041636006197	0.0005574800881	0.0000999059430	0.0045000018749	-0.0014162921167	0.0313309624401	-0.0058314987680	-0.0005840606653	-0.0234525389201
 HG03559	0.0353193841801	-0.0037583092213	0.0001954067759	0.0003566830379	0.0034048386777	0.0011143472677	0.0327050852280	-0.0055993747847	-0.0029276450728	-0.0214586834381
 HG03563	0.0350020697283	-0.0039668867554	0.0005849064612	0.0001879498391	0.0024852463914	0.0006044284172	0.0291902437663	-0.0035555000320	-0.0037636782773	-0.0202363676891
 HG03565	0.0349978091528	-0.0041663339654	-0.0004139777601	-0.0000174823007	0.0048151853468	-0.0003254834950	0.0342867860423	-0.0037049079443	-0.0031488074490	-0.0219224977730
 HG03567	0.0356478154998	-0.0040057119338	0.0000829973986	-0.0008355094311	0.0049418135945	0.0010076565078	0.0354338671097	-0.0093167791286	-0.0015759321945	-0.0216791439678
 HG03571	0.0352480991029	-0.0039172832487	0.0008623441263	0.0003367734964	0.0043229100298	0.0008753750305	0.0357024465366	-0.0064227122067	-0.0038945315910	-0.0156097055864
 HG03572	0.0353396671464	-0.0039874909214	0.0007666511712	0.0006760407996	0.0047628767013	0.0018188638569	0.0359817590283	-0.0109338949928	-0.0032896192232	-0.0221817663264
 HG03575	0.0354577313023	-0.0040783169156	0.0007449662654	0.0013446354640	0.0027990565612	0.0027013993511	0.0260371264300	-0.0014547518557	-0.0022191848163	-0.0219230696055
 HG03577	0.0353929421356	-0.0039726085765	-0.0006974906001	0.0006128971962	0.0031885300274	0.0009072509627	0.0329389098538	0.0001129669862	-0.0030812900253	-0.0216891003664
 HG03578	0.0352901525846	-0.0037362474795	0.0002241758947	0.0000044019346	0.0043481579092	0.0024363282675	0.0354265452776	-0.0100695877561	0.0002161908333	-0.0216674790374
 HG03583	0.0352287457960	-0.0036497872299	0.0006801516237	0.0006797219560	0.0047689323791	0.0012800632656	0.0342789393412	0.0020677142883	-0.0073847077898	-0.0303404851613
 HG03585	-0.0110779002661	0.0008525233281	-0.0312380845381	-0.0136152278829	0.0009346423656	0.0063913329516	0.0025380555350	-0.0005196605328	-0.0122235398532	0.0018073637036
 HG03589	-0.0109094270529	0.0011797697441	-0.0351292854876	-0.0143849308582	0.0019024926816	0.0016659091660	-0.0006780656050	0.0005398829891	-0.0096062141230	-0.0102667360818
 HG03593	-0.0113085278040	0.0011567698138	-0.0326708537692	-0.0144137232313	-0.0033925614256	0.0057972385075	0.0014649359087	0.0027237816412	-0.0128116396582	-0.0033384115262
 HG03594	-0.0109573509556	0.0004727737451	-0.0326934715481	-0.0129508474520	-0.0007976688077	0.0025259766834	-0.0003272972459	0.0010194645807	-0.0039323264506	0.0018593686418
 HG03595	-0.0114075681897	0.0007731483631	-0.0311205097745	-0.0126022034360	-0.0008733445971	0.0011101004855	0.0006422181948	0.0004754609694	-0.0070017832676	0.0016039571515
 HG03598	-0.0111730607071	0.0009417925389	-0.0310212720412	-0.0117456693688	0.0025843052574	0.0053042221746	-0.0021445532662	-0.0030744269575	-0.0184711792179	-0.0027644158978
 HG03600	-0.0108398231655	0.0021014678417	-0.0409163641610	-0.0199663468508	0.0057837023228	0.0020692124493	-0.0004735686849	0.0001070881019	-0.0189525485075	0.0005810018080
 HG03603	-0.0112965354074	0.0004995100787	-0.0340895644448	-0.0146370673683	-0.0009008924286	0.0034853424323	-0.0001945555705	-0.0025673904724	-0.0139395076350	-0.0013865613565
 HG03604	-0.0111469246581	0.0012830167596	-0.0337717407595	-0.0137294466734	0.0029551056194	0.0018133631125	-0.0004357551255	0.0007776389704	-0.0076128067661	-0.0027523924462
 HG03607	-0.0112481445241	0.0007763611926	-0.0316530487868	-0.0124751051114	0.0010901514624	0.0033661155806	-0.0008527555113	0.0018960198294	-0.0011596986245	-0.0009956363631
 HG03611	-0.0112033493351	0.0005192433722	-0.0325012565972	-0.0140368398663	-0.0000355131781	0.0019230022213	-0.0003716188979	0.0029787398417	-0.0124484657068	-0.0048101354228
 HG03615	-0.0111043903095	0.0009333209873	-0.0327871592216	-0.0125255693860	-0.0000020435306	0.0024569338023	-0.0003838097245	-0.0004979848139	-0.0056172096229	-0.0060276384654
 HG03616	-0.0110164983827	0.0012669148642	-0.0324939424561	-0.0117757003541	0.0013086465661	0.0021379655289	-0.0012625079642	0.0009369107149	-0.0036744721245	-0.0002358409224
 HG03619	-0.0105591638273	0.0130477550262	-0.0228493280332	-0.0086943556710	0.0068257959845	-0.0034942211498	-0.0013902876027	-0.0019159957882	0.0192095909663	-0.0153822355785
 HG03624	-0.0107646689825	0.0128002426524	-0.0255976813511	-0.0098202533099	-0.0008229320914	-0.0004202137066	-0.0001768857564	0.0027630010045	0.0153928015907	-0.0108586820521
 HG03625	-0.0106870729670	0.0132835067409	-0.0242095214116	-0.0085130469723	-0.0014481418098	-0.0015478672161	-0.0000031122523	0.0021891686119	0.0031049015335	-0.0211557703465
 HG03629	-0.0105396795491	0.0103678894146	-0.0275293488140	-0.0101152806023	-0.0005542069611	0.0031620366151	-0.0015621503693	0.0050601007022	0.0050825510618	-0.0127169176699
 HG03631	-0.0106939954826	0.0094323401254	-0.0290602249431	-0.0108981961706	-0.0007528202343	-0.0009870218216	0.0008426345999	0.0027754391260	0.0008903513625	-0.0139219615450
 HG03634	-0.0105194887387	0.0116349591144	-0.0259039568125	-0.0078221449226	0.0021160137611	-0.0007623334733	-0.0018232038506	0.0048392232019	0.0130979958721	-0.0185340097706
 HG03636	-0.0107569474777	0.0094497804890	-0.0280518772746	-0.0108296986365	0.0058795710450	-0.0007948376650	-0.0027957563904	-0.0015584014223	0.0044680697495	-0.0059127714588
 HG03640	-0.0107749352208	0.0042143360739	-0.0357771051934	-0.0156282651305	-0.0001302492810	-0.0068950215023	-0.0012623692600	-0.0002305254004	-0.0307906939807	-0.0239355512271
 HG03642	-0.0101651318956	0.0024964749440	-0.0403374899808	-0.0172451493290	-0.0005184585665	0.0036482875244	0.0005581639143	0.0006055009036	-0.0224570428863	-0.0157510825591
 HG03643	-0.0104943680173	0.0042833873606	-0.0385907138238	-0.0172618779951	-0.0001339699303	-0.0006498261629	-0.0029217431589	0.0002034909875	-0.0206528883180	-0.0159117690679
 HG03644	-0.0102260334871	0.0037674801397	-0.0378557548452	-0.0169949631281	-0.0003294858110	0.0007364453435	0.0003295130834	-0.0010429260841	-0.0227504785276	-0.0104230645080
 HG03645	-0.0103033879628	0.0037652267364	-0.0387858179483	-0.0170237102119	0.0001767846939	-0.0004457474741	0.0006711893313	0.0018500001365	-0.0192949918370	0.0031654911101
 HG03646	-0.0103330665099	0.0039746972438	-0.0381585414413	-0.0164578763810	-0.0010613283845	0.0008836344992	0.0006661251981	0.0014305041349	-0.0294625364595	-0.0153754715033
 HG03649	-0.0104988178429	0.0082800617617	-0.0296205012145	-0.0122766191171	0.0019197438446	-0.0013071421255	0.0006526624422	-0.0037796992160	0.0032935063051	-0.0046990924399
 HG03652	-0.0106260448504	0.0071005590471	-0.0330603093467	-0.0139235912485	0.0009541741739	-0.0003954210478	-0.0023431403823	0.0009236205794	-0.0011105787144	-0.0052879517594
 HG03653	-0.0103584775341	0.0075102475942	-0.0328532741150	-0.0151601148250	0.0003907671581	0.0013294149866	0.0001935765610	0.0021073780500	-0.0024664833533	-0.0079205486960
 HG03660	-0.0110866287075	0.0053433117091	-0.0350337977251	-0.0147408405660	-0.0008978920843	0.0055645292833	-0.0009617136034	0.0012216758652	-0.0336748109101	-0.0272326076822
 HG03663	-0.0109749634849	0.0040099788164	-0.0376740491731	-0.0164526831770	0.0051099219732	0.0025572011004	0.0017132012460	-0.0007305230987	-0.0436988382775	-0.0248305720875
 HG03667	-0.0107106311969	0.0036012943625	-0.0389198423378	-0.0153052533796	-0.0001629676287	-0.0001747534883	-0.0010699452232	0.0010280503387	-0.0228925944369	-0.0037572691844
 HG03668	-0.0105639891584	0.0075274842601	-0.0316757626734	-0.0146861236232	0.0029355078944	0.0017757787781	0.0017364690592	-0.0002317013916	-0.0078944297743	-0.0064594692111
 HG03672	-0.0104114957433	0.0053852664026	-0.0396385299206	-0.0178417501662	-0.0025860392294	-0.0005779039420	0.0024345917064	-0.0027020005939	-0.0178044759770	-0.0123626161370
 HG03673	-0.0103867781031	0.0040897618774	-0.0379934307982	-0.0173954997317	-0.0023646049353	0.0008009174584	0.0010741181426	0.0013682618573	-0.0305046675200	-0.0108815966196
 HG03679	-0.0102733170886	0.0047672353680	-0.0377582319293	-0.0168419051759	-0.0027670195315	-0.0037840560885	0.0014789833863	0.0022609528501	-0.0268631967594	-0.0098770489618
 HG03680	-0.0107655061164	0.0041995133389	-0.0389140354104	-0.0166812014390	-0.0019610498525	0.0022170628914	-0.0001670365974	0.0014272647249	-0.0242382383216	-0.0143001834077
 HG03681	-0.0104844136286	0.0046151996470	-0.0382704524212	-0.0165776888474	-0.0020817988768	-0.0053473394400	0.0026986265958	0.0009031753031	-0.0179889568538	-0.0055514827465
 HG03684	-0.0103460944078	0.0011407133973	-0.0423528007343	-0.0204123178236	-0.0034181335277	-0.0023868305122	-0.0001359731307	0.0018423315188	-0.0259048107365	-0.0111067567314
 HG03685	-0.0102998104672	0.0040136190059	-0.0386376306994	-0.0183544920415	-0.0016760927779	-0.0002559237071	-0.0009688893408	-0.0013454969498	-0.0219694238122	-0.0106941155637
 HG03686	-0.0105002219575	0.0024103909113	-0.0406888856432	-0.0188528972658	-0.0005594630093	-0.0041816992599	0.0021069183547	-0.0024671106163	-0.0258402540777	-0.0061986498476
 HG03687	-0.0104549741814	0.0044321441522	-0.0387886414284	-0.0170906132061	-0.0031295065219	0.0017681707894	0.0008323061095	-0.0006607545063	-0.0265633452348	-0.0100634886720
 HG03689	-0.0108367154414	0.0041699042928	-0.0402944465859	-0.0174786803517	-0.0014066409664	-0.0046250828746	-0.0027119810801	-0.0010764865879	-0.0213361242872	-0.0041417252378
 HG03690	-0.0103598716265	0.0042817955617	-0.0397429081999	-0.0173516003492	-0.0022427151003	-0.0023449356566	-0.0024795731104	-0.0000652473550	-0.0355712249413	-0.0116947293568
 HG03691	-0.0102387921469	0.0026792053015	-0.0388721621497	-0.0164052465541	-0.0033810716553	-0.0056806004666	-0.0003454390136	0.0014356225401	-0.0268212125216	-0.0065718594600
 HG03692	-0.0105725317617	0.0031416535257	-0.0398400629776	-0.0182428221983	-0.0016860071049	-0.0023778932339	-0.0003851650932	0.0038885325665	-0.0278330714683	-0.0051092105878
 HG03693	-0.0106110867996	0.0026661814657	-0.0381484351702	-0.0174695726594	0.0029383118556	-0.0018259880819	0.0002540587931	0.0002446132420	-0.0348244243957	0.0031097912282
 HG03694	-0.0107094878256	0.0053644414972	-0.0289394661467	-0.0091421933347	-0.0051886716849	0.0018229989398	0.0002221646913	0.0000796407407	-0.0087859458331	-0.0064268292037
 HG03695	-0.0104645250977	0.0035821469366	-0.0388901731592	-0.0179854905051	-0.0002076332724	-0.0001663712135	-0.0007826637140	-0.0024162788550	-0.0270641831302	-0.0103238811190
 HG03696	-0.0104242182408	0.0040884138897	-0.0386137736595	-0.0181319954185	-0.0033568728541	-0.0003796433632	0.0036187268130	-0.0005251464175	-0.0234392682878	-0.0136415176328
 HG03697	-0.0103932140932	0.0038905663642	-0.0380473689437	-0.0169521701293	-0.0018751755393	-0.0025166958957	0.0003779258233	0.0007414223920	-0.0325132468938	-0.0028574826785
 HG03698	-0.0104044000944	0.0046976449994	-0.0368140775026	-0.0169705932562	0.0006025359009	-0.0037003828236	0.0008851206202	0.0005896202295	-0.0291434247049	-0.0065944263453
 HG03702	-0.0108040471980	0.0057622696349	-0.0350851766914	-0.0150366384203	0.0051837242928	-0.0007872245313	0.0014926463946	0.0016562102282	-0.0116934732431	-0.0028497058757
 HG03703	-0.0109123443628	0.0069031566075	-0.0333370005848	-0.0145995919450	0.0027985700389	0.0015638957960	-0.0016306314222	0.0034896668830	-0.0035231718268	-0.0141757148311
 HG03705	-0.0108482237976	0.0045373147518	-0.0370897774305	-0.0150996412157	0.0011478101999	0.0006068433831	-0.0006797931403	-0.0001957804052	-0.0368595168881	-0.0285764837694
 HG03706	-0.0107406974226	0.0062057682650	-0.0363980931541	-0.0154760413432	0.0052701968430	-0.0019990822241	0.0008150603520	0.0000986233601	-0.0405952029792	-0.0253083488260
 HG03708	-0.0110907696723	0.0078199389444	-0.0303270901281	-0.0134819741573	0.0001012330550	-0.0012421943783	0.0010554150722	0.0008867548565	-0.0006213641962	-0.0043626825710
 HG03709	-0.0110188108935	0.0059374910331	-0.0330999228667	-0.0137855756475	0.0070715004697	0.0003568211674	-0.0003623885579	0.0021881865041	-0.0094148786163	-0.0109965240932
 HG03711	-0.0103143116537	0.0049159808183	-0.0383018402437	-0.0172578747874	0.0014460307816	0.0020005188932	-0.0007405307026	-0.0017163788092	-0.0349376636265	-0.0070918659842
 HG03713	-0.0102918033171	0.0080966474624	-0.0319866535794	-0.0121307807460	0.0048861145942	-0.0012558002374	0.0002667383422	0.0009800280024	-0.0187589842206	-0.0060419571049
 HG03714	-0.0105728790762	0.0077631480863	-0.0309726198065	-0.0126431140038	-0.0017968283172	0.0037432137569	-0.0010406550584	-0.0012162545096	-0.0025304975258	-0.0103816575920
 HG03716	-0.0106742407868	0.0089325138970	-0.0315687671581	-0.0148470184085	0.0029777579277	-0.0008630477438	0.0005763174362	-0.0007073711375	-0.0083388916404	-0.0035191513507
 HG03717	-0.0103886487699	0.0037562579250	-0.0433455299367	-0.0201914881093	-0.0039130891980	0.0018051199247	0.0003668202335	-0.0006248983064	-0.0359277048158	0.0303646528597
 HG03718	-0.0103835845326	0.0029254519315	-0.0426202950601	-0.0206513458984	0.0018025535458	0.0018165609907	0.0025623870685	-0.0002319240892	-0.0395985894783	0.0319344027497
 HG03720	-0.0107115227397	0.0033277006561	-0.0377195718380	-0.0187664976858	-0.0001894810854	0.0001245612294	-0.0001932165519	-0.0006029618768	-0.0258844313246	0.0055868045445
 HG03722	-0.0104229908737	0.0029246551063	-0.0415275129645	-0.0186531348597	-0.0004587443782	0.0010323007003	-0.0018900241070	-0.0010186423679	-0.0242588292089	-0.0034965338980
 HG03727	-0.0105347012761	0.0055300942932	-0.0374124382473	-0.0173929482102	-0.0048536158194	-0.0015296588817	-0.0022402600795	0.0006542356023	-0.0108401909315	-0.0132793348387
 HG03729	-0.0106784580623	0.0051101672566	-0.0397417405983	-0.0179015989707	-0.0009166391176	-0.0024860268701	0.0007894598020	0.0007784249590	-0.0245472164342	-0.0111214017261
 HG03730	-0.0103546649262	0.0011965413336	-0.0427833152798	-0.0203976887325	0.0013815467134	-0.0020571127758	0.0013628482485	-0.0007615422757	-0.0268765242245	-0.0097823014916
 HG03731	-0.0105247510368	0.0053030653229	-0.0388081937654	-0.0170398144370	0.0002147323483	-0.0014894294856	0.0013367705457	0.0016463179319	-0.0226291271679	-0.0131599381157
 HG03733	-0.0102714555513	0.0044734869849	-0.0409465199181	-0.0176764839396	0.0017707381133	-0.0029906865646	0.0005297624107	-0.0001973019087	-0.0381030184093	-0.0148771044389
 HG03736	-0.0105859345185	0.0040964144715	-0.0383931895875	-0.0171842156301	-0.0041956462678	-0.0027849381187	-0.0007261211580	0.0026589117593	-0.0248102648900	-0.0133603747264
 HG03738	-0.0104568083299	0.0051522088013	-0.0387866131116	-0.0181001385598	0.0041103933996	-0.0040811076504	-0.0001729601100	0.0001050326718	-0.0338339215147	-0.0168554146769
 HG03740	-0.0104038526235	0.0037524989937	-0.0400993300730	-0.0190956135776	0.0028266826879	0.0025263298206	-0.0011092817701	-0.0022061840317	-0.0249579453802	-0.0031597463458
 HG03741	-0.0107717069173	0.0032957771801	-0.0390201610048	-0.0165693061162	0.0023999844013	0.0008988187040	-0.0006723819994	-0.0022658210998	-0.0350182174802	-0.0009324132553
 HG03742	-0.0106443788477	0.0039960190726	-0.0392854729213	-0.0177605101611	-0.0006491615526	-0.0009116766243	-0.0019063701692	0.0011099219093	-0.0220020539451	-0.0119362721009
 HG03743	-0.0103756213914	-0.0001646291595	-0.0431243786129	-0.0199817710127	-0.0031939179307	0.0002050784532	0.0005298976910	0.0005029770085	-0.0397390192142	-0.0074319859944
 HG03744	-0.0104683462772	0.0031845306661	-0.0379389277654	-0.0172615385816	-0.0011434559288	-0.0082085345443	0.0001712964048	0.0013606380453	-0.0263229367747	-0.0039628866931
 HG03745	-0.0103897099575	0.0046179653754	-0.0388105732729	-0.0185340345416	-0.0041260286944	-0.0036433166453	0.0005405968301	-0.0033753132496	-0.0230170317608	-0.0014077626536
 HG03746	-0.0105361541746	0.0086112807734	-0.0307278783942	-0.0138890844963	0.0050609443614	-0.0038716062276	0.0013121944280	-0.0007273214931	0.0002867158601	-0.0110490712312
 HG03750	-0.0101999907851	0.0041198045438	-0.0378937395871	-0.0170880441318	-0.0058024617168	-0.0013971081132	0.0008540747271	-0.0023295847965	-0.0271589845602	-0.0205335771705
 HG03752	-0.0102312907352	0.0049757480651	-0.0379266517139	-0.0177003399028	0.0007092693311	-0.0039503112647	-0.0016749192074	-0.0008021055616	-0.0199201802234	-0.0037773890947
 HG03753	-0.0100244268671	0.0035529206929	-0.0378881231339	-0.0172398954731	-0.0041843148983	-0.0043794976963	0.0008545171344	-0.0006174766728	-0.0282863029502	-0.0085656398566
 HG03755	-0.0102910859153	0.0041635872129	-0.0385608952201	-0.0169502757657	0.0002134424897	-0.0014177928679	0.0016402726369	-0.0039883414677	-0.0298858917155	-0.0121363317698
 HG03756	-0.0105599219265	0.0044030856592	-0.0383772622359	-0.0171389293092	-0.0057898747020	-0.0025983815235	-0.0012678875537	-0.0003421343129	-0.0258376066199	-0.0147409467889
 HG03757	-0.0107433976787	0.0010168951143	-0.0418013223396	-0.0202482981965	0.0038261095327	-0.0024485552447	0.0016639733554	0.0000968099849	-0.0333749916359	-0.0073881539307
 HG03760	-0.0104047308998	0.0039651609523	-0.0385334608325	-0.0174411713615	-0.0023924907879	-0.0027776380678	0.0013155772109	-0.0023507964049	-0.0329801707165	0.0020662946038
 HG03762	-0.0102548020381	0.0048474259869	-0.0361738211168	-0.0145901190998	-0.0009102770892	-0.0037674467924	-0.0002632686364	-0.0009319743771	-0.0182210952601	-0.0113676284642
 HG03765	-0.0106824893911	0.0100051584438	-0.0283484902439	-0.0083721211283	0.0008866635524	0.0026218742737	0.0030779987484	-0.0024609565609	0.0084502537273	-0.0122973916784
 HG03767	-0.0107526877421	0.0137546351745	-0.0226874162432	-0.0064320406337	-0.0018934369812	-0.0053836469283	0.0002658773615	0.0006538147467	0.0098497571281	-0.0132063477083
 HG03770	-0.0107183027425	0.0014437335448	-0.0376647978723	-0.0155864077304	-0.0009739326249	-0.0017207337165	-0.0007816831850	0.0020633501877	-0.0244700305669	-0.0077732197289
 HG03771	-0.0103844747168	0.0024969863453	-0.0389486015389	-0.0176296964393	-0.0044034983983	0.0023508604023	0.0023564917616	0.0021907683011	-0.0217786150938	-0.0120287924301
 HG03772	-0.0106636925071	0.0030588204555	-0.0449535690797	-0.0215016309228	-0.0014872459825	0.0002813924276	0.0002097246114	-0.0002240636389	-0.0302821010673	0.0304054364439
 HG03773	-0.0107899959083	0.0034507108220	-0.0443495266507	-0.0204502458840	-0.0011259362335	-0.0006362558008	0.0009486519026	-0.0005403684482	-0.0344634499093	0.0354081783906
 HG03774	-0.0104315960348	0.0058307405491	-0.0386394579036	-0.0171881335219	-0.0051470751458	-0.0029967535624	-0.0005232724054	0.0024549274276	-0.0274262260847	-0.0125963673825
 HG03775	-0.0102948838399	0.0054462279275	-0.0385761246170	-0.0158726881712	-0.0019397086929	-0.0009701959395	-0.0012376795764	-0.0008792283914	-0.0153882232757	-0.0101192201970
 HG03777	-0.0104973857606	0.0053732496833	-0.0381353632073	-0.0166965144613	-0.0022263871754	-0.0021597720114	-0.0001339020655	0.0013970871326	-0.0195092767428	0.0029243278405
 HG03778	-0.0105990598351	0.0033320070887	-0.0383989419951	-0.0181577594815	-0.0004979380291	-0.0019891319020	0.0000270513897	0.0001876457598	-0.0218655641750	-0.0131263641780
 HG03779	-0.0105799009631	0.0041948934616	-0.0378863445817	-0.0161352259562	0.0041225544095	0.0024897014964	-0.0010588916182	-0.0003445332882	-0.0143994256084	-0.0044377859685
 HG03780	-0.0104595692159	0.0059623923813	-0.0387876876813	-0.0159090194706	-0.0029820090717	-0.0043308660611	0.0023124810769	-0.0027606532394	-0.0194527420422	-0.0070340720819
 HG03781	-0.0108397179828	0.0040690547371	-0.0368934621847	-0.0162015125870	0.0023071333162	-0.0010999729095	0.0000473731803	-0.0008992970679	-0.0091642730294	0.0000430950945
 HG03782	-0.0101704692075	0.0055795966770	-0.0376017356777	-0.0166365284966	-0.0026857707499	-0.0012735379582	0.0020091035418	-0.0003150285243	-0.0264943699583	-0.0139245620725
 HG03784	-0.0108299821791	0.0037884564935	-0.0429807769049	-0.0208019037784	-0.0025047427229	0.0009611353975	0.0027820390108	0.0035357602773	-0.0293687204068	0.0247258532779
 HG03785	-0.0105285294538	0.0029843971219	-0.0441295140266	-0.0214635066682	-0.0002899450719	-0.0026844609990	0.0012293861371	0.0014742066526	-0.0307019170598	0.0296240850707
 HG03786	-0.0106695947113	0.0037885101520	-0.0441778503829	-0.0201614388330	-0.0031624552475	-0.0054106172692	0.0012858757411	0.0035792488901	-0.0344490323902	0.0326912719589
 HG03787	-0.0105447482849	0.0025460172388	-0.0404924626396	-0.0184804155556	-0.0008156658352	-0.0005169996335	-0.0014154497005	-0.0001023518842	-0.0323558626603	0.0055248588650
 HG03788	-0.0106515177378	0.0057714000196	-0.0366129002431	-0.0160435500508	-0.0004517811213	0.0004154331469	0.0000353670781	0.0016353307871	-0.0228407781927	-0.0039247930626
 HG03789	-0.0108330904724	0.0072554896617	-0.0331110247975	-0.0149434162441	-0.0004828502647	0.0013145709659	0.0029485329453	0.0007341790537	-0.0101632163041	-0.0018891844948
 HG03790	-0.0104935724064	0.0060191709602	-0.0376661938067	-0.0172596200651	0.0027133919019	-0.0034957942958	0.0006553082403	-0.0016221914378	-0.0175448977333	-0.0126458463605
 HG03792	-0.0104863304246	0.0056643718741	-0.0373393556288	-0.0163360940655	-0.0036073934951	-0.0030802568266	-0.0012746052177	-0.0030368406732	-0.0252881840040	-0.0102570074508
 HG03793	-0.0110419887083	0.0017210800390	-0.0360154427015	-0.0163193987780	-0.0002192129976	-0.0014089421858	0.0013541761220	0.0033411805602	-0.0142680331843	0.0002877758518
 HG03796	-0.0113767313428	-0.0020925783443	-0.0298734477872	-0.0116222419041	0.0019040132659	0.0048737004722	0.0013716709480	-0.0009844455944	-0.0039982370601	-0.0077928080099
 HG03800	-0.0111999752551	-0.0029107240271	-0.0326677189941	-0.0139214754841	-0.0029479602252	0.0068408932329	-0.0001327789278	0.0004974669297	-0.0189455633652	-0.0009925756543
 HG03802	-0.0112566877071	0.0014287568657	-0.0340433180640	-0.0136300980695	0.0017977521107	0.0033442540219	-0.0005516126711	-0.0011557725194	-0.0121997954095	-0.0079243304069
 HG03803	-0.0110650280378	0.0016131978456	-0.0324633338511	-0.0129834033739	0.0024337509652	0.0000292573233	-0.0014812536337	0.0011855292410	-0.0041646299330	0.0005547214877
 HG03805	-0.0108227639105	0.0011004786093	-0.0323699387877	-0.0137424115964	0.0008629908474	0.0042078947422	-0.0001789662156	0.0000396842563	-0.0178039071749	-0.0069360115814
 HG03808	-0.0113108588858	0.0002133065108	-0.0302756140162	-0.0127398043705	-0.0002312160096	0.0017934053420	0.0007375690909	0.0003847764870	-0.0185678167129	-0.0069520699863
 HG03809	-0.0111145051111	0.0013310444044	-0.0321786241967	-0.0149574003888	-0.0028219257236	0.0017682410999	0.0007778059462	-0.0009727463827	-0.0071418243845	-0.0051112251211
 HG03812	-0.0113276330854	0.0006084656256	-0.0327746305529	-0.0124596146749	-0.0024652492702	0.0028185869396	0.0001402034225	0.0019722602458	-0.0089878670334	-0.0001783616558
 HG03814	-0.0117198137912	-0.0001396957482	-0.0315651861348	-0.0119734480287	0.0023338578512	0.0041211684059	-0.0007244490015	0.0009864203916	-0.0044157058478	-0.0027055399715
 HG03815	-0.0114678093785	0.0002507757298	-0.0305503425053	-0.0126912934744	-0.0009533696181	0.0042856215008	0.0023695993655	-0.0009273474155	-0.0105317952465	-0.0019231646910
 HG03817	-0.0113655201583	0.0010562558251	-0.0327014244797	-0.0123394541407	0.0044056173068	0.0024028754972	-0.0000592040523	-0.0011752369038	-0.0156381838294	-0.0084785026488
 HG03821	-0.0110212784493	0.0013434948892	-0.0332444551484	-0.0139823560059	0.0018656907695	-0.0001203083299	0.0004935224818	0.0019916653141	-0.0052581617754	-0.0038072957675
 HG03823	-0.0114572872658	0.0014958650004	-0.0328835124451	-0.0143844944097	0.0014990763679	0.0045533913232	0.0003308466093	-0.0001695274875	-0.0124235835563	-0.0021860560270
 HG03824	-0.0111563313590	-0.0006012525271	-0.0306633521224	-0.0126921304754	0.0042856713578	0.0062749520788	0.0000376496247	0.0013465868819	-0.0104098004526	-0.0019552420659
 HG03826	-0.0110685838087	0.0010447273997	-0.0322922082251	-0.0138646526228	0.0016343739833	0.0012812594304	0.0022110176019	0.0010703574215	-0.0066655259304	0.0059698827211
 HG03829	-0.0112029593211	0.0004257503507	-0.0326863142409	-0.0135497264561	-0.0029326532497	0.0024015886020	0.0033691843890	-0.0013221582397	-0.0193547265044	-0.0049173314136
 HG03830	-0.0112540973357	-0.0004724909163	-0.0318179410631	-0.0119940425436	0.0036792346505	0.0011279325926	-0.0026943452805	-0.0011277567654	-0.0069727252615	0.0004779167781
 HG03832	-0.0108892502907	0.0000578403477	-0.0330042231448	-0.0129911590216	0.0072647008913	0.0001094633062	-0.0006642436834	-0.0002746474513	-0.0050127708506	-0.0110784495483
 HG03833	-0.0112904883135	0.0006649833020	-0.0310365221388	-0.0128815166312	-0.0017339738366	0.0019837195289	0.0009520994264	-0.0034430477233	-0.0010880168541	0.0033330716034
 HG03836	-0.0103993710248	0.0045729423688	-0.0379168644228	-0.0158060384142	-0.0050865807127	-0.0026409975246	0.0012040169771	0.0011152122068	-0.0316637991978	-0.0091624876308
 HG03837	-0.0105094866674	0.0043089501554	-0.0386186619332	-0.0175617271178	-0.0004807006718	-0.0047186517203	0.0009400686269	-0.0007862650136	-0.0307601407190	-0.0186874755550
 HG03838	-0.0105522647808	0.0029239137014	-0.0380047292824	-0.0157099851439	-0.0014667066450	-0.0016247662406	0.0024024109491	-0.0011107844481	-0.0336618722678	-0.0017421770785
 HG03844	-0.0104266197260	0.0032795079602	-0.0379084925574	-0.0160149896292	0.0029119765162	-0.0038050103449	0.0010729778181	0.0024280092966	-0.0233764087811	-0.0039551705104
 HG03846	-0.0103804672745	0.0026012175271	-0.0410685365001	-0.0169720061692	-0.0022297558018	-0.0005740096186	0.0014362945737	0.0009633643158	-0.0345859785206	-0.0067515929989
 HG03848	-0.0105272748628	0.0043134414305	-0.0393073967886	-0.0182221498837	-0.0038743720057	-0.0019490934601	0.0021235440945	0.0005204701847	-0.0217411870319	-0.0102419195785
 HG03849	-0.0105308715193	0.0036617063441	-0.0385003363281	-0.0186491811444	0.0016203408351	-0.0009167172473	0.0004024309815	-0.0008483176727	-0.0260024141048	-0.0090105302560
 HG03850	-0.0106025289816	0.0045546495172	-0.0386699692108	-0.0170121470682	-0.0032810280070	0.0010135882095	0.0000501361637	0.0002202608513	-0.0386790824878	-0.0101511637363
 HG03851	-0.0103447713678	0.0044216431558	-0.0386650534488	-0.0166702375400	-0.0006674222292	-0.0011636890806	0.0008573872675	-0.0011806283221	-0.0239404630836	-0.0039326359087
 HG03854	-0.0103679999356	0.0043220670087	-0.0385827985638	-0.0184159407047	-0.0011284969221	0.0004045502724	-0.0000270400775	0.0002004615094	-0.0355028215111	-0.0100533814852
 HG03856	-0.0107167384270	-0.0002681268396	-0.0427170850535	-0.0206302584249	0.0045764212298	0.0014697132546	0.0008252008805	0.0010928475629	-0.0407040574411	0.0008425490483
 HG03857	-0.0105591873539	0.0038150786077	-0.0386719768793	-0.0160675052150	0.0015922480429	-0.0012375055015	0.0016599876989	0.0014406958497	-0.0200001058245	-0.0090995713410
 HG03858	-0.0103061003399	0.0023646838978	-0.0391486057582	-0.0164940436556	-0.0015468923504	-0.0069668032828	0.0033174442406	0.0011009811803	-0.0289232230638	-0.0139346821862
 HG03861	-0.0105667969971	0.0035525893799	-0.0435927321885	-0.0222834588300	-0.0023209486001	0.0018371738678	0.0022058454658	-0.0002453016563	-0.0370695982530	0.0294062353154
 HG03862	-0.0105066413585	0.0059147765616	-0.0370181287284	-0.0174968532774	-0.0048547808924	-0.0009018331228	-0.0041905955746	-0.0012541672674	-0.0174169520504	-0.0160646921771
 HG03863	-0.0103034158669	0.0055117953490	-0.0387686417750	-0.0170557680882	-0.0009359452262	-0.0066109097823	0.0002103980275	-0.0007311328180	-0.0245584287168	-0.0228479715139
 HG03864	-0.0104897787977	0.0054274629748	-0.0380873855173	-0.0174717702664	-0.0023616308019	-0.0044858152888	0.0030912654644	0.0005031216504	-0.0169399327965	-0.0084440025454
 HG03866	-0.0104849453114	0.0047460495234	-0.0380807032969	-0.0170765730212	-0.0006334480734	-0.0054506433454	0.0012315367310	-0.0008925474407	-0.0234032500469	-0.0085279415447
 HG03867	-0.0106529343727	0.0010770329167	-0.0397982323753	-0.0191913786758	-0.0027075454272	0.0033923758298	0.0010543742978	-0.0019306782098	-0.0362398343773	-0.0076949620210
 HG03868	-0.0109317642547	0.0058933820970	-0.0369032051368	-0.0164912533632	-0.0054905037595	0.0002353540299	0.0003013711022	-0.0024351127838	-0.0116019735558	-0.0114098807131
 HG03869	-0.0103904332564	0.0051213193914	-0.0376518817533	-0.0174550863508	-0.0016827116250	-0.0024527940735	0.0010069628560	-0.0019572482705	-0.0189756645095	-0.0149105308349
 HG03870	-0.0105815973081	0.0055026224720	-0.0374593631123	-0.0183552299006	-0.0073286087384	-0.0010510301548	-0.0010710385025	-0.0001018409016	-0.0180709675441	-0.0045149114606
 HG03871	-0.0105518868529	0.0055239598819	-0.0388891367987	-0.0168295830900	-0.0009483486133	-0.0010936431354	0.0002408355849	-0.0010779169025	-0.0226438461471	0.0033868815784
 HG03872	-0.0103635545199	0.0052434014296	-0.0375097264859	-0.0174384172165	-0.0026293356529	-0.0015371204513	-0.0022994856641	0.0009490638723	-0.0094224401988	-0.0123329095893
 HG03873	-0.0104305702047	0.0039734517749	-0.0408682188881	-0.0182625445010	0.0004981530913	-0.0005090303749	0.0016970447153	-0.0025379239818	-0.0309182426388	-0.0082341990194
 HG03874	-0.0105903659751	0.0041085076759	-0.0367190283368	-0.0150828479683	0.0028409989052	-0.0033360992985	0.0018558287940	-0.0006564610119	-0.0093885950659	-0.0074176420415
 HG03875	-0.0106239940017	0.0082370539352	-0.0312491393411	-0.0124441525955	0.0003504509852	0.0014892786799	-0.0017422876314	-0.0002099912316	-0.0122037798549	-0.0070064581221
 HG03882	-0.0102259340572	0.0058240916533	-0.0380885248304	-0.0180935264345	-0.0011528999444	-0.0042023258008	-0.0002080018365	-0.0020038658487	-0.0246420432513	-0.0029623743747
 HG03884	-0.0105755426933	0.0040430032946	-0.0398007457192	-0.0171736408305	0.0014782225627	-0.0044618782453	0.0007020589119	-0.0012476411405	-0.0255605351664	-0.0186596560751
 HG03885	-0.0103907428827	0.0046763240673	-0.0387144306141	-0.0174772203326	0.0018812688226	0.0019850371619	0.0015510520070	0.0009146411826	-0.0307545883115	-0.0085927770013
 HG03886	-0.0104679404504	0.0046230350422	-0.0401196524018	-0.0183161858114	-0.0030394463480	-0.0030253734240	-0.0009490562331	-0.0001298569660	-0.0349936514323	-0.0199059153095
 HG03887	-0.0105772887479	0.0044842487854	-0.0394068861297	-0.0171909781365	-0.0007221812766	0.0001708767564	0.0016176726731	-0.0043398712156	-0.0233880303140	-0.0030243798318
 HG03888	-0.0108056818861	0.0080594802189	-0.0314698992077	-0.0136490408088	0.0011460388892	0.0028719689880	0.0002617842673	0.0007722935560	-0.0065139294365	-0.0077994860458
 HG03890	-0.0103440764494	0.0036322188508	-0.0385657940064	-0.0172677411850	-0.0017450610857	-0.0012332282003	-0.0026703542176	-0.0010425096261	-0.0213634123155	-0.0070936924363
 HG03894	-0.0101447796228	0.0040508101157	-0.0399769166586	-0.0174752309865	0.0005215251663	-0.0018093324112	-0.0021662952003	-0.0006348186820	-0.0279408237219	-0.0076969263718
 HG03895	-0.0102525527188	0.0046465864956	-0.0383146772611	-0.0187382368493	-0.0015080940146	-0.0029386671663	0.0006448524485	-0.0011724016745	-0.0318617868483	-0.0125510870151
 HG03896	-0.0103258292810	0.0032185832054	-0.0404935508144	-0.0186931270843	-0.0018338094392	0.0002659088037	-0.0007498967607	0.0005607431599	-0.0375938508015	-0.0084241801106
 HG03897	-0.0105264577766	0.0052565783456	-0.0373683985589	-0.0165758780356	-0.0061654381074	0.0053809666100	0.0008287025413	0.0038040691788	-0.0256307991252	-0.0153665207527
 HG03898	-0.0101098144369	0.0039209534829	-0.0401983167245	-0.0175803417962	-0.0014941164294	-0.0028036272718	0.0000004817287	-0.0036028048333	-0.0362286288845	-0.0061411008020
 HG03900	-0.0107210855983	0.0043999180692	-0.0387138542339	-0.0164923019535	-0.0013586787464	-0.0051112980415	0.0023881299456	0.0005303432546	-0.0275001793284	-0.0103574105607
 HG03902	-0.0110607123659	0.0021738870164	-0.0311626557360	-0.0138253532081	-0.0002543600700	0.0032492388741	-0.0007401860768	0.0032675777431	-0.0042921397476	0.0016951422155
 HG03905	-0.0112606500210	0.0004103117014	-0.0319552493048	-0.0133655288820	-0.0017579059275	0.0005835767145	0.0009893871100	-0.0004583287806	-0.0124987857153	-0.0053295054893
 HG03907	-0.0111196743096	0.0005990451226	-0.0325519735867	-0.0131058921556	-0.0001366250982	0.0048454099745	0.0016380626570	0.0024829122449	-0.0045784308609	-0.0102372752134
 HG03908	-0.0108813676485	0.0017346809653	-0.0338403236171	-0.0139326408478	0.0013023014824	0.0025274983354	-0.0020392377492	-0.0016475368499	-0.0111620165587	-0.0060401211973
 HG03910	-0.0113565612454	0.0003753360045	-0.0315225634346	-0.0125620597661	-0.0001974620578	0.0032917720615	0.0007736979302	0.0009037953736	-0.0112692059601	0.0043669405098
 HG03911	-0.0112675155209	0.0023439330247	-0.0332393901978	-0.0141211694268	0.0017793030077	-0.0003643357613	0.0006358114590	0.0006286747545	-0.0088271030938	0.0012109037332
 HG03913	-0.0114118738488	0.0008997801280	-0.0331222826469	-0.0131367331981	0.0008516520745	0.0027467931123	0.0006822685388	0.0001140389022	-0.0148023357769	-0.0098261522710
 HG03914	-0.0113972076652	0.0005979295318	-0.0324699713525	-0.0137036431884	0.0032434654774	0.0047071131129	0.0013132937242	0.0003779081233	-0.0149356001741	-0.0042524837141
 HG03916	-0.0112312745730	0.0002100333670	-0.0331141678283	-0.0126731855550	0.0009270134930	0.0035756429933	-0.0014962653909	0.0010017993543	-0.0205707939250	0.0082275165039
 HG03917	-0.0110967994787	0.0003497008001	-0.0323714765724	-0.0129454084748	-0.0015872242040	0.0031578191686	-0.0000376281327	-0.0025258934299	-0.0104183669906	-0.0008510520090
 HG03919	-0.0106682598782	0.0050167039063	-0.0332124452719	-0.0145242537053	0.0006826557549	-0.0037402549540	0.0016275096522	0.0023434480745	-0.0111892995635	-0.0063531968615
 HG03920	-0.0112122799428	0.0017105830918	-0.0343760875842	-0.0144300604659	0.0022657372900	0.0006214366561	0.0009662821363	0.0007406330310	-0.0185304058400	-0.0077568215596
 HG03922	-0.0112849686570	0.0003929892007	-0.0301194523469	-0.0141177315245	0.0017011987315	0.0041372999601	0.0009078488495	0.0037271984958	-0.0161472741717	-0.0028710179622
 HG03925	-0.0110139095082	0.0007630076203	-0.0320889656042	-0.0137219937278	0.0020596357205	0.0009087518243	-0.0007329997010	-0.0022828722517	-0.0024879641192	-0.0017756058866
 HG03926	-0.0109396621875	-0.0005608938908	-0.0304743987693	-0.0114460056334	-0.0018966829512	0.0028246299492	-0.0023053996355	0.0007586273271	-0.0099312746578	-0.0001593763073
 HG03928	-0.0109531236168	0.0009644348096	-0.0329784019157	-0.0142658263463	0.0013300442763	0.0060872811328	-0.0010652716838	-0.0013334411071	-0.0168193670946	-0.0007643298159
 HG03931	-0.0111570474574	-0.0002843704423	-0.0306736770863	-0.0130961132011	0.0032006644293	0.0038970524935	-0.0001699680617	-0.0028431247956	-0.0134835808264	0.0066575600493
 HG03934	-0.0111121265229	0.0005798975497	-0.0324234309780	-0.0138097990384	0.0015970028211	0.0030567308898	0.0027750501743	0.0000176985670	-0.0132481124381	-0.0020020459923
 HG03937	-0.0113003542734	0.0005052364263	-0.0328967563366	-0.0142956613299	0.0018866665550	0.0028062062233	-0.0002841771166	0.0015645457822	-0.0015926207841	0.0044913757354
 HG03940	-0.0105662227544	0.0024359624926	-0.0418561542443	-0.0189342845293	0.0022434191542	0.0004971439295	0.0020964141888	-0.0019087121410	-0.0199702171687	0.0021670020023
 HG03941	-0.0106140240210	0.0016230985417	-0.0406518524192	-0.0206930632853	0.0053081872218	-0.0002194487740	0.0010542050309	-0.0026503430698	-0.0131045833015	0.0047269451285
 HG03943	-0.0108202025475	0.0043477769352	-0.0399039804238	-0.0180536915268	-0.0009749415790	-0.0016903115710	0.0004349918845	0.0012792474313	-0.0384988131019	-0.0104654145228
 HG03944	-0.0100143275653	0.0047543675524	-0.0374952560216	-0.0174330134097	-0.0036343488571	0.0010054739041	-0.0003584634065	-0.0016730098915	-0.0327498628594	-0.0014863725805
 HG03945	-0.0103549733374	0.0050705584265	-0.0366713186302	-0.0168131443052	-0.0019393137143	-0.0035336322132	0.0008625550305	-0.0001405760928	-0.0243142154073	-0.0020705698797
 HG03947	-0.0104040892622	0.0029690350549	-0.0390599992686	-0.0175775411501	-0.0015011501607	0.0000797337466	-0.0015699986500	0.0001920894240	-0.0260755671908	-0.0007230648904
 HG03949	-0.0104169286715	0.0042105214245	-0.0385494010497	-0.0173359187371	0.0014331956590	-0.0007277313984	0.0001865540375	0.0027514063928	-0.0290376082560	-0.0130658024997
 HG03950	-0.0107463947267	0.0033912429679	-0.0384976265550	-0.0172134842177	-0.0021520717278	-0.0006331493008	-0.0020222743116	-0.0003183198772	-0.0202583774377	-0.0088183419263
 HG03951	-0.0101157801705	0.0046944391477	-0.0383123812683	-0.0172804956129	-0.0011629996727	-0.0004646543815	0.0022843175007	0.0022308453171	-0.0239464658288	-0.0035325339769
 HG03953	-0.0100589685017	0.0046131931954	-0.0380482915313	-0.0149545806669	-0.0039398736810	0.0018549698882	0.0012498456934	-0.0027144759530	-0.0188942008405	-0.0079651000408
 HG03955	-0.0102996826608	0.0045991363494	-0.0394968370100	-0.0186280133901	0.0008642982294	0.0006131935542	-0.0014256923508	0.0002998433999	-0.0209337894925	-0.0138157313316
 HG03960	-0.0107702154835	0.0035603480943	-0.0374373001372	-0.0176549176587	-0.0020831533838	-0.0026241142787	0.0025372837627	-0.0024968796084	-0.0223214037619	-0.0102998293929
 HG03963	-0.0106922088208	0.0036421463935	-0.0388978359688	-0.0187627449005	0.0018121472497	-0.0039324254376	-0.0017410383384	-0.0002794921321	-0.0236799254838	-0.0056591227411
 HG03965	-0.0105205417501	0.0024754429500	-0.0387743172653	-0.0182363608910	-0.0055644380005	0.0015797221593	0.0009494146591	-0.0000642262900	-0.0260175440020	0.0006785443378
 HG03967	-0.0106632717420	0.0057780791853	-0.0369423637423	-0.0157984850848	-0.0011333857228	-0.0069909815747	-0.0014318624717	0.0037127904567	-0.0305847582023	-0.0116498465785
 HG03968	-0.0104055038415	0.0049895544591	-0.0394290085400	-0.0172691512646	-0.0014143210850	-0.0007273434998	-0.0007992180665	0.0005546099231	-0.0125368816472	-0.0183982142836
 HG03969	-0.0105796221898	0.0051806852220	-0.0387059910694	-0.0172898292747	0.0005892790423	-0.0038664567009	0.0011845858549	-0.0004531278854	-0.0248351464640	-0.0034523429076
 HG03971	-0.0105293234770	0.0051743890656	-0.0369221384219	-0.0171521168934	0.0000086499271	-0.0015491445131	-0.0005059304978	-0.0017382568583	-0.0260802074390	-0.0168506490429
 HG03973	-0.0103904401562	0.0052281051280	-0.0391373376814	-0.0169173284771	-0.0040105672704	-0.0039996526299	-0.0022635084133	0.0014526353233	-0.0118995840734	-0.0117745840923
 HG03974	-0.0104564287647	0.0054351334271	-0.0388928179804	-0.0162621422075	-0.0027730090550	-0.0035229792137	0.0001618192755	-0.0003667468559	-0.0304273233580	-0.0061272208414
 HG03976	-0.0106338702602	0.0039297229774	-0.0378233083442	-0.0171482348522	0.0032165676439	0.0006398895235	-0.0024212766290	-0.0010730505081	-0.0200334141938	-0.0050035750992
 HG03977	-0.0105621126940	0.0005020250812	-0.0438043262250	-0.0200118927781	-0.0007347697054	-0.0037008177094	0.0011102118588	0.0038774543765	-0.0390936542281	0.0024305416411
 HG03978	-0.0105345494483	0.0026142115219	-0.0403359519238	-0.0173211437508	-0.0001660254700	0.0015130993900	0.0019817163298	-0.0010118383528	-0.0289212397439	0.0014317581793
 HG03985	-0.0104379762351	0.0018298521224	-0.0413424113103	-0.0189718778952	-0.0052446787602	-0.0014032926877	0.0001779990488	-0.0013272171856	-0.0378077167889	-0.0094641734827
 HG03986	-0.0103892240413	0.0046299883671	-0.0376360101643	-0.0175877646399	-0.0022665094438	-0.0011554401478	0.0023315866519	-0.0046173039714	-0.0227883502648	-0.0043069112537
 HG03989	-0.0105924859421	0.0045102405490	-0.0391062713365	-0.0172584862391	0.0015161345455	-0.0044266957863	-0.0015217814857	0.0025441154366	-0.0312985022917	-0.0061682325416
 HG03990	-0.0105266075036	0.0031645707396	-0.0388333269071	-0.0185967742883	0.0021988444383	-0.0003896972315	-0.0015756969701	0.0012903425313	-0.0233479456182	0.0019999178665
 HG03991	-0.0106182104494	0.0043895474822	-0.0386515509868	-0.0166228396805	0.0008260405926	-0.0033941149045	0.0023233857715	0.0008502684286	-0.0248106985434	-0.0072669353402
 HG03995	-0.0103736839102	0.0034933392797	-0.0396587770201	-0.0177786519498	-0.0012023754693	-0.0018630109445	0.0000703860907	0.0002956898328	-0.0341578159788	-0.0093277074946
 HG03999	-0.0106676183392	0.0035011226241	-0.0393567200906	-0.0185347880973	0.0006841819515	-0.0009875130545	0.0009588416261	-0.0025741137931	-0.0213139433957	-0.0100893193114
 HG04001	-0.0109086919711	0.0038650748722	-0.0388505121650	-0.0168307579343	-0.0005687345466	0.0016144134094	-0.0001092839852	-0.0014300516252	-0.0167123074436	-0.0040732703251
 HG04002	-0.0105914711732	0.0048032581390	-0.0394291287091	-0.0158688891035	-0.0006205783670	-0.0004368840045	-0.0000068103706	-0.0028441825637	-0.0123548968828	-0.0083216758620
 HG04003	-0.0111646612838	0.0077017843492	-0.0321197309895	-0.0137771443189	0.0039996575317	0.0001317824085	-0.0009375873711	0.0024870901349	-0.0004745597581	-0.0131488646336
 HG04006	-0.0106060812949	0.0025962686571	-0.0401515685253	-0.0185502012518	-0.0017895963068	-0.0033185024352	0.0013466011164	-0.0008361436700	-0.0271240200522	-0.0078102746439
 HG04014	-0.0107433382064	0.0023810675454	-0.0372943890012	-0.0160007037945	-0.0049145844917	0.0002802112196	0.0021249000927	0.0016204117921	-0.0257805867472	-0.0021406077949
 HG04015	-0.0106965585125	0.0040441881349	-0.0391063947097	-0.0175683473507	-0.0021261159006	0.0019605416870	0.0013918304686	0.0015450532537	-0.0215488870866	-0.0054027907781
 HG04017	-0.0104401735318	0.0035415377463	-0.0428896242227	-0.0196971875049	-0.0036670050868	-0.0001594671508	0.0020946355105	0.0004302145231	-0.0301964590601	0.0342060219688
 HG04018	-0.0102144412239	0.0061160371505	-0.0388159634811	-0.0161848574319	-0.0022242914008	-0.0063499656973	0.0010057332298	0.0002650115153	-0.0258845499787	-0.0067430074205
 HG04019	-0.0105267453491	0.0054054012389	-0.0379237562056	-0.0178994851191	-0.0012658959738	-0.0016963679513	-0.0003928314219	0.0001952067962	-0.0194884260273	-0.0075103759410
 HG04020	-0.0106442636738	0.0055391126003	-0.0345817414888	-0.0142481928616	-0.0002812916410	0.0055849657661	0.0024967655462	-0.0007302745968	-0.0148389723757	-0.0089686682932
 HG04022	-0.0102211703645	0.0047449460948	-0.0397061336263	-0.0182144295083	-0.0008501385711	0.0012210524748	-0.0006820793911	-0.0024500383946	-0.0259515296299	-0.0031200119339
 HG04023	-0.0107775407248	0.0025492225740	-0.0442598914027	-0.0204464420543	0.0015112986605	0.0024114297945	0.0028867243490	0.0026238752739	-0.0412417393413	0.0358506779271
 HG04025	-0.0106824523389	0.0033506659639	-0.0439755008416	-0.0211844126919	-0.0013883796011	-0.0029912226748	0.0009993383382	0.0018247868953	-0.0368392002305	0.0348290119590
 HG04026	-0.0104760595425	0.0034363065906	-0.0455608532658	-0.0224730082208	0.0001487208683	0.0008750095504	0.0007523130694	0.0032097596947	-0.0379900012583	0.0283497433893
 HG04029	-0.0102777847892	0.0039553402897	-0.0383502394077	-0.0166348152775	-0.0024910012355	0.0030643927982	0.0003519849033	-0.0029052947133	-0.0211536295682	-0.0102457234400
 HG04033	-0.0105195610629	0.0031770947544	-0.0396617125587	-0.0171523505433	0.0036711778253	-0.0001454677043	0.0007896279288	-0.0001161277830	-0.0169980051074	-0.0164658902889
 HG04035	-0.0102412482833	0.0045622545256	-0.0379684490398	-0.0163670407058	-0.0055111065700	-0.0059410896372	-0.0001330595254	0.0004537668625	-0.0297924640817	-0.0117635533053
 HG04038	-0.0107577916725	0.0033704850878	-0.0388833764823	-0.0167713849671	-0.0022858997192	0.0012393034293	-0.0013539571794	-0.0001799831144	-0.0224851760487	-0.0100675670286
 HG04039	-0.0101492444917	0.0035638876537	-0.0382477823567	-0.0166942933756	-0.0008040578304	-0.0020020896703	-0.0000671593063	0.0002820436661	-0.0292054196172	0.0031609843712
 HG04042	-0.0105472244457	0.0042677757501	-0.0383389330875	-0.0182049107670	0.0008790857719	-0.0065656377242	0.0010690680597	0.0010437101659	-0.0208885807028	-0.0088022939680
 HG04047	-0.0103296518707	0.0036422463922	-0.0399121514818	-0.0168414494612	-0.0030424002006	0.0004122578559	-0.0004106599553	0.0003448958427	-0.0190582147490	-0.0077566802777
 HG04054	-0.0106640395993	0.0030202794420	-0.0438097050671	-0.0208434541461	0.0004318365277	-0.0009838131884	0.0003292993993	0.0040903720216	-0.0372089903685	0.0381188322579
 HG04056	-0.0105392607429	0.0045712138319	-0.0440152060027	-0.0207290457777	-0.0034211756529	0.0031660197828	-0.0013224434411	0.0023497886166	-0.0337865313951	0.0297421412913
 HG04059	-0.0102068426599	0.0059151315469	-0.0387952295409	-0.0177553992774	-0.0013472543000	-0.0027669314245	0.0026490274069	-0.0020669965871	-0.0133176890234	-0.0010514237303
 HG04060	-0.0105695034317	0.0073266439585	-0.0339976917525	-0.0149068614447	0.0025875843218	-0.0011900109908	0.0001613938810	0.0018426607376	-0.0096148544583	-0.0061251709475
 HG04061	-0.0105083333364	0.0007430173762	-0.0434225823382	-0.0207422039401	-0.0040204079978	-0.0018938740104	-0.0001015181255	0.0005766246788	-0.0350314271774	0.0047336520623
 HG04062	-0.0102321402458	0.0012440161493	-0.0430705574171	-0.0189777780970	0.0023638166328	0.0005073459666	0.0011066557281	-0.0020120391741	-0.0309373918374	0.0014207247957
 HG04063	-0.0105878090022	0.0035864015625	-0.0442170200143	-0.0219998264568	0.0005268832928	-0.0010058248705	0.0029091187766	0.0016713603282	-0.0254246060217	0.0239929215723
 HG04070	-0.0107697297168	0.0043198850439	-0.0386947759172	-0.0171007380553	-0.0041547900334	-0.0019007651409	-0.0012852237506	0.0008849768083	-0.0258234747051	-0.0016848574818
 HG04075	-0.0105764983063	0.0044217717544	-0.0392187559350	-0.0171123091873	-0.0017164136735	-0.0015263099744	-0.0006112195054	0.0013406839318	-0.0282297906886	-0.0131260399309
 HG04076	-0.0106931927518	0.0039628217494	-0.0374118297015	-0.0180129614498	-0.0044852115073	-0.0055201741487	0.0004069229386	0.0002485919717	-0.0121907717469	-0.0124637324621
 HG04080	-0.0106352532739	0.0075736445909	-0.0341371468639	-0.0146475560603	0.0030488137843	-0.0003454391363	0.0001782457488	0.0002042628290	-0.0138530002692	-0.0133331229289
 HG04090	-0.0108242475182	0.0047342336545	-0.0378748635024	-0.0171580944406	-0.0004773935940	-0.0037017786708	0.0009818183942	0.0040274299426	-0.0255149844080	-0.0131789313694
 HG04093	-0.0105584694975	0.0050009760936	-0.0397459804573	-0.0180754633305	-0.0021887274305	-0.0033520483172	-0.0016259900694	-0.0039355277295	-0.0217543072495	-0.0169889083101
 HG04094	-0.0105545762647	0.0039272922690	-0.0389973767453	-0.0170396317383	0.0028734618156	-0.0004535788414	0.0026691941436	0.0008004608788	-0.0224308865406	-0.0013879974869
 HG04096	-0.0107344671132	0.0039993831416	-0.0441198430472	-0.0187429090307	-0.0015351360827	0.0000944055355	0.0003506748116	-0.0018901230926	-0.0292087203461	0.0292406312743
 HG04098	-0.0103530086933	0.0047086596806	-0.0392401321565	-0.0176697137338	-0.0015798656342	-0.0009775142089	-0.0007919937674	-0.0009999501692	-0.0219087275194	-0.0029777279633
 HG04099	-0.0105636396941	0.0044623430727	-0.0384611538051	-0.0186856984422	-0.0041368454384	0.0013130709283	-0.0007165934754	0.0029773316853	-0.0110115130080	-0.0032143516604
 HG04100	-0.0101990601621	0.0030590905321	-0.0381975798073	-0.0180534146435	0.0046767102907	-0.0030409722843	-0.0002847458692	-0.0015210915994	-0.0129434123844	-0.0043276141137
 HG04106	-0.0104697470347	0.0047121496221	-0.0393586380595	-0.0177169126032	0.0006686684143	-0.0021578974689	-0.0003952303436	0.0004827286811	-0.0348841274120	-0.0019705420611
 HG04107	-0.0102742376445	0.0046570822143	-0.0402963208367	-0.0185632614826	0.0002816638107	0.0039889822550	0.0011140627095	-0.0012324100783	-0.0232245097890	-0.0089402170858
 HG04118	-0.0103899657967	0.0046550107572	-0.0400184417086	-0.0164423195675	-0.0009314070068	-0.0013289725080	0.0006381461359	-0.0023602598379	-0.0233900999028	-0.0114779546960
 HG04131	-0.0111980592899	0.0005361394602	-0.0316006544199	-0.0135407419008	0.0000552096130	0.0048169500122	0.0012164098202	0.0014210587622	-0.0128620295848	-0.0081975655313
 HG04134	-0.0110881090177	0.0012478838976	-0.0317383099963	-0.0122814491529	-0.0013507694991	0.0055374273746	0.0014370186186	0.0004475208169	-0.0050397617144	-0.0027245460877
 HG04140	-0.0114626844273	-0.0013181766939	-0.0316460697166	-0.0123688760830	0.0038877662377	-0.0017687223668	0.0016424502596	-0.0006853966994	-0.0191988375354	-0.0013118218573
 HG04141	-0.0113267986574	0.0004973655480	-0.0312055147864	-0.0138277088805	-0.0029741979127	0.0034397811816	0.0026563065863	-0.0016510339240	-0.0127296017056	-0.0001489185004
 HG04144	-0.0111279751859	0.0036454674175	-0.0323228704723	-0.0136254692851	0.0008179425615	-0.0000740304697	0.0010935839643	0.0001626703542	-0.0061937776163	0.0007337114759
 HG04146	-0.0111280474983	0.0002848210001	-0.0307878422035	-0.0140354927234	-0.0006078117120	0.0031952334319	-0.0008334016027	-0.0008797884138	-0.0075615516636	0.0012861717322
 HG04152	-0.0114578746412	0.0005187820885	-0.0338185556484	-0.0128763002311	0.0007530418612	0.0016925687059	0.0020865657535	0.0029653354148	-0.0000345087271	-0.0081741854222
 HG04153	-0.0109174704467	0.0010444668751	-0.0325674909648	-0.0137410815141	0.0030260860132	0.0018571303928	0.0005969416580	0.0008239918589	-0.0123554491634	-0.0069652002299
 HG04155	-0.0110857486341	0.0001822193135	-0.0327365092161	-0.0140015097848	-0.0004616031047	0.0027035187100	0.0000954845802	0.0016021056103	-0.0115454569561	-0.0081523949008
 HG04156	-0.0112225460912	0.0013085459729	-0.0321584180164	-0.0128726388314	0.0013935819392	-0.0000856082522	0.0003201454226	0.0003003591786	-0.0018682129438	-0.0023748217048
 HG04158	-0.0111063740463	0.0006051346213	-0.0313784394930	-0.0133249918295	0.0005613830897	0.0046276662605	-0.0000564326627	0.0003287630906	-0.0073025217357	-0.0019130216722
 HG04159	-0.0110753349839	0.0010924272276	-0.0325755495879	-0.0129191634256	0.0019979825072	0.0039262373108	0.0008498928005	0.0011744497144	-0.0122902887804	-0.0000326216669
 HG04161	-0.0112951777465	-0.0005285659088	-0.0312866356137	-0.0139106723475	-0.0021140165061	0.0005477272405	-0.0006028810793	0.0034607251301	-0.0097000162113	-0.0045789768082
 HG04162	-0.0116057872065	-0.0007132631938	-0.0315147457437	-0.0119970927691	0.0002711580887	0.0004932744977	-0.0002728180705	0.0019245702828	-0.0094861058297	0.0023161540773
 HG04164	-0.0106928991072	0.0011434207158	-0.0326539848646	-0.0134391546882	0.0017281924816	-0.0005219380481	0.0021359340968	-0.0010216098543	-0.0041422224349	0.0038742667467
 HG04171	-0.0107376601811	0.0009153202347	-0.0319762271399	-0.0131748326605	0.0019858356432	0.0022610298542	0.0015434407574	0.0016846808450	-0.0130996873871	-0.0077192373851
 HG04173	-0.0108460219082	0.0010374070343	-0.0328846267198	-0.0130595253331	-0.0014400774735	0.0063179926201	0.0006619621452	0.0016545930126	-0.0112805169641	-0.0002849234564
 HG04176	-0.0110696248924	0.0008445330001	-0.0324107317101	-0.0138826106316	0.0072261486626	0.0019042985293	-0.0008594384130	-0.0032039728667	-0.0140785896218	0.0001915811768
 HG04177	-0.0113797455438	0.0007470296053	-0.0330390603322	-0.0124814704169	0.0010090804775	0.0058032341085	0.0003792451251	0.0048278805207	-0.0128798421726	-0.0005062784413
 HG04180	-0.0110887860902	0.0014874746894	-0.0328886531008	-0.0135539908007	-0.0022835021805	0.0005964121839	0.0027349209016	0.0023175009696	-0.0088428498035	-0.0066455938248
 HG04182	-0.0113966282236	0.0000823611684	-0.0328351551603	-0.0146148927481	0.0015915964965	0.0034678757125	-0.0021337514611	-0.0009368490052	-0.0048480348690	-0.0043506100463
 HG04183	-0.0111990755426	0.0006770210564	-0.0309006043529	-0.0138702343885	0.0010980088494	0.0001979115232	-0.0004314432744	0.0011341415398	-0.0102013198411	-0.0005318393671
 HG04185	-0.0107197467988	0.0028497464778	-0.0397478494449	-0.0191519994502	0.0005901738732	-0.0024830565298	-0.0007646836841	0.0018762274880	-0.0181289830670	-0.0013442844043
 HG04186	-0.0110529740156	0.0024964585396	-0.0408351918013	-0.0199931325351	0.0042273011477	0.0000279381592	-0.0004819918403	-0.0007336375086	-0.0094134284211	0.0095480428643
 HG04188	-0.0114214042181	0.0004142846479	-0.0323589052690	-0.0143161146641	-0.0016585607484	0.0041165615910	0.0000628971798	0.0034398668939	-0.0074851454515	-0.0016029381302
 HG04189	-0.0110257079988	0.0006431869096	-0.0328700991772	-0.0144807350954	0.0022084279074	0.0015379420070	-0.0006825419345	-0.0000984535531	-0.0106892879377	-0.0065597124943
 HG04194	-0.0109944227375	0.0023592284109	-0.0330351157593	-0.0134704544172	-0.0007396641503	0.0023906913896	-0.0012750223003	0.0027444488840	-0.0052984937164	-0.0043611614450
 HG04195	-0.0114596143497	0.0004672268290	-0.0307847047631	-0.0131281745524	-0.0022884894669	0.0058781576286	-0.0033900776182	-0.0027395225003	-0.0124718581600	-0.0109546544357
 HG04198	-0.0105623158109	0.0060350449655	-0.0376376732191	-0.0170910495212	-0.0028233424346	0.0016088110215	-0.0010366457349	0.0008083445857	-0.0210077125105	-0.0088328334811
 HG04200	-0.0103516666294	0.0060849910295	-0.0367147056205	-0.0165972766500	-0.0019620623139	-0.0064025763464	-0.0023254918772	0.0030316977896	-0.0232943749724	-0.0076054508263
 HG04202	-0.0104858369844	0.0046102176228	-0.0389502568721	-0.0179697150741	-0.0040480446449	-0.0046986122872	-0.0007641170988	0.0012771743201	-0.0213912175867	-0.0003587866112
 HG04206	-0.0101085765554	0.0055839339771	-0.0375756742622	-0.0164778646458	-0.0006456139890	-0.0010149590863	-0.0003099769562	0.0006679053631	-0.0213428406456	-0.0017574834076
 HG04209	-0.0102180138427	0.0045818194209	-0.0393587138187	-0.0184210945364	-0.0029109187452	-0.0020895730847	-0.0000070152645	-0.0007619761645	-0.0235037640869	-0.0073177084241
 HG04210	-0.0105072115131	0.0035467199532	-0.0396875166056	-0.0164533877821	0.0018208115700	0.0018113677382	-0.0003407704917	-0.0004439674316	-0.0237354133419	-0.0125746235365
 HG04211	-0.0101681741131	0.0064497441915	-0.0384065486907	-0.0184741674705	-0.0020242772724	-0.0056271032691	0.0013665423754	0.0028945465318	-0.0202279011963	-0.0173938770267
 HG04212	-0.0104891919740	0.0057953251628	-0.0389176226961	-0.0190411559402	-0.0072321409834	-0.0024247445015	0.0000076778311	0.0021218431029	-0.0190378990774	-0.0115706096804
 HG04214	-0.0104584719958	0.0068980247034	-0.0385370380617	-0.0154830513377	-0.0070012655900	-0.0056443446875	0.0007032211066	-0.0000328861137	-0.0199378595082	-0.0233415615086
 HG04216	-0.0104721258338	0.0042565995397	-0.0369682498001	-0.0158775648928	0.0018171375611	0.0019203596402	0.0004060074834	0.0020906622173	-0.0112459921380	0.0037821415027
 HG04219	-0.0101391285052	0.0052493601316	-0.0386633197197	-0.0173412748669	0.0012813742181	-0.0034664815600	0.0002642077724	-0.0041353778506	-0.0133671299077	-0.0068226016510
 HG04222	-0.0101555299400	0.0039441516036	-0.0405718443917	-0.0177185029393	-0.0031230542277	0.0021494470952	-0.0009576544944	-0.0027279899159	-0.0121487321871	-0.0067310427034
 HG04225	-0.0105901373246	0.0056569346626	-0.0377782939311	-0.0167535812225	0.0016511343260	-0.0024148353938	-0.0008080801580	0.0007901188982	-0.0179931985771	-0.0083816505585
 HG04227	-0.0109257867636	0.0011244653310	-0.0400281850338	-0.0164784980567	0.0008511889666	-0.0008633372892	0.0006136152132	0.0020761001884	-0.0195930900035	-0.0035484980450
 HG04229	-0.0105792552837	0.0038767355656	-0.0376953582405	-0.0170391340077	0.0001161616336	0.0004176265798	0.0030674634864	0.0015581076390	-0.0233093201885	-0.0056069835333
 HG04235	-0.0105057398858	0.0046827756537	-0.0369115838459	-0.0164123220904	-0.0017647895203	-0.0034708549472	-0.0027842045146	-0.0019571660770	-0.0042186720962	-0.0136774285659
 HG04238	-0.0108072765644	0.0040845599240	-0.0383959527736	-0.0175057219243	-0.0016449928144	-0.0037757563242	-0.0005605944477	-0.0012236081627	-0.0131375893937	-0.0045528118597
 HG04239	-0.0105559124433	0.0039875895088	-0.0398273042134	-0.0179935714249	0.0017402619234	-0.0041360798517	0.0000155864369	-0.0016277414563	-0.0287283194191	-0.0096428289617
 NA06984	-0.0115173040956	0.0267687457272	0.0110156803229	0.0184708916682	0.0084291294277	0.0058373940285	0.0009957551006	0.0040352611280	0.0094568919227	-0.0249374614591
 NA06985	-0.0111192938016	0.0272930197676	0.0099213952073	0.0180052027361	0.0045151043344	0.0089443151649	-0.0031010659763	0.0028742214888	0.0187394090639	-0.0373050422181
 NA06986	-0.0114756692325	0.0279243734197	0.0102115003254	0.0187187621290	0.0071381959320	0.0088108682242	0.0024839085952	0.0037505139712	0.0165920864624	-0.0316491869262
 NA06989	-0.0116942299638	0.0270896855023	0.0099055127251	0.0199725076404	0.0111344389126	0.0089349720845	-0.0017786850796	-0.0001315367369	0.0165368693125	-0.0359482491643
 NA06994	-0.0116065374192	0.0275481551726	0.0098902856861	0.0184456790779	0.0103690990665	0.0077432236909	0.0009984109289	0.0016631309209	0.0213603582648	-0.0262281912214
 NA07000	-0.0116283234097	0.0272225124428	0.0108510087634	0.0178157478492	0.0146711781311	0.0076833545777	-0.0023827407820	-0.0023335271152	0.0159093160244	-0.0301229179681
 NA07037	-0.0110522758022	0.0274660561691	0.0102333149128	0.0188681484971	0.0056537827961	0.0030124537646	0.0003263097704	0.0013477836304	0.0210901003302	-0.0281339857694
 NA07048	-0.0109969080906	0.0273168411900	0.0094652181724	0.0208810585988	0.0080554035654	0.0082890572410	-0.0012668283898	0.0008417006731	0.0200113914291	-0.0425348943630
 NA07051	-0.0115653571794	0.0276545873388	0.0102264539451	0.0190071764884	0.0137383777304	0.0136050121591	-0.0009673701346	-0.0005995038048	0.0144461668719	-0.0433405315370
 NA07056	-0.0115162497913	0.0272410165501	0.0100351340157	0.0178003501973	0.0077556791717	0.0068007192780	-0.0003307325702	0.0029164851547	0.0187037211981	-0.0377955116334
 NA07347	-0.0111895768519	0.0282610156329	0.0112856418131	0.0181752299353	0.0049371572839	-0.0003437464186	-0.0002990744982	0.0013833848177	0.0114829985953	-0.0351436340615
 NA07357	-0.0115859210547	0.0272479574129	0.0113741036046	0.0180647150328	0.0051177123653	0.0074023877448	-0.0004772199772	0.0026994451574	0.0127659522943	-0.0403863731388
 NA10847	-0.0114161004169	0.0280988799866	0.0111901901701	0.0179651106426	0.0119636169928	0.0053744087856	0.0004700608152	0.0032269632688	0.0109109438591	-0.0305119668226
 NA10851	-0.0117792945018	0.0280332981411	0.0118252093674	0.0184771465263	0.0142053626463	0.0097999299835	0.0013874341967	-0.0003921308774	0.0237574240909	-0.0338866685867
 NA11829	-0.0116446535614	0.0279894775447	0.0101112895656	0.0180891123260	0.0201973079062	0.0113390678884	-0.0004440909422	0.0002249342854	-0.0007642040538	-0.0279023190657
 NA11830	-0.0116665910529	0.0272311021757	0.0102138870687	0.0185976532193	0.0129131990196	0.0100568718032	0.0002728223904	0.0025174962772	0.0165077145840	-0.0289036808119
 NA11831	-0.0113367204767	0.0276208947217	0.0100107055969	0.0189802454971	0.0071615372903	0.0057630090743	0.0002931317715	0.0049974403228	0.0095925498553	-0.0371411164276
 NA11832	-0.0111789301008	0.0277910474714	0.0092494993015	0.0191812974709	0.0055636160992	0.0027975066892	-0.0027003462630	-0.0008358240340	0.0147682542944	-0.0237190923671
 NA11840	-0.0117456281821	0.0265081751751	0.0111342030529	0.0178025280099	0.0217878043872	0.0116991995548	-0.0001106573085	-0.0027693348173	0.0071559939634	-0.0139303790337
 NA11843	-0.0115657563710	0.0272884127421	0.0101009841268	0.0185687066555	0.0090657134189	0.0117773191487	0.0005368403760	-0.0005623787606	0.0121744594761	-0.0331601298383
 NA11881	-0.0114271387122	0.0274172229720	0.0100830010074	0.0184057277293	0.0129541355706	0.0071749372205	-0.0009302449306	0.0032230589459	0.0261819580210	-0.0277376622481
 NA11892	-0.0112636281141	0.0273198893774	0.0096440584648	0.0188790411254	0.0082124477066	0.0061386487718	0.0006317415085	0.0033394404520	0.0103635461649	-0.0356759148300
 NA11893	-0.0117820204291	0.0268694113301	0.0102515020296	0.0175038486071	0.0073178812064	0.0059641281328	0.0000977403821	0.0046846640849	0.0176195887144	-0.0328169274068
 NA11894	-0.0111634002611	0.0279340673254	0.0105471155549	0.0193519393653	0.0117708070144	0.0068440526330	-0.0024157427551	-0.0000941405409	0.0204047607184	-0.0442302301981
 NA11918	-0.0117022776302	0.0271528436198	0.0106885770192	0.0175271069742	0.0044589967757	0.0048855621569	0.0009361292915	0.0044525897868	0.0249272617348	-0.0359275219169
 NA11919	-0.0112422809195	0.0277404612359	0.0091282345262	0.0168361971395	0.0080208353203	0.0074780025533	-0.0014935900200	-0.0001237393911	0.0183966574938	-0.0302228022018
 NA11920	-0.0115666670203	0.0280685384750	0.0105794701527	0.0193441396711	0.0110292178902	0.0084434446654	-0.0001038683879	0.0025376429425	0.0052985321894	-0.0330632860751
 NA11930	-0.0112776488607	0.0263370494983	0.0092972700943	0.0176286486543	0.0082580487632	0.0069451540957	-0.0030519288359	0.0001274668848	0.0139477678032	-0.0214832423830
 NA11931	-0.0114496973237	0.0274544517853	0.0100941077996	0.0183339426793	0.0093092609215	0.0104033647377	0.0008049637047	0.0039936077996	0.0161166851964	-0.0346379867996
 NA11932	-0.0110705183619	0.0281302216402	0.0091887455599	0.0180811159420	0.0048485361248	0.0072831369476	0.0002391883174	-0.0005782745965	0.0064942420352	-0.0254934819731
 NA11933	-0.0113450771376	0.0275874790579	0.0099892123707	0.0189638330177	0.0056770976525	0.0014562463211	-0.0009965083889	0.0043951244659	0.0069327243398	-0.0305491886518
 NA11992	-0.0111029475001	0.0282305280324	0.0099899850831	0.0183944299118	0.0033507924631	0.0066328768359	-0.0021514956334	-0.0011601087456	0.0164904958322	-0.0382766707471
 NA11994	-0.0116150602267	0.0268889462811	0.0120171042333	0.0177427050166	0.0060239193712	0.0039897580144	-0.0007030992708	0.0027818825716	0.0197528929661	-0.0417402254523
 NA11995	-0.0112915779174	0.0288449785329	0.0106588657807	0.0200586200004	0.0083359131830	0.0083843569889	-0.0015355539773	0.0026463250725	0.0184920561035	-0.0383283318193
 NA12003	-0.0115947212133	0.0264996843618	0.0108451262420	0.0171745737213	0.0179182603866	0.0161825566843	-0.0020844895289	-0.0030974758234	0.0156811604315	-0.0218848041506
 NA12004	-0.0111103610602	0.0274191728336	0.0095991161408	0.0199341985461	0.0040006075484	0.0063455524314	0.0005949938111	-0.0013432703384	0.0177289333622	-0.0237497340184
 NA12005	-0.0116484175939	0.0282350688216	0.0107488595545	0.0180940159772	0.0125075946673	0.0048457806780	-0.0019165693800	0.0039735103030	0.0153379758217	-0.0325650390793
 NA12006	-0.0116194081087	0.0277324111455	0.0119114096907	0.0174445176922	0.0072555249134	0.0070705553831	-0.0010189985775	-0.0001730153807	0.0133658586210	-0.0233374820133
 NA12043	-0.0119389445761	0.0275842993003	0.0094112485913	0.0183061473842	0.0081592748906	0.0112109821403	-0.0007240803929	0.0007645998061	0.0164215010100	-0.0312751259447
 NA12044	-0.0116807636117	0.0280926731645	0.0109751072857	0.0194440426409	0.0094918561226	0.0063154184942	-0.0007849585908	0.0014607682999	0.0154631790340	-0.0373499823661
 NA12045	-0.0115318192946	0.0273926958920	0.0117294165418	0.0183070982325	0.0072142511117	0.0056696266423	0.0001256205750	0.0016328794274	0.0149804367512	-0.0301832550310
 NA12046	-0.0114069106971	0.0264806672928	0.0096035110947	0.0175196370322	0.0134126151102	0.0094638960406	0.0020995970029	-0.0013815840039	0.0167983349071	-0.0284560211631
 NA12058	-0.0114813073923	0.0278425817576	0.0108450103612	0.0179728918021	0.0082101538612	0.0074323097253	0.0001921064213	0.0029579263570	0.0148904072737	-0.0352041200256
 NA12144	-0.0113913443945	0.0275480929996	0.0093519554507	0.0178507746231	0.0022893651399	0.0058534260563	-0.0000597784641	0.0025363522027	0.0105733183338	-0.0216956779189
 NA12154	-0.0116058106270	0.0274037732390	0.0103495806009	0.0188693006201	0.0123882195839	0.0082882433233	0.0000400860415	0.0022329572933	0.0202004982781	-0.0470854324601
 NA12155	-0.0115418689274	0.0279981516675	0.0100931799131	0.0179085286177	0.0055146857061	0.0079244992737	-0.0009984124594	0.0026399349467	0.0271505260928	-0.0437100835444
 NA12156	-0.0114867543730	0.0274572032725	0.0112980444302	0.0174948701655	0.0055441635243	0.0058616294339	0.0031905826942	0.0015754038814	0.0153849168420	-0.0376525311658
 NA12234	-0.0114524002215	0.0271787622061	0.0103514414660	0.0186689007745	0.0051370206076	0.0051079621088	-0.0004051161285	0.0013047977796	0.0206325220000	-0.0294534020668
 NA12249	-0.0120755679658	0.0266765507698	0.0092673805583	0.0167237920391	0.0224430681264	0.0173037586229	-0.0011063032901	0.0025275849868	0.0105499434334	-0.0312577971277
 NA12272	-0.0112459250383	0.0274974454355	0.0104510744072	0.0201648053616	0.0043603340601	0.0022942878549	-0.0016137422013	-0.0021737661544	0.0061233663543	-0.0359978655533
 NA12273	-0.0109666522922	0.0277788244628	0.0092472478978	0.0179797416452	0.0016878798948	0.0044901526146	0.0009550822076	0.0018865009739	0.0161064464336	-0.0263180003058
 NA12275	-0.0112962060602	0.0272126284551	0.0121069446914	0.0178436228469	0.0099409953383	0.0062721549262	-0.0019205615600	-0.0009023718937	0.0019608963595	-0.0272580869975
 NA12282	-0.0112433171274	0.0274618114801	0.0116058334370	0.0185663574843	0.0041171888041	0.0033996422000	-0.0022824436521	0.0022164385753	0.0172495662885	-0.0201792875466
 NA12283	-0.0111547319343	0.0268060454540	0.0103698796400	0.0184457380445	0.0046441247505	0.0034926088889	-0.0021106668183	0.0031176413449	0.0112596338298	-0.0377682597201
 NA12286	-0.0114895280468	0.0261125800972	0.0081966692924	0.0169523764737	0.0137993441872	0.0052611272224	0.0003132061494	-0.0006693496844	0.0107378365942	-0.0145657738054
 NA12287	-0.0114266928649	0.0277137451897	0.0097816670529	0.0182914462802	0.0047617937716	0.0037572182948	0.0011158385926	0.0022002860988	0.0183032832637	-0.0257717570708
 NA12340	-0.0113392390169	0.0281927738904	0.0101232959636	0.0187254188594	0.0075987400760	0.0070945328844	0.0014873388044	0.0026385322100	0.0191981860747	-0.0319665906630
 NA12341	-0.0110411713306	0.0273758019808	0.0093261883342	0.0179510129538	0.0114163200739	0.0075491014160	0.0029466613999	0.0014534903739	0.0191390591648	-0.0283821688310
 NA12342	-0.0114491629006	0.0278634948338	0.0104898967453	0.0186810777081	0.0096062128136	0.0081056252140	0.0002961739937	0.0037362354963	0.0230444160373	-0.0503651514143
 NA12347	-0.0114352140570	0.0268140900003	0.0097230242673	0.0176358379921	0.0146282209562	0.0120592056792	-0.0027086741228	-0.0008256371608	0.0208168801353	-0.0312157479263
 NA12348	-0.0115941653859	0.0268330721138	0.0113974510944	0.0176618638935	0.0113341000164	0.0058053679142	-0.0008900176921	0.0048882124919	0.0204941560949	-0.0338629572039
 NA12383	-0.0111413931376	0.0274772618185	0.0093184147578	0.0190704536979	0.0020291490976	0.0033303659559	0.0014968455285	0.0008211244575	0.0027084374359	-0.0251055576178
 NA12399	-0.0114147645226	0.0274110903745	0.0103600508606	0.0178950722346	0.0040940263108	0.0074271333568	0.0032516639130	0.0034346868831	0.0244115052780	-0.0318391561342
 NA12400	-0.0116255357036	0.0277039383131	0.0111787759568	0.0182367408138	0.0032727682221	0.0042356704505	-0.0022786308905	0.0037214301649	0.0140407522477	-0.0325497065544
 NA12413	-0.0113467761706	0.0272351046624	0.0105570719169	0.0182204045148	0.0032304797765	0.0033824563736	-0.0007928240422	0.0037175873649	0.0008377288694	-0.0230873186615
 NA12414	-0.0115236871324	0.0271456132582	0.0110196971935	0.0171209752021	0.0093615070596	0.0084388683791	0.0010182418753	0.0004220149188	0.0199379433044	-0.0428798449849
 NA12489	-0.0115191023558	0.0278761726131	0.0104767464530	0.0197630649168	0.0083840188880	0.0036799894510	0.0031550073529	0.0015580869552	0.0152301418827	-0.0398611539165
 NA12546	-0.0112415114702	0.0272066311108	0.0091651982151	0.0166313520384	0.0063650057814	0.0044051864387	0.0002762524241	0.0005328847889	0.0209555113678	-0.0227072658617
 NA12716	-0.0116150186539	0.0280847795317	0.0113391394155	0.0173606218030	0.0117682961309	0.0116741801511	0.0004679620875	0.0006718926864	0.0187204146508	-0.0272759603050
 NA12717	-0.0112817753126	0.0275095157703	0.0106346709527	0.0181353525702	0.0078319975972	0.0056117109741	-0.0018993844829	-0.0007632943107	0.0112694936138	-0.0342450755300
 NA12718	-0.0112658441197	0.0270725841486	0.0108081998136	0.0178749134534	0.0074451276702	0.0080469546299	-0.0011318991590	-0.0027816881701	0.0105998431020	-0.0208421071648
 NA12748	-0.0116947269027	0.0267122771794	0.0112582376031	0.0198922525178	0.0096336292321	0.0081278879059	-0.0002572037559	-0.0008936284279	0.0228694010278	-0.0297587064318
 NA12749	-0.0116072304951	0.0278335189152	0.0100609203297	0.0183733407764	0.0067704115260	0.0060560337878	0.0000807631404	0.0003489340185	0.0163759730803	-0.0315543790236
 NA12750	-0.0113723089217	0.0270763656668	0.0102193816675	0.0184285345803	0.0080432480524	0.0027596265521	0.0019527711034	0.0035684002183	0.0181400326703	-0.0209826011199
 NA12751	-0.0112487595180	0.0280172945867	0.0100227828917	0.0179182934399	0.0136505284737	0.0079446619507	-0.0014546962884	0.0019061493005	0.0189542600148	-0.0493763007772
 NA12760	-0.0111130390747	0.0269071693436	0.0092180088708	0.0187948796126	0.0068012108813	0.0030982321509	0.0005815517151	-0.0003723598277	0.0140969861318	-0.0232263519603
 NA12761	-0.0115200677511	0.0277108101233	0.0116251712296	0.0189842386050	0.0098275068715	0.0085583407567	0.0012293381826	0.0036012979580	0.0209001287780	-0.0394592575603
 NA12762	-0.0115868515943	0.0279242421472	0.0107737438289	0.0184431071826	0.0074572114042	0.0072954658455	0.0001893872128	0.0043019449133	0.0171652736351	-0.0226592132181
 NA12763	-0.0113318538821	0.0275026620338	0.0101165125660	0.0182419862527	0.0098991472228	0.0047526717778	-0.0020352015069	0.0013157630658	0.0110422425728	-0.0345796873451
 NA12775	-0.0116348350483	0.0280083134510	0.0101693598717	0.0167659383441	0.0081903642947	0.0074848806496	0.0024109637180	0.0004949807866	0.0115748469131	-0.0284254244308
 NA12776	-0.0113334059387	0.0269135942930	0.0116509509631	0.0173275290334	0.0156649425578	0.0131517491748	-0.0019801818872	-0.0013671100630	0.0102595793625	-0.0298821364376
 NA12777	-0.0116870588774	0.0278525744445	0.0098328616294	0.0197127648901	0.0074260635067	0.0053103941690	0.0010080434497	-0.0001387876250	0.0100974374393	-0.0268520592467
 NA12778	-0.0115870931767	0.0280231648289	0.0122160289378	0.0188131462270	0.0097177835548	0.0062658452855	-0.0007509491975	0.0037781103029	0.0148445679669	-0.0208081383253
 NA12812	-0.0113151705596	0.0276924008187	0.0101318832554	0.0194719466548	0.0098955091940	0.0080892104505	0.0032044267196	-0.0000253561941	0.0181213098155	-0.0359849796915
 NA12813	-0.0115131561474	0.0275970880775	0.0101108848332	0.0175317286603	0.0019938694035	0.0025353902437	0.0000122947402	0.0050373871585	0.0088046171931	-0.0323449996895
 NA12814	-0.0113423246666	0.0279647050988	0.0112080846408	0.0182578925607	0.0076814450919	0.0090397828020	-0.0013984591709	-0.0013001902156	0.0222382960416	-0.0235341466940
 NA12815	-0.0114753649482	0.0272787132438	0.0091251075795	0.0174479413319	0.0106007514534	0.0080258216229	0.0016006862618	0.0027114946659	0.0287002181383	-0.0427216962396
 NA12827	-0.0114922079757	0.0278777862822	0.0118390004265	0.0165575450565	0.0105253467919	0.0083637685854	-0.0013273689991	0.0024509057634	0.0191027743448	-0.0322664131689
 NA12828	-0.0114988968367	0.0272852494132	0.0103142973589	0.0189254707009	0.0061719104816	0.0062168024783	-0.0009493295623	0.0014928886771	0.0133577243811	-0.0264595993990
 NA12829	-0.0112190713951	0.0276977080132	0.0103474983630	0.0188618213087	0.0041415165720	0.0044826521659	-0.0017081988578	-0.0010762500637	0.0212440667780	-0.0256884975608
 NA12830	-0.0114229961696	0.0272473839608	0.0110575336354	0.0176847947763	0.0080206112078	0.0048601791906	-0.0008248720995	0.0003425674910	0.0161855894730	-0.0277320221169
 NA12842	-0.0115944039769	0.0278809023314	0.0100293674408	0.0194639077904	0.0086760715237	0.0086157438222	-0.0024083581555	0.0010011282284	0.0203714543574	-0.0434812602247
 NA12843	-0.0117570818559	0.0268991658466	0.0101746085236	0.0182120714124	0.0131913317014	0.0107641543177	-0.0016628637705	0.0014404158816	0.0097083113929	-0.0412291466120
 NA12872	-0.0115291336678	0.0268767226373	0.0100849355420	0.0179805813322	0.0063007981496	0.0028483442431	0.0002597149614	0.0050468732804	0.0179753171399	-0.0331260906710
 NA12873	-0.0116301549807	0.0273325500198	0.0095805809922	0.0180349416205	0.0074475454689	0.0080924486068	0.0014957558893	0.0018836976305	0.0100768751560	-0.0327780036516
 NA12874	-0.0111779031245	0.0274357497496	0.0102911994934	0.0184279769880	0.0073415354931	0.0065713533161	-0.0029542161969	0.0026848245334	0.0127775921635	-0.0364271547738
 NA12878	-0.0114958060881	0.0277517595991	0.0105109676973	0.0171044164338	0.0098673378853	0.0107336134030	-0.0019136640715	0.0014839526513	0.0137827355166	-0.0475003996681
 NA12889	-0.0110640648079	0.0278640469475	0.0104920957448	0.0188974949075	0.0029821413941	0.0056228534761	0.0003960894278	0.0010879118129	0.0018743029164	-0.0179997026603
 NA12890	-0.0114905098628	0.0273073320664	0.0108030244969	0.0177272055165	0.0098854345213	0.0112927338995	0.0020785762023	0.0025675690314	0.0129122908513	-0.0423511272461
 NA18486	0.0354282441333	-0.0041604274293	0.0004877055496	-0.0003033654922	0.0032307356797	0.0036319684250	-0.0112558254472	0.0318248944996	-0.0014263542718	0.0159062823815
 NA18488	0.0358629963476	-0.0038173311417	0.0004141549319	-0.0001104967606	0.0030082123745	0.0020066102933	-0.0142121564305	0.0460968126588	-0.0000222589147	0.0027408064006
 NA18489	0.0353328671251	-0.0041605049843	0.0005954266178	0.0004070334582	0.0037740584714	0.0030378935027	-0.0099807846061	0.0303982768671	-0.0055864411541	0.0008529786894
 NA18498	0.0355210956760	-0.0039270629955	0.0000844901886	0.0007037407198	0.0050417810952	0.0011657209835	-0.0132740818331	0.0407178328558	0.0065296453050	0.0071359937796
 NA18499	0.0356646131693	-0.0045900272074	0.0006949307616	-0.0000948863579	0.0024826954617	-0.0002550753620	-0.0092889294410	0.0327044364107	-0.0006254568909	0.0069551117791
 NA18501	0.0359971772391	-0.0041148604594	-0.0002634306492	0.0005997895143	0.0046308408840	0.0023834645498	-0.0110629452503	0.0324115796910	-0.0010921212633	0.0049065782624
 NA18502	0.0359639023392	-0.0037254281433	0.0005787853912	0.0006087893682	0.0049605246164	0.0043954314376	-0.0172098983294	0.0457733749823	-0.0033591502852	0.0100148455937
 NA18504	0.0361871909505	-0.0042601356479	0.0002893698739	-0.0000362317317	0.0055993506041	0.0052042084915	-0.0219162242793	0.0407769460308	0.0004242424337	0.0047331842123
 NA18505	0.0363097330309	-0.0037660497299	0.0007867803425	0.0008271604618	0.0049119477633	0.0035119084090	-0.0194483623822	0.0428420212675	0.0003784757902	0.0078834825200
 NA18507	0.0358527614581	-0.0042410611202	0.0000514901872	-0.0005301415003	0.0058004014953	0.0014304844825	-0.0090346712161	0.0353377909346	-0.0037854143801	0.0068374818113
 NA18508	0.0360091465285	-0.0042242967250	0.0004435545647	0.0001085934056	0.0011691467874	0.0005544133443	-0.0118592388668	0.0331313214260	0.0033544126434	0.0047022949824
 NA18510	0.0355516674111	-0.0042491906566	0.0003306875940	0.0004074826136	0.0004010649728	0.0049115257279	-0.0077301368945	0.0284084703750	-0.0010676056368	-0.0044988044625
 NA18511	0.0352991859459	-0.0040063060939	-0.0001662107671	0.0004274683320	0.0024281138820	0.0048578809893	-0.0142238421660	0.0328087135501	-0.0048687847780	0.0057435557799
 NA18516	0.0364780284951	-0.0039462050723	0.0003310525753	-0.0002015707317	0.0042172243364	0.0038680811944	-0.0062252659012	0.0330588550701	0.0009114427307	0.0060750412397
 NA18517	0.0354839123021	-0.0039537163911	0.0014975334845	0.0004198378148	-0.0010776657448	0.0030950306682	-0.0121278551255	0.0274146166558	-0.0042463454230	0.0059629628980
 NA18519	0.0358457160788	-0.0038808925771	0.0010246958892	0.0007167418071	0.0033553514739	0.0013292946194	-0.0114117784055	0.0395532683206	-0.0054663136631	0.0086278220353
 NA18520	0.0354612003694	-0.0035812926381	-0.0002282886623	-0.0004433916963	0.0006678277986	0.0030088099158	-0.0138201487208	0.0355340488227	0.0036856004689	0.0058295736834
 NA18522	0.0359096317476	-0.0037066764945	0.0006190265296	0.0001132502791	0.0009385769775	0.0030793485993	-0.0106281638067	0.0309968159336	0.0031324823355	0.0019609743627
 NA18523	0.0356774834440	-0.0038500697101	-0.0002761419302	-0.0001034723358	0.0045718229958	0.0033755495524	-0.0100709569913	0.0381667853031	0.0036696110088	-0.0041445900997
 NA18525	-0.0154188208332	-0.0334952015492	0.0055427213083	0.0149284977528	0.0077843753129	-0.0122758765432	-0.0003746679763	0.0044813088376	0.0075496730098	-0.0014822529535
 NA18526	-0.0153253476729	-0.0340621238366	0.0053867278658	0.0160069756512	-0.0023219665009	-0.0039865425785	-0.0004613245386	0.0002906730597	0.0018238657289	-0.0024529501431
 NA18528	-0.0149585028144	-0.0322650652103	0.0060642404591	0.0125234314639	0.0156614688584	-0.0272413906759	-0.0006850843670	0.0015419905134	0.0093219598913	-0.0062548176675
 NA18530	-0.0150539522082	-0.0330638855659	0.0063093350691	0.0128618213372	0.0125815655501	-0.0256916706163	-0.0014890434199	0.0019670201881	-0.0013025421390	-0.0057074096425
 NA18531	-0.0154837494820	-0.0322737097575	0.0053141247119	0.0120237813312	0.0160481411643	-0.0252053297759	-0.0011054274863	-0.0012585189559	0.0033885408520	-0.0029221102631
 NA18532	-0.0154708895926	-0.0337686127869	0.0057892015438	0.0137726984239	0.0079235262151	-0.0155014905217	-0.0024104340457	0.0002844691983	0.0078821211993	-0.0032628506183
 NA18533	-0.0152937221727	-0.0340367421310	0.0048550881569	0.0142496243282	0.0000327638849	0.0001866705501	0.0002614805611	0.0002297904092	0.0044207530139	-0.0062675478320
 NA18534	-0.0152295344169	-0.0332673268108	0.0068569214347	0.0146075071313	0.0113175034454	-0.0225578438178	-0.0006426943343	0.0005838859377	0.0104099976010	-0.0040828589591
 NA18535	-0.0153409340912	-0.0322648240002	0.0062687366241	0.0132450447732	0.0156470178692	-0.0248692796384	-0.0016314828448	0.0020657672169	0.0048513312702	-0.0131602895063
 NA18536	-0.0155450603488	-0.0332721843156	0.0060458071766	0.0145711304460	0.0029460852320	-0.0041859720360	-0.0007577040180	0.0015290751114	0.0064128318059	0.0020166793784
 NA18537	-0.0155008474178	-0.0327536580529	0.0064973657367	0.0143890434619	0.0127380359532	-0.0166787567268	-0.0002659107846	0.0013016674543	0.0100186604239	-0.0041998333170
 NA18538	-0.0151550903348	-0.0320512654200	0.0074263225344	0.0133347574746	0.0168546638826	-0.0262555706559	-0.0005105745175	0.0021489459975	0.0150234362483	-0.0064404755516
 NA18539	-0.0153805441206	-0.0328338287049	0.0074204103260	0.0129721688120	0.0169335580760	-0.0296463925198	-0.0003443579820	-0.0006625848346	0.0094054882213	-0.0105415507001
 NA18541	-0.0153126925077	-0.0326161988418	0.0075015297092	0.0135653011952	0.0141923904350	-0.0224424623733	-0.0013522399551	0.0012875355762	0.0080257498719	-0.0059702421766
 NA18542	-0.0151681349571	-0.0326233980743	0.0058741556427	0.0125608955552	0.0165974617634	-0.0287451920477	-0.0013706398446	0.0014065386378	0.0069237797518	-0.0047115171090
 NA18543	-0.0155556218616	-0.0341730368764	0.0054574395272	0.0166346390658	0.0000477726336	0.0005213787771	0.0016455633855	-0.0015058134676	0.0088510623939	0.0032592341813
 NA18544	-0.0154246569769	-0.0326377639224	0.0066447103553	0.0142164037642	0.0139285458103	-0.0248999852031	-0.0006510907833	-0.0000953141650	0.0092722916776	-0.0034501179462
 NA18545	-0.0154769601176	-0.0343543078702	0.0056763353251	0.0150270760649	0.0031613559129	0.0009988393835	0.0009540634108	0.0005919713571	0.0035807150218	0.0008313965746
 NA18546	-0.0154171649885	-0.0334337082708	0.0060530529987	0.0149911722658	0.0190446350722	-0.0258240127965	-0.0033954471015	0.0010326515079	0.0080671871978	-0.0073428226255
 NA18547	-0.0150672093682	-0.0327146787468	0.0061879692577	0.0126385664948	0.0161406728313	-0.0257727360538	0.0001488651033	0.0012227760434	0.0068290728869	-0.0006833918570
 NA18548	-0.0154819335826	-0.0331895903451	0.0070125852244	0.0132195719226	0.0163325349030	-0.0247855606743	-0.0014015101814	-0.0008000125766	0.0101772251804	-0.0065016472869
 NA18549	-0.0151660375493	-0.0342718719990	0.0045053151734	0.0152095527197	-0.0015856352220	-0.0017722505455	0.0013526440700	-0.0002555044541	-0.0022886665998	-0.0026518922125
 NA18550	-0.0152044588805	-0.0334601634884	0.0045644154925	0.0162728914212	-0.0161341003313	0.0249038217976	0.0027428702030	0.0003172747230	-0.0011409264047	-0.0034832607874
 NA18552	-0.0157195361030	-0.0338700886303	0.0067996347150	0.0138767285361	0.0054161110938	-0.0065094512345	0.0000376136219	0.0001509319260	0.0053514859472	-0.0003965217054
 NA18553	-0.0151126746941	-0.0324562050487	0.0066532420295	0.0118182317026	0.0167116545351	-0.0220880977081	-0.0018486250414	0.0011852874862	0.0066400124615	-0.0075607454880
 NA18555	-0.0153521293928	-0.0334675159181	0.0067799774797	0.0136812395014	0.0043817297655	-0.0052520540602	-0.0008667123238	0.0014191150947	0.0046765425082	-0.0025246342582
 NA18557	-0.0153158215442	-0.0330633825391	0.0065240555047	0.0118644587325	0.0169584376996	-0.0315490379643	-0.0010592696061	0.0027838902687	0.0054578434834	-0.0041289633925
 NA18558	-0.0154887439000	-0.0327181658487	0.0063326781347	0.0129312725388	0.0175210572057	-0.0255574187130	-0.0014849560777	0.0006981349957	0.0116240227402	0.0007494402862
 NA18559	-0.0155256104227	-0.0335279561494	0.0058132736944	0.0150925978108	0.0063023123811	-0.0146280035056	-0.0010660180677	0.0011369847899	0.0053534153098	-0.0046068360218
 NA18560	-0.0155044434972	-0.0342466891775	0.0057029078676	0.0144798580536	-0.0015527752564	-0.0021072376787	0.0007441254400	-0.0002088793383	0.0087195538691	-0.0099036091637
 NA18561	-0.0154027940365	-0.0320291960251	0.0051860129446	0.0120854863539	0.0168333143913	-0.0243472304931	-0.0017085293178	0.0000337065148	0.0026524370106	-0.0059635738154
 NA18562	-0.0152220440802	-0.0325713605536	0.0068163415230	0.0124145973151	0.0162221772986	-0.0243222206653	0.0011711904855	0.0003355203347	0.0074156882350	-0.0012432861550
 NA18563	-0.0153363758133	-0.0328079915286	0.0078846199560	0.0114800373030	0.0185436047524	-0.0310597463651	-0.0024639221085	0.0029689256503	0.0130207660513	0.0048670551453
 NA18564	-0.0152357519325	-0.0325737740940	0.0068666773318	0.0131506264797	0.0176547734298	-0.0245784913822	-0.0004993693793	-0.0002799483332	0.0110795492537	-0.0058451061172
 NA18565	-0.0154056223988	-0.0342560749745	0.0067771581426	0.0149513228866	0.0006014880502	0.0029225401238	-0.0005505934513	0.0000381678172	0.0112716202310	-0.0019745394730
 NA18566	-0.0155696722528	-0.0330327803973	0.0060465808802	0.0123169209250	0.0135442022095	-0.0224542486482	-0.0001488357774	0.0025106963018	0.0051451031100	-0.0041840355331
 NA18567	-0.0151744768859	-0.0331020021263	0.0067025717384	0.0123000229687	0.0125142936968	-0.0228804442043	0.0007357916455	0.0001445976317	0.0095828863776	-0.0058267147444
 NA18570	-0.0155080345297	-0.0341919020234	0.0072486753442	0.0159629910637	0.0032308101125	-0.0043287556083	0.0014856618641	0.0001181851338	0.0026150776080	-0.0003748975433
 NA18571	-0.0152099801871	-0.0333258518759	0.0064327123064	0.0150792950163	-0.0016033026087	-0.0003544834779	-0.0007374105069	-0.0001457317954	-0.0037093395536	0.0002317665391
 NA18572	-0.0153404191478	-0.0343895813868	0.0079279359907	0.0134289721389	0.0186871239926	-0.0267540027101	-0.0014759901886	0.0001356319920	0.0043944233691	0.0022214377359
 NA18573	-0.0152077448562	-0.0334425407435	0.0043916604338	0.0137745754357	-0.0013036548150	-0.0030332107465	-0.0001802913300	0.0005676454833	0.0060530896824	-0.0022741104288
 NA18574	-0.0156714692774	-0.0335358057759	0.0058696869788	0.0133416647399	0.0180922919062	-0.0290702322886	0.0006143236174	0.0023081149978	0.0045723647403	-0.0088550487431
 NA18577	-0.0154865799355	-0.0339164824584	0.0066186985769	0.0145683601463	0.0116642562687	-0.0160998699816	0.0005716577549	0.0025390518015	-0.0015725360350	-0.0007678196139
 NA18579	-0.0152396880891	-0.0331207652716	0.0060214469401	0.0125944390547	0.0178615887298	-0.0260354173880	-0.0030298445366	-0.0019978512193	0.0027037152327	-0.0060907044599
 NA18582	-0.0156894995087	-0.0340682629463	0.0055365536804	0.0165729779532	0.0020132886928	-0.0008335888335	0.0011944168827	0.0015260221442	0.0044427125698	-0.0051220333828
 NA18591	-0.0157469305215	-0.0345365593776	0.0062467000203	0.0145235093736	0.0003617971270	0.0005292200940	-0.0012275331511	0.0042251693773	0.0031785001893	-0.0079506491715
 NA18592	-0.0156029616629	-0.0331323126544	0.0062541321039	0.0138791917094	0.0129432595364	-0.0229990930637	-0.0010556039501	0.0033923978856	0.0035192725321	-0.0075518575221
 NA18593	-0.0153477802556	-0.0332606134241	0.0054281209305	0.0132843035994	0.0129687968904	-0.0179670753372	-0.0001205018347	-0.0021557564352	0.0149748783079	-0.0031714260413
 NA18595	-0.0156245842934	-0.0330865364852	0.0065075951773	0.0149543624146	0.0175061880976	-0.0286722618699	-0.0020618203144	0.0016346157006	0.0059994141749	-0.0106812892873
 NA18596	-0.0156157064764	-0.0337900317278	0.0068820905963	0.0142225747139	0.0176567387342	-0.0286575502125	-0.0002674773142	0.0015096523266	0.0046062467157	-0.0022327431000
 NA18597	-0.0152444699518	-0.0324433017349	0.0071074272158	0.0124817769386	0.0159767335754	-0.0242063233641	-0.0026871698876	0.0028850345465	0.0085683416682	-0.0074426828848
 NA18599	-0.0152494175905	-0.0327225371392	0.0072674357385	0.0115545960928	0.0137994561942	-0.0282808527047	0.0000290985678	-0.0012501423632	0.0073840286856	-0.0052512503345
 NA18602	-0.0154832259597	-0.0330254915913	0.0066554965774	0.0122814469187	0.0161458372550	-0.0213967902314	-0.0017133658889	-0.0005830728553	0.0039572883425	-0.0007409938101
 NA18603	-0.0156388267576	-0.0344449287570	0.0050136742355	0.0138141756634	0.0037189119572	-0.0094519530295	-0.0017776927569	0.0024424546359	0.0111110838395	-0.0026294240080
 NA18605	-0.0154252443585	-0.0336207053062	0.0064711804765	0.0138436511551	0.0163869424180	-0.0243307249943	-0.0015150094323	0.0013618948451	0.0097040344878	0.0003649294521
 NA18606	-0.0154530689847	-0.0342391267713	0.0052823689932	0.0163868505969	-0.0011824539030	-0.0001265686446	0.0009463034143	0.0001956367300	0.0058558781162	-0.0002154937681
 NA18608	-0.0156866501744	-0.0318621150450	0.0065393459855	0.0120573937041	0.0162325179011	-0.0253561300351	-0.0001781756836	0.0015402547446	0.0049785742293	-0.0008649017764
 NA18609	-0.0155326390395	-0.0321269811484	0.0071651895448	0.0122419957121	0.0152783629255	-0.0247196986971	-0.0023660388735	0.0003346305468	0.0158632323845	-0.0046484426235
 NA18610	-0.0155820368744	-0.0330559994326	0.0067623333819	0.0136792698006	0.0103725951966	-0.0184252184031	0.0007615067706	-0.0005611182237	0.0082956036249	-0.0074937039926
 NA18611	-0.0151809813165	-0.0330521195474	0.0051966987311	0.0125160160039	0.0149609410725	-0.0243260818359	0.0002561654566	-0.0012626390681	0.0051256273292	-0.0065047786382
 NA18612	-0.0152223602787	-0.0331753118679	0.0064799415443	0.0123113583920	0.0160303738914	-0.0301123060715	-0.0036307175465	0.0022514900063	0.0087265306863	-0.0059716279746
 NA18613	-0.0156813060396	-0.0326956178472	0.0081772473872	0.0114562582417	0.0165044065129	-0.0264883672151	-0.0000030493217	0.0037307785691	0.0045016923738	-0.0048399433644
 NA18614	-0.0155723966936	-0.0337790262206	0.0055568121527	0.0144011794324	0.0093498275373	-0.0201361622105	0.0005655551228	0.0016558244651	0.0066031648793	-0.0027612650093
 NA18615	-0.0153173499008	-0.0328561755115	0.0052733025777	0.0138827126201	0.0142881110628	-0.0255315288633	0.0005048018598	-0.0003404844689	0.0087993108659	-0.0069852242974
 NA18616	-0.0159143008697	-0.0337934041511	0.0043898775210	0.0145831022949	0.0033759163380	-0.0038302874828	-0.0010101550480	0.0020464502133	0.0037258113451	-0.0012761412194
 NA18617	-0.0154490842458	-0.0339462924505	0.0048431276168	0.0157262424937	0.0011347267394	-0.0012497416425	0.0005503893854	0.0010957073987	0.0048067842001	-0.0005071575498
 NA18618	-0.0152896200426	-0.0322311078141	0.0067989051874	0.0114171351730	0.0155643033038	-0.0288504068552	-0.0013006398777	0.0031109976025	0.0066376440826	-0.0059672903646
 NA18619	-0.0152696967639	-0.0325224472967	0.0065685661465	0.0140475715527	0.0148745170885	-0.0268317867758	-0.0013471230619	0.0019330410990	0.0096152596325	-0.0011538769353
 NA18620	-0.0155372442741	-0.0329521793991	0.0057178178628	0.0120798552498	0.0136292617673	-0.0245411659631	-0.0003035133749	0.0022864578839	0.0148517158723	-0.0049907197509
 NA18621	-0.0156137534201	-0.0332887555209	0.0077002616331	0.0136306268112	0.0163554668412	-0.0270570884580	-0.0007785530147	0.0007928665563	0.0002293847651	0.0030187559585
 NA18622	-0.0154729432970	-0.0332835540867	0.0048689935375	0.0156833776982	0.0093007871668	-0.0149542756930	-0.0014587016773	0.0007801377021	0.0087450360792	-0.0071580527661
 NA18623	-0.0154808705138	-0.0322152786693	0.0058015868090	0.0120003208265	0.0215012254622	-0.0278946306512	-0.0019834512714	0.0009111267444	0.0048056738081	-0.0034372424363
 NA18624	-0.0153358810853	-0.0337015304363	0.0055400549218	0.0153196023631	0.0155698937417	-0.0233987994115	-0.0015418138680	0.0012356943843	0.0083657299181	-0.0032482963562
 NA18625	-0.0157330143150	-0.0331664646784	0.0076365136464	0.0130198961284	0.0152849320865	-0.0219193388303	-0.0011944290460	-0.0018149804208	0.0117974650564	-0.0005629092309
 NA18626	-0.0153338279778	-0.0318352000922	0.0072796833956	0.0124016568343	0.0189474320311	-0.0262469213139	-0.0000821092235	0.0006409341245	0.0086208892493	-0.0058324949499
 NA18627	-0.0157431065757	-0.0336447474854	0.0054294636426	0.0159108168653	-0.0014710869595	-0.0056949471317	0.0010916968152	0.0015409685633	0.0020047380466	-0.0013308280243
 NA18628	-0.0152013562594	-0.0341124801376	0.0045680869086	0.0173554137122	-0.0152254176105	0.0209822496534	0.0020589319865	0.0027741577975	0.0015668208549	0.0056973381587
 NA18629	-0.0154946712976	-0.0335370599740	0.0057279072535	0.0150828859335	0.0056384552056	-0.0074672354300	-0.0000332181649	0.0001413691606	0.0071540139995	-0.0015986495729
 NA18630	-0.0154829433710	-0.0335229314270	0.0056296190237	0.0161367598499	-0.0050858331527	0.0062069958494	0.0003930444588	-0.0000504062535	0.0059095320538	-0.0031366751436
 NA18631	-0.0155625873447	-0.0342019875387	0.0058746087839	0.0134718076817	0.0028090002115	-0.0106323248779	-0.0010304252306	0.0023384622456	0.0028156754498	-0.0060190779374
 NA18632	-0.0153021207031	-0.0345673795118	0.0071317614929	0.0164469582075	-0.0041270493005	-0.0012707254464	-0.0003583573403	0.0004074633621	0.0058162781721	-0.0055791502709
 NA18633	-0.0154417625825	-0.0342799073559	0.0079055258629	0.0131510385363	0.0105784821561	-0.0174974979847	-0.0017284018902	-0.0026335203511	0.0028017484060	-0.0042389754847
 NA18634	-0.0153785634313	-0.0340394220865	0.0063078932449	0.0139860123264	0.0016372715563	-0.0054509255692	-0.0009879111961	0.0037326696906	0.0054944198696	-0.0016735527234
 NA18635	-0.0154082836745	-0.0328453481043	0.0076622857047	0.0140607749875	0.0179907043197	-0.0266357317443	-0.0013023016569	0.0012722653439	0.0103026125132	-0.0032424743430
 NA18636	-0.0150014573412	-0.0341697298662	0.0050147144126	0.0170748018283	-0.0044848509316	0.0080172271200	-0.0011940770749	-0.0016473959289	0.0038880462466	-0.0036839855222
 NA18637	-0.0151752391902	-0.0339674876025	0.0049515990402	0.0148404950394	0.0041998851997	-0.0067322643716	-0.0010234850749	-0.0006497007459	0.0097430170251	-0.0035839244957
 NA18638	-0.0150952090370	-0.0332935502877	0.0046538582633	0.0146665945077	0.0023325564739	-0.0081487698711	0.0021886133057	0.0013626165636	0.0086020007811	-0.0021392266007
 NA18639	-0.0153281389336	-0.0340680473439	0.0037811783232	0.0158806292731	0.0007993527237	0.0037057050800	0.0007903938297	0.0022356711318	0.0101145581716	-0.0114569176513
 NA18640	-0.0154436792063	-0.0330547664052	0.0069055768906	0.0120999334260	0.0123838912054	-0.0244199756155	-0.0022407967160	0.0013188372174	0.0051768319004	-0.0018933702470
 NA18641	-0.0152231685966	-0.0338284424188	0.0070419532844	0.0138228139016	0.0130376511380	-0.0180020701539	-0.0009539888629	0.0024797950420	0.0009291589543	-0.0067001111959
 NA18642	-0.0149295194337	-0.0310602363474	0.0062183139986	0.0117742341537	0.0155021438933	-0.0239774960374	-0.0001969916646	-0.0010855554015	0.0025856393686	-0.0047869528116
 NA18643	-0.0152958180671	-0.0331325141644	0.0067401619472	0.0132002196648	0.0153465063265	-0.0243954820587	-0.0007033773041	0.0012829120304	0.0050346528256	-0.0071018855669
 NA18644	-0.0153342664083	-0.0339716516667	0.0063340727600	0.0158644289811	0.0048815546092	-0.0088777637917	-0.0000381288423	-0.0025931230251	0.0041250824052	0.0032012450392
 NA18645	-0.0153398926439	-0.0346274293731	0.0064510133234	0.0138248043718	0.0029526451944	-0.0090294446979	0.0025256838171	0.0025493179485	0.0098313347751	-0.0019511256732
 NA18646	-0.0154195631359	-0.0327703165301	0.0054619776535	0.0129044684777	0.0161504472174	-0.0239461913795	-0.0009433689544	0.0018463492610	0.0042137729643	-0.0027983179721
 NA18647	-0.0153836982014	-0.0318077728004	0.0057534418698	0.0126586316581	0.0132408746954	-0.0279521894316	-0.0023202352136	0.0026147082942	0.0060759212662	-0.0070908270638
 NA18648	-0.0153123931621	-0.0319278222246	0.0058127642116	0.0127652392107	0.0125977309939	-0.0226557360753	-0.0013953025950	0.0017433068107	0.0074575500730	-0.0069054886833
 NA18740	-0.0151838141097	-0.0342229409742	0.0062009663413	0.0160286478435	-0.0055253104055	0.0056455307421	-0.0001393206645	-0.0004272586763	0.0037860842454	0.0011937906153
 NA18745	-0.0156964484627	-0.0335474304118	0.0067442961535	0.0140567824761	0.0148590688953	-0.0254332601219	-0.0006269207079	0.0028135159176	0.0029109562498	-0.0028931019410
 NA18747	-0.0154351794702	-0.0333795203556	0.0063383808068	0.0145929888348	0.0067103785895	-0.0089025998997	-0.0007665826090	0.0020253440302	0.0111763859423	-0.0025108383088
 NA18748	-0.0153160445981	-0.0340730959580	0.0054242506078	0.0157246005595	0.0045510808047	-0.0041373683077	0.0000499530368	-0.0012273644293	0.0086359091285	0.0037003415838
 NA18749	-0.0153211361191	-0.0329432119758	0.0055847936145	0.0117633270774	0.0154816297106	-0.0254781618895	-0.0018006265003	0.0029535962403	0.0121429333612	-0.0077338153580
 NA18757	-0.0154706251448	-0.0330815624088	0.0072917120646	0.0139240084126	0.0175781170622	-0.0283312175296	0.0000586594225	0.0024547373525	0.0071835309387	-0.0053248853464
 NA18853	0.0361041520107	-0.0038591935643	0.0009087006892	0.0003073138469	0.0033751228268	0.0009888313224	-0.0114497415867	0.0373549705528	-0.0085507387372	-0.0025735286551
 NA18856	0.0355379595281	-0.0039235619125	0.0001792100747	-0.0001129975581	0.0034107163618	0.0046489931841	-0.0093989142320	0.0384304063894	-0.0005830211021	0.0057139968940
 NA18858	0.0358219785815	-0.0039670081754	0.0001946769361	-0.0002287725235	0.0029842783084	0.0019261313880	-0.0106560962522	0.0376857723307	-0.0022106447606	0.0032216306201
 NA18861	0.0354147423058	-0.0042679140531	-0.0004403416669	-0.0004841213215	0.0041070276219	-0.0001360870257	-0.0146417531269	0.0340567678767	0.0012478099258	0.0079096070581
 NA18864	0.0354564998498	-0.0041200586097	0.0004152446995	0.0000676680745	0.0021888557141	0.0014410751277	-0.0090593595276	0.0319362693461	0.0026633994617	-0.0015038348414
 NA18865	0.0357924755965	-0.0041047767862	0.0001943982688	0.0006514362795	0.0004740811860	0.0012393798788	-0.0072790783733	0.0296906441466	0.0038324474138	-0.0009943860915
 NA18867	0.0354408834546	-0.0042196197268	0.0000784881925	0.0003757053648	0.0023064681665	0.0033358670777	-0.0093329059866	0.0318219021345	0.0034704224263	0.0028888308264
 NA18868	0.0358619790420	-0.0039352113476	0.0012601976480	0.0001057797047	0.0018268312031	0.0040520819236	-0.0094556907110	0.0308489780098	0.0015273634595	-0.0013355367416
 NA18870	0.0362904065863	-0.0040078582266	0.0012380543006	0.0013183375672	0.0037679225884	0.0059372803205	-0.0203850196958	0.0474317542960	-0.0000462918377	0.0104985893427
 NA18871	0.0363580621623	-0.0042689885185	-0.0000270668722	-0.0009537418077	0.0054285783444	0.0022682052560	-0.0121845293385	0.0377968182853	0.0038684505704	0.0029876597646
 NA18873	0.0355134740597	-0.0041666844145	0.0000746683602	0.0005949121451	0.0020103906010	0.0034762414011	-0.0107359805490	0.0333008898252	0.0030080659454	0.0088273661603
 NA18874	0.0358412602037	-0.0040906560324	0.0006318318368	0.0002493232661	0.0029907930680	0.0017511557257	-0.0119830459948	0.0249045454649	0.0060765366893	0.0032216059626
 NA18876	0.0353838378736	-0.0037508106812	0.0004856201266	0.0006365056536	0.0031824698385	0.0016732371898	-0.0150380075840	0.0331107237714	-0.0006658649159	0.0075415494296
 NA18877	0.0358591971343	-0.0038263365665	0.0008286064400	-0.0003736086076	0.0028554862338	0.0016866477568	-0.0126168255659	0.0330726688379	-0.0058275546427	0.0059328340577
 NA18878	0.0354245664102	-0.0036158484185	0.0005416317770	0.0004463237718	0.0041794037525	0.0031193343111	-0.0105577075213	0.0343470779121	0.0003447576486	-0.0005331164963
 NA18879	0.0355522463628	-0.0036497424586	0.0003799501196	0.0005524486925	0.0011161653809	0.0022703193576	-0.0115515876215	0.0317296686731	-0.0012600528004	-0.0024641158974
 NA18881	0.0357515408497	-0.0037342766490	-0.0007656384888	-0.0005528286198	0.0019129521362	0.0014333699179	-0.0051915780659	0.0319543682410	-0.0012133189240	0.0044862647406
 NA18907	0.0356855353676	-0.0041555957748	0.0000543932748	0.0002495916522	0.0047333843308	0.0032988979323	-0.0151796717321	0.0349380248423	0.0078755618428	0.0018819127798
 NA18908	0.0356768706437	-0.0041831223414	0.0003085874100	0.0001342305350	0.0040011454585	0.0029900605878	-0.0115188209928	0.0352554622690	0.0005716121901	0.0063281224194
 NA18909	0.0356965620537	-0.0043431921533	-0.0003363265129	0.0005191082101	0.0040079055430	0.0041073660590	-0.0156549783852	0.0437110293463	0.0004452718831	0.0029968764055
 NA18910	0.0351350937160	-0.0038486175069	0.0004344863129	-0.0004129217450	0.0055481835406	0.0026956640721	-0.0103471079697	0.0327260522758	-0.0052866665500	0.0057080740291
 NA18912	0.0357260573980	-0.0041481151899	0.0003152462464	0.0004271988510	0.0034964402268	0.0014924171019	-0.0122242244060	0.0324424043378	-0.0033393352026	0.0051029324733
 NA18915	0.0359825864579	-0.0046258985822	0.0008829043921	-0.0009153741116	0.0015067885812	0.0066396957962	-0.0179553809627	0.0351150170729	0.0037083998452	0.0085435141348
 NA18916	0.0357629969453	-0.0038554603121	0.0004001655639	-0.0006461266036	0.0030709079113	0.0034763856248	-0.0077642233459	0.0352315595618	0.0030425387330	0.0019274543804
 NA18917	0.0359062427170	-0.0037414160637	0.0008044055200	0.0007928484387	0.0016443693292	0.0022963424696	-0.0133133070240	0.0258702049521	-0.0027144647747	0.0002888378806
 NA18923	0.0355269380517	-0.0039348848324	0.0004970073556	0.0000754823269	0.0037993631944	0.0017541268898	-0.0116662591015	0.0406291139836	0.0043851591593	0.0062718404345
 NA18924	0.0352667880806	-0.0042580018450	0.0006337174846	-0.0003931472187	0.0031768844725	0.0004462194369	-0.0145275299569	0.0322098029961	-0.0085934409137	-0.0048615951426
 NA18933	0.0358344888541	-0.0042463066845	0.0003347384304	0.0003183561218	0.0025916845041	0.0025295533684	-0.0179224128756	0.0370827145956	0.0000888605344	0.0086928798756
 NA18934	0.0358363071908	-0.0038796386504	0.0009477825524	0.0007099628232	0.0026722814536	0.0029305176056	-0.0121855280944	0.0368268053273	-0.0014382808702	0.0040425639336
 NA18939	-0.0154059255316	-0.0328363675469	0.0055196686398	0.0102370503762	0.0386731381532	-0.0664200767005	-0.0017247290601	0.0014603258866	0.0001016491505	0.0016379739650
 NA18940	-0.0151029213053	-0.0324950321789	0.0050618503184	0.0103343042220	0.0373994687011	-0.0621274920646	-0.0016957624765	0.0016450195405	-0.0043961949072	-0.0034492653294
 NA18941	-0.0153480294585	-0.0328363953241	0.0058242594540	0.0100773043361	0.0383548741714	-0.0616956350165	-0.0013751755401	0.0017249126669	-0.0037225185145	0.0043612491229
 NA18942	-0.0149832236393	-0.0331901688341	0.0060518702821	0.0118638321799	0.0366202609061	-0.0592666657975	-0.0026740751864	0.0003772112242	-0.0038263780117	0.0020902256735
 NA18943	-0.0156718791203	-0.0330958196049	0.0047446118049	0.0114981353124	0.0282219335504	-0.0463344284980	-0.0032823158545	0.0021828294799	-0.0029317383953	-0.0023124663495
 NA18944	-0.0154721550613	-0.0325907587334	0.0065487058149	0.0113394842975	0.0402114864536	-0.0654980683665	-0.0023832365016	0.0045440817225	-0.0086111860174	-0.0001613420951
 NA18945	-0.0151836227909	-0.0326797641571	0.0063334999569	0.0098046044720	0.0370247186402	-0.0640059005823	-0.0012257594889	0.0029872739918	-0.0080248350391	0.0026365997953
 NA18946	-0.0152047358441	-0.0327264720688	0.0074569209338	0.0111320722252	0.0387697646051	-0.0607583468675	-0.0046109637663	0.0001451581000	-0.0007868260830	-0.0026017297294
 NA18947	-0.0150996467666	-0.0323881136533	0.0051069976767	0.0109992913361	0.0360698067304	-0.0638618611535	-0.0011341460230	0.0014706518025	-0.0073232526656	0.0052655052331
 NA18948	-0.0150483793475	-0.0326491978994	0.0057777527341	0.0097402530906	0.0349370884436	-0.0604227215031	-0.0030577190353	0.0031822616695	-0.0053332941347	-0.0016117107894
 NA18949	-0.0153683712124	-0.0324159752646	0.0072629903578	0.0109351569971	0.0412238460617	-0.0634814908770	-0.0022785184583	0.0011892740121	-0.0055991924690	0.0007663517358
 NA18950	-0.0151708409542	-0.0330645070594	0.0062696964652	0.0111896970308	0.0375907921534	-0.0641026284219	-0.0012478916267	0.0018433564032	-0.0048329730164	0.0012523572033
 NA18951	-0.0152159683625	-0.0329852168137	0.0063578847577	0.0104323679413	0.0335835864769	-0.0531731337706	-0.0025605331550	-0.0015918004436	-0.0012352101510	-0.0042739661206
 NA18952	-0.0154367056291	-0.0329467700758	0.0068707806013	0.0103475845414	0.0327877017932	-0.0597416986551	-0.0013127764479	0.0003859471029	-0.0049163736864	0.0006928806483
 NA18953	-0.0155469775863	-0.0330989710071	0.0076582833673	0.0109025215557	0.0383037373608	-0.0596383903980	-0.0017086456836	0.0022668177661	0.0019646103761	-0.0051440857609
 NA18954	-0.0153891030779	-0.0330016565457	0.0061721742977	0.0121928418481	0.0268665735368	-0.0445527961192	-0.0043279142349	0.0034764254963	-0.0041336606098	-0.0020449860880
 NA18956	-0.0150640054301	-0.0329137347736	0.0058994799207	0.0109786942258	0.0414837787082	-0.0665709403471	-0.0014626248073	0.0017883780173	-0.0021434795907	-0.0020164882682
 NA18957	-0.0151951886364	-0.0323395642900	0.0059676983483	0.0102185446540	0.0359760609226	-0.0679028223426	-0.0008327478207	0.0028202512034	-0.0064036546194	0.0044794055517
 NA18959	-0.0153347273450	-0.0322858061260	0.0052344107399	0.0107678121362	0.0369447551045	-0.0561954433669	-0.0030215896431	0.0015134241972	-0.0035978387113	0.0026473979677
 NA18960	-0.0150091043066	-0.0331131551088	0.0052310568575	0.0106033756646	0.0330896162423	-0.0583621861210	-0.0018423544151	0.0006103283464	-0.0017684973771	0.0049649599898
 NA18961	-0.0153592771594	-0.0329610901155	0.0074740313787	0.0101571246265	0.0394713365134	-0.0598687008213	-0.0001707107179	0.0031013214804	0.0011865271482	0.0004443913452
 NA18962	-0.0151741078856	-0.0327074155614	0.0061093244900	0.0104686811252	0.0372938075544	-0.0630054246814	-0.0015772050479	0.0010646540674	-0.0083487113298	0.0083056389242
 NA18963	-0.0153354665274	-0.0329689744641	0.0059669798295	0.0114722929949	0.0401698975084	-0.0587468281590	-0.0036195076506	0.0011103195122	-0.0024749755521	-0.0012056325438
 NA18964	-0.0151597806969	-0.0324801541203	0.0065772060573	0.0102323109522	0.0367121372717	-0.0615619550580	-0.0023140916400	0.0017966093877	-0.0049254758191	0.0040618599775
 NA18965	-0.0153487303830	-0.0329513767767	0.0074058777300	0.0107214269858	0.0358273771441	-0.0566069828846	-0.0021296441114	0.0011340145669	-0.0071991112717	0.0060709618433
 NA18966	-0.0149831810482	-0.0323276291596	0.0062243727481	0.0106464170189	0.0386884491215	-0.0667472678753	-0.0013036863919	0.0024820995354	-0.0021515615458	0.0019212006405
 NA18967	-0.0155212550640	-0.0327689255457	0.0069954800114	0.0098702629348	0.0378234108477	-0.0648598294450	-0.0004450526478	0.0003850243277	-0.0037268561010	-0.0025756397745
 NA18968	-0.0151263533561	-0.0332157126114	0.0065802088588	0.0103374192113	0.0420646899896	-0.0650281631821	-0.0006547830821	-0.0001684073713	-0.0015571768186	0.0048994052493
 NA18969	-0.0154070265188	-0.0325329164832	0.0057619791154	0.0103515549157	0.0379297371748	-0.0625884486514	-0.0009522021961	0.0015750191238	0.0001284936782	-0.0037145734033
 NA18970	-0.0155069806977	-0.0327598096532	0.0070314437710	0.0110212696542	0.0354171058929	-0.0596984450376	0.0003594066762	0.0033684463675	-0.0008227651279	-0.0038726971534
 NA18971	-0.0153736225342	-0.0329213459737	0.0063104194066	0.0110643944782	0.0381471614709	-0.0598068826363	-0.0019518494806	0.0041834759574	-0.0079508620287	0.0007807962111
 NA18972	-0.0152472144883	-0.0325110218588	0.0081646555384	0.0092036902257	0.0380342810398	-0.0582353691918	-0.0019171617842	-0.0012617355464	-0.0047095220626	0.0065951691159
 NA18973	-0.0154981086645	-0.0324583318076	0.0068826341525	0.0100816378879	0.0385544402646	-0.0597315493772	-0.0031398807824	0.0004703391376	-0.0020379497349	-0.0057695827602
 NA18974	-0.0154602718403	-0.0331771179774	0.0061403517440	0.0116291977993	0.0351600093115	-0.0577497367871	-0.0024877764796	0.0013463717170	-0.0011440162500	-0.0026217169138
 NA18975	-0.0153306620580	-0.0327819997574	0.0060067386027	0.0112126833236	0.0395182311992	-0.0615614692786	-0.0031580663402	0.0027443084731	-0.0070736791262	-0.0024988741231
 NA18976	-0.0152625855433	-0.0335368287702	0.0062292358626	0.0120109206731	0.0276518227673	-0.0443265190423	-0.0029110217511	0.0013829838092	-0.0002264205830	-0.0046284354485
 NA18977	-0.0152419626855	-0.0324048653095	0.0069861892221	0.0100817439936	0.0354003830647	-0.0553787229239	0.0007961561821	0.0023075924441	-0.0020508564589	-0.0004331121372
 NA18978	-0.0151400380682	-0.0325760837909	0.0053416467263	0.0115007410312	0.0402595403277	-0.0656392557615	-0.0030144915062	0.0008126907390	-0.0050787993505	0.0010869386768
 NA18979	-0.0152094451674	-0.0326781950830	0.0066244141671	0.0110565888367	0.0351956176143	-0.0565588929971	-0.0014319232430	0.0003272277969	0.0003345342664	0.0024403681628
 NA18980	-0.0155662782163	-0.0324789719661	0.0063203601616	0.0103644032822	0.0337482006999	-0.0577933484924	-0.0038899101413	0.0037903847096	-0.0029103818000	-0.0012616461661
 NA18981	-0.0153864745895	-0.0324175332215	0.0053829844690	0.0100295052700	0.0375946254710	-0.0600611170020	-0.0005048854422	0.0010735096527	-0.0070299740260	-0.0017465480461
 NA18982	-0.0152197218710	-0.0321361102165	0.0062004396852	0.0100634982509	0.0354498101448	-0.0590629291675	-0.0027700302568	0.0002187650525	-0.0059267398203	0.0016064780978
 NA18983	-0.0153850207096	-0.0324482271343	0.0065434998811	0.0093927634544	0.0409021654490	-0.0647774912201	-0.0011354360580	0.0007805427604	-0.0064205727732	0.0051199623309
 NA18984	-0.0151017372543	-0.0324416854089	0.0053844523301	0.0100266697906	0.0366972785411	-0.0662991337190	-0.0037458538794	-0.0003787345657	0.0003391585926	0.0000079402535
 NA18985	-0.0152308166613	-0.0326269305933	0.0067413884864	0.0102455769392	0.0352572217122	-0.0596258163737	-0.0005962532604	0.0006700717266	-0.0065474262946	0.0043116812279
 NA18986	-0.0148524469071	-0.0325688558941	0.0069118094253	0.0114004808112	0.0356899714969	-0.0615984352789	-0.0016771341630	0.0029470772826	-0.0020884488533	0.0001580550594
 NA18987	-0.0154628119013	-0.0322081209612	0.0071608033311	0.0100437863574	0.0324542702974	-0.0580674523383	-0.0006005438586	0.0045840538374	-0.0080263632639	-0.0033726322583
 NA18988	-0.0149609363409	-0.0331228140565	0.0055168286334	0.0092558679340	0.0373076302997	-0.0612982994481	-0.0043474377506	0.0037464443084	-0.0058615569156	-0.0003216961876
 NA18989	-0.0151419822940	-0.0328445737167	0.0057366881493	0.0089677210762	0.0380509959214	-0.0647340388381	-0.0029200045724	0.0027550248999	-0.0046025528988	-0.0057845609928
 NA18990	-0.0150322722219	-0.0333809471725	0.0061064642782	0.0107729250759	0.0324831267741	-0.0579781964178	-0.0034420771100	0.0028645661777	-0.0037058760429	0.0010553623260
 NA18991	-0.0152346551682	-0.0329185866231	0.0067904467626	0.0114266245615	0.0372623305716	-0.0608301505003	-0.0027408518459	-0.0007963972383	-0.0068059193627	-0.0028513124416
 NA18992	-0.0153958780106	-0.0325310786613	0.0060818717348	0.0104032386947	0.0369757496479	-0.0661353051109	-0.0035743617347	0.0017336682902	-0.0024385592204	0.0024525064335
 NA18993	-0.0152740925153	-0.0326962161596	0.0063148182797	0.0106147950922	0.0349547587824	-0.0588174880239	-0.0013104439916	0.0000954403042	-0.0066644888193	0.0006889144363
 NA18994	-0.0152035551206	-0.0330312959649	0.0054677348111	0.0109287580180	0.0394153092856	-0.0655539485892	-0.0005080519677	0.0018667633623	-0.0000405027394	0.0014562219377
 NA18995	-0.0153591572427	-0.0323686907687	0.0064967299655	0.0108346272067	0.0359258026295	-0.0591767434901	-0.0024051481849	0.0026520384276	-0.0030222606786	0.0044542413189
 NA18997	-0.0152539927368	-0.0328539445676	0.0066319794458	0.0116261978289	0.0357285163994	-0.0608130385029	-0.0010941201938	0.0029418136027	-0.0019675049262	0.0013886266472
 NA18998	-0.0150951224980	-0.0326995885801	0.0053679810437	0.0095334282169	0.0394098423193	-0.0661493239542	-0.0030452841326	-0.0016540236434	-0.0049195945028	0.0055427165219
 NA18999	-0.0152366932201	-0.0325460529342	0.0055424989984	0.0099300979820	0.0337784185791	-0.0571322184210	-0.0011608540363	0.0031132613448	-0.0040195500760	-0.0009493706041
 NA19000	-0.0152896145700	-0.0333793870473	0.0074040385857	0.0100802796940	0.0379310325462	-0.0618317480209	-0.0020473990018	-0.0000142835899	-0.0021274805746	0.0048891108890
 NA19001	-0.0151782825254	-0.0327407419493	0.0067635274981	0.0111507282633	0.0381671888542	-0.0599252939486	-0.0031706200360	0.0019627503612	0.0034803558088	0.0016862310920
 NA19002	-0.0153054222945	-0.0321310532031	0.0052689460277	0.0113222085500	0.0365112955517	-0.0630843740203	-0.0017453930721	0.0019520866807	-0.0025081436739	0.0003421615341
 NA19003	-0.0152693641566	-0.0330205456661	0.0077214734562	0.0102696110634	0.0369693623998	-0.0641236859904	0.0004891455783	0.0014774609462	-0.0093695514263	0.0009577000053
 NA19004	-0.0154944965336	-0.0329825957820	0.0063000496029	0.0092246634908	0.0368441850142	-0.0640816813189	0.0005305865927	0.0026652336399	-0.0069216061391	0.0002783925030
 NA19005	-0.0150894010639	-0.0329136430552	0.0063249469328	0.0116669072287	0.0352982445674	-0.0556435254179	-0.0010480813223	0.0004653517292	-0.0041414961580	-0.0050543187092
 NA19006	-0.0155975654899	-0.0327720452288	0.0075518738160	0.0108370482583	0.0384981024419	-0.0643584648573	-0.0005052520598	0.0011114691048	-0.0027124990954	-0.0035307667095
 NA19007	-0.0154181539312	-0.0325381123850	0.0059752047332	0.0118292538973	0.0344087223745	-0.0556361951656	0.0000346592837	-0.0012124169729	0.0018563202641	0.0033611666116
 NA19009	-0.0153467701445	-0.0330441904799	0.0062950070696	0.0097410431031	0.0332289289304	-0.0557875882723	0.0002348854344	0.0021032390313	-0.0035743141697	-0.0027730404349
 NA19010	-0.0154976445850	-0.0330842786249	0.0070277529675	0.0114474177951	0.0389993121132	-0.0610822094677	-0.0014056645719	0.0019487858963	0.0015308749709	-0.0025010104971
 NA19011	-0.0151013026080	-0.0324044940202	0.0059066022835	0.0108101902322	0.0385513259133	-0.0596876488329	-0.0025019118616	0.0016563932568	-0.0036255066443	-0.0001573644449
 NA19012	-0.0152349802453	-0.0325220798487	0.0060852138040	0.0094940038939	0.0399648277835	-0.0616680126877	-0.0003237754686	0.0007434701703	-0.0066167243376	0.0009226133599
 NA19017	0.0332937744988	-0.0033323578250	-0.0003972701643	0.0007732916964	-0.0071728982445	-0.0033582526527	-0.0647365588432	-0.0612632719275	-0.0031483659615	-0.0053939655231
 NA19019	0.0325594506008	-0.0031691228454	-0.0004964879533	0.0001465692710	-0.0079157323780	-0.0031505553187	-0.0617583212856	-0.0699258913138	0.0040798937635	-0.0078581220360
 NA19020	0.0321691608267	-0.0023538072410	-0.0003074433822	0.0011100299196	-0.0040085915879	-0.0035840518935	-0.0573286890290	-0.0702351904312	0.0019244689952	-0.0051575224465
 NA19023	0.0333367208724	-0.0035485135911	0.0002539099449	0.0003551684043	-0.0068942668385	-0.0028136081762	-0.0628250603198	-0.0583057481907	-0.0006950921210	-0.0057334180797
 NA19024	0.0326280822308	-0.0028351973398	-0.0010655989455	-0.0002647931430	-0.0054372494335	-0.0010826898597	-0.0589636510102	-0.0610457861044	0.0051377224376	-0.0005512701322
 NA19025	0.0330906750101	-0.0033124869311	-0.0002551180102	0.0007327883800	-0.0071641321419	-0.0024780191240	-0.0709536076934	-0.0684554520072	0.0162140827490	-0.0077296462014
 NA19026	0.0324760159346	-0.0027221734857	-0.0002957831508	0.0008370464300	-0.0058631646072	-0.0029661315450	-0.0647875881315	-0.0733395749830	0.0125377807072	-0.0121665138219
 NA19027	0.0314737146368	-0.0023694567501	-0.0009936144156	0.0005931374423	-0.0089944789360	-0.0079346236291	-0.0621656878007	-0.0661403591287	-0.0010966425804	0.0010914471369
 NA19028	0.0317611050410	-0.0025792811967	-0.0007667039624	0.0005814723477	-0.0056616801918	-0.0042980235046	-0.0627484136178	-0.0766278412251	0.0071448807236	-0.0003818374773
 NA19030	0.0324871276384	-0.0030994461456	-0.0003954862845	0.0008296859123	-0.0063784252422	-0.0009439710604	-0.0614350894722	-0.0675649251596	0.0031147261034	0.0006843122424
 NA19031	0.0319203930072	-0.0026193006233	-0.0009404795026	0.0010785245728	-0.0054950083315	-0.0046905771526	-0.0602460958497	-0.0629251674618	-0.0011615068758	-0.0035667288481
 NA19035	0.0324799579977	-0.0027529878828	-0.0007001553497	-0.0001487004984	-0.0059581766770	-0.0067873491711	-0.0638779297350	-0.0629784778331	-0.0032468248789	-0.0050958911997
 NA19036	0.0328239628228	-0.0029723382377	-0.0003623535798	0.0005366469878	-0.0058415808005	-0.0027506477752	-0.0556368100492	-0.0656991267435	-0.0003859871981	-0.0074517478874
 NA19037	0.0324095773963	-0.0030047440934	-0.0004787080723	0.0013316403575	-0.0084668743474	-0.0072737246191	-0.0706014234402	-0.0809571205264	0.0004577635556	-0.0072759198997
 NA19038	0.0331228249325	-0.0031006679541	-0.0000478022033	0.0007215971014	-0.0054525846693	-0.0039074988012	-0.0619169018856	-0.0661715199728	0.0054974571627	0.0051556425066
 NA19041	0.0323168032320	-0.0032905457330	-0.0004937730142	0.0000440039676	-0.0068277112293	-0.0027617841304	-0.0578719330561	-0.0646124279585	0.0034999002912	-0.0007060390641
 NA19043	0.0323998183313	-0.0029553136482	-0.0008328026935	0.0005085500982	-0.0059686806892	-0.0057507744378	-0.0591048363094	-0.0699569568310	0.0002470763738	0.0034946734513
 NA19054	-0.0151548434956	-0.0326399219006	0.0068308483900	0.0101822198144	0.0381534443522	-0.0605744665689	-0.0017957928117	0.0013565425384	-0.0068121249589	-0.0009811748900
 NA19055	-0.0153688653786	-0.0332509072396	0.0059713198815	0.0098956674170	0.0397727065622	-0.0626437758365	0.0004777972002	-0.0014149975899	-0.0044634626537	-0.0059256525712
 NA19056	-0.0151768948878	-0.0317959189609	0.0045679033454	0.0101602872207	0.0432981334250	-0.0674294877049	-0.0022187537881	-0.0007771186596	-0.0130213428782	-0.0006211145303
 NA19057	-0.0154375436936	-0.0322762176158	0.0048485306926	0.0106500411716	0.0366507465476	-0.0564901217762	-0.0008148841823	0.0014359879607	-0.0020739825963	0.0015750132152
 NA19058	-0.0151761534609	-0.0325258930236	0.0063892499009	0.0106988644738	0.0353819562486	-0.0594296058240	-0.0005410313558	0.0035955710197	-0.0085044551336	0.0006198712663
 NA19059	-0.0154244778751	-0.0322148381711	0.0059993767836	0.0103126446801	0.0358778956992	-0.0633177226185	-0.0017413130571	0.0025355033523	-0.0003921326461	0.0036992541010
 NA19060	-0.0153292998336	-0.0324709625900	0.0070407612128	0.0094809267114	0.0383387111106	-0.0609704276954	-0.0022712713392	0.0032959572028	-0.0025438817651	0.0018196481777
 NA19062	-0.0151051454629	-0.0326085190761	0.0070032025573	0.0098787602652	0.0350750545778	-0.0569864488069	-0.0032314017915	0.0045206940355	-0.0019623684572	-0.0015322419303
 NA19063	-0.0153004163130	-0.0329277916140	0.0060033603622	0.0106287141551	0.0338695789127	-0.0609736415899	-0.0017737129206	0.0007674702604	-0.0042295944937	-0.0025387448608
 NA19064	-0.0152310149554	-0.0330035363909	0.0056821444797	0.0110422527905	0.0334952830094	-0.0557948983466	-0.0019933248117	0.0038870363008	-0.0019693339816	0.0009277996625
 NA19065	-0.0151046913348	-0.0321697277511	0.0066259538710	0.0107594642430	0.0364223057272	-0.0632434888890	-0.0031592335075	0.0001517752801	-0.0002316990604	0.0066210295519
 NA19066	-0.0151626648364	-0.0329789478507	0.0065728901243	0.0105577274369	0.0390725983432	-0.0612797871708	-0.0026989433399	0.0024296190619	-0.0051561192023	0.0006962908035
 NA19067	-0.0152604248272	-0.0332561766443	0.0061163865445	0.0119731217927	0.0360764845555	-0.0577622483792	-0.0018238141860	0.0021170203014	-0.0047813742356	0.0004378616170
 NA19068	-0.0156667151504	-0.0330677214367	0.0080875236000	0.0104830959613	0.0357012660905	-0.0558283073434	-0.0018932277417	0.0003243974731	-0.0051357164925	-0.0024802583694
 NA19070	-0.0152211625674	-0.0326283072827	0.0056561598187	0.0103448851575	0.0367856531884	-0.0582419446205	-0.0009043254242	0.0013981838055	-0.0006106427132	0.0001875753714
 NA19072	-0.0151798540094	-0.0325318496354	0.0053168391270	0.0110230525788	0.0322546809726	-0.0547591918187	-0.0027983514752	0.0004734001349	-0.0028074562306	0.0000484109677
 NA19074	-0.0155333876971	-0.0332538296155	0.0070344883919	0.0100001058727	0.0352736318378	-0.0554309478800	-0.0019163060551	0.0006479797459	-0.0067883039546	0.0034912874307
 NA19075	-0.0155938303922	-0.0324995563203	0.0065887620219	0.0114093940166	0.0324939461444	-0.0564564074283	-0.0007335007484	0.0005917594079	-0.0019161450238	0.0053791145438
 NA19076	-0.0157511846101	-0.0321646178529	0.0062130047047	0.0110976362255	0.0356041786714	-0.0559043449414	-0.0004216170647	0.0034800950856	-0.0111952067287	-0.0041167600051
 NA19077	-0.0153861599665	-0.0329442650418	0.0062648039527	0.0102455619208	0.0365923042130	-0.0562122461624	-0.0018224813460	-0.0014367692074	-0.0047880028823	0.0035918269809
 NA19078	-0.0153774537457	-0.0327263828243	0.0052549546554	0.0105473421842	0.0370091960045	-0.0604713749359	-0.0016372030003	0.0014829335131	0.0009076991395	0.0003206694440
 NA19079	-0.0149700991237	-0.0331423779671	0.0062981832319	0.0092287583394	0.0340091748932	-0.0593099968843	-0.0014812691322	0.0018560620189	-0.0066782997629	0.0007909508279
 NA19080	-0.0150575656348	-0.0330884616794	0.0062709460206	0.0120833147765	0.0381043295008	-0.0577541565906	-0.0009712773337	0.0026673245082	-0.0036914485331	0.0006358691174
 NA19081	-0.0155037817876	-0.0322393553232	0.0064598390735	0.0093292973030	0.0383557100581	-0.0640788863793	-0.0020956232828	0.0032766831812	-0.0030515126266	0.0055745369729
 NA19082	-0.0151082883804	-0.0329225050330	0.0053276626789	0.0107964255496	0.0362322599440	-0.0592110210533	-0.0028300978278	0.0008653204489	-0.0031185281039	0.0037827427963
 NA19083	-0.0150857156767	-0.0323308663402	0.0067271943996	0.0109492715966	0.0365827753011	-0.0641962472288	-0.0009098551786	0.0037239698889	-0.0084471038870	0.0010652246339
 NA19084	-0.0152795039749	-0.0327928826405	0.0069400096323	0.0110635269874	0.0335558445340	-0.0599506668326	-0.0015863260225	-0.0014736378598	0.0014126469155	0.0012860239914
 NA19085	-0.0153062839473	-0.0323889629856	0.0055799339229	0.0090858997169	0.0356997732767	-0.0640052569143	-0.0016392650495	0.0037505286178	-0.0024817212898	-0.0011907093440
 NA19086	-0.0151669529353	-0.0328614087880	0.0061531684165	0.0109198199031	0.0384004431539	-0.0625240532974	-0.0018071462120	0.0037709409160	-0.0047832265661	-0.0050972646904
 NA19087	-0.0155951475030	-0.0329361304419	0.0074985488790	0.0103082785684	0.0339392500931	-0.0581394992539	-0.0025146872024	0.0037644311670	-0.0026583528768	-0.0051849755274
 NA19088	-0.0153911660272	-0.0329836642164	0.0067062058668	0.0110739230849	0.0362165530047	-0.0596005530082	0.0005471099565	0.0018188015794	-0.0004796134804	-0.0067776120318
 NA19089	-0.0152375648330	-0.0322813169528	0.0061979012674	0.0106708455565	0.0381904190390	-0.0651210929649	-0.0018741807125	0.0007427475583	-0.0112936308485	-0.0026599209305
 NA19090	-0.0153105315878	-0.0326118459348	0.0058743484627	0.0114800616148	0.0293987663401	-0.0591075423894	-0.0005959380101	0.0040326991433	-0.0032450982221	-0.0050355088589
 NA19091	-0.0153195774023	-0.0327729174967	0.0055323739029	0.0102572137146	0.0394095489427	-0.0618502496789	-0.0008775278948	-0.0007593505976	-0.0083891575013	0.0047982980836
 NA19092	0.0358781685730	-0.0041844410372	0.0005493984922	0.0006731162030	0.0030829232868	0.0009767955739	-0.0114493162194	0.0287228504981	-0.0033039307370	0.0025756432476
 NA19093	0.0351836609639	-0.0042126800109	-0.0000559508939	0.0003808999132	0.0046653697394	0.0038011388858	-0.0155563191226	0.0388269298384	-0.0051703501928	0.0000447197288
 NA19095	0.0358877179367	-0.0043274280234	0.0005572554951	-0.0001142013683	0.0035636039967	0.0050594780915	-0.0209349442565	0.0350734671256	0.0000843643345	0.0026075588947
 NA19096	0.0356644935547	-0.0040761354070	0.0000139856357	-0.0007513760446	0.0042367049722	0.0035508147798	-0.0082313458286	0.0352990413508	-0.0022161941090	0.0043650332182
 NA19098	0.0355482206679	-0.0042517148819	0.0001696844118	0.0005841907704	0.0043771097836	0.0044172495171	-0.0109352022239	0.0356311750220	-0.0004211382877	-0.0016156575639
 NA19099	0.0360649865033	-0.0040755692685	-0.0005540744797	-0.0005299442195	0.0037374274169	0.0018046006377	-0.0077542326998	0.0339282986756	-0.0062466596472	-0.0056753443407
 NA19102	0.0361355799229	-0.0040282075832	0.0002387806709	-0.0000987359183	0.0037579295220	0.0004109345622	-0.0107923303075	0.0371636925092	0.0083197858985	0.0055782351215
 NA19107	0.0353224847671	-0.0035458578829	0.0003962516076	0.0008770702787	0.0043928222817	0.0029711733036	-0.0194029398608	0.0402597544575	-0.0081849207987	0.0099582535333
 NA19108	0.0355426570076	-0.0041301921300	0.0006275504554	-0.0000377698663	0.0043063367491	0.0019474559040	-0.0099773178911	0.0300667762534	-0.0022196862976	0.0158901807980
 NA19113	0.0356316711705	-0.0045421140669	0.0004643386294	0.0008845942629	0.0032173081582	0.0031916271589	-0.0147149583785	0.0373974919061	-0.0024557925555	0.0034608471136
 NA19114	0.0357905753758	-0.0038215661382	0.0005814063563	0.0003855101587	0.0021278067774	0.0030595871823	-0.0114636638363	0.0343581373421	-0.0008853803635	0.0024332289872
 NA19116	0.0357167504278	-0.0039597965675	0.0006228817157	0.0007203259015	0.0031823791484	0.0042686990463	-0.0157855836922	0.0425414797712	-0.0014960575173	-0.0027163316378
 NA19117	0.0358973520822	-0.0041835741328	0.0002485307233	0.0002007655357	0.0033057080550	0.0041340503252	-0.0126312627114	0.0366037980774	-0.0000538251669	0.0065561621419
 NA19118	0.0346119221166	-0.0032835770132	0.0008568158918	0.0005247322874	0.0009567451419	0.0021391700040	-0.0084735283000	0.0260551355740	-0.0070456604730	0.0089982771102
 NA19119	0.0358947159174	-0.0042820127065	0.0000516535568	0.0000019389185	0.0008643658661	0.0025519276387	-0.0160269759781	0.0373003509074	-0.0023556431286	0.0138288129797
 NA19121	0.0356183084426	-0.0040268641545	0.0004114990559	0.0001072045209	0.0011480939505	0.0032042139761	-0.0135110952913	0.0371729783738	-0.0052326468131	0.0026020633319
 NA19129	0.0353298698100	-0.0038306358498	0.0006684423847	0.0002491282921	0.0031881436495	0.0002905330292	-0.0098632878584	0.0311330014845	-0.0038503633403	-0.0004443563820
 NA19130	0.0356565745643	-0.0043577926127	-0.0000323978726	-0.0000072248295	0.0025971454291	0.0005577688819	-0.0134391460212	0.0393457571171	-0.0037487063909	0.0083312174770
 NA19131	0.0360065357459	-0.0040946038963	0.0003497235865	-0.0006603998735	0.0034495680152	-0.0005078074819	-0.0128277557041	0.0300718414918	0.0014226471521	-0.0051956487858
 NA19137	0.0357009432386	-0.0037847474098	-0.0001702956616	-0.0006083923174	0.0050184875005	0.0039427017758	-0.0140287628427	0.0363051529083	-0.0019028303627	-0.0025533016494
 NA19138	0.0356264295097	-0.0037094598590	0.0006853298343	-0.0001286163858	0.0009145574944	0.0028099590722	-0.0134736543571	0.0376250101763	0.0089180475334	0.0032326980047
 NA19141	0.0355873876226	-0.0040939184426	-0.0006399617494	-0.0000435984390	0.0050877398608	-0.0012788502436	-0.0118153971580	0.0372181516953	-0.0016684943639	0.0025326785180
 NA19143	0.0358264986690	-0.0038632875237	0.0002567243127	0.0000043989074	0.0017471807049	0.0029295645515	-0.0110426448075	0.0332863274863	0.0034760038482	0.0081847474139
 NA19144	0.0356938214868	-0.0043098903461	0.0000458437463	0.0000334073357	0.0044607073195	0.0013825364561	-0.0094544318518	0.0355963499014	0.0051936283223	0.0027776462115
 NA19146	0.0359346862206	-0.0042719538377	0.0003059026033	-0.0001996604959	0.0010432925883	0.0042117568595	-0.0123784734155	0.0380312159859	-0.0008223938254	0.0019624399933
 NA19147	0.0359077620215	-0.0039215921919	0.0001070578226	-0.0007238309934	0.0023850354691	0.0004309613770	-0.0122397151370	0.0328299392632	-0.0002662313788	0.0060940549010
 NA19149	0.0361732644724	-0.0041217121186	0.0003442490026	-0.0001129852246	0.0047682974622	0.0017645566677	-0.0147604304270	0.0380771944923	-0.0007403152222	0.0023045016914
 NA19152	0.0354146779673	-0.0045336277944	-0.0007005892394	0.0001931804903	0.0023797693922	0.0019782330008	-0.0136039003053	0.0381260586735	-0.0043230194081	0.0076644272299
 NA19153	0.0357814290380	-0.0040007615303	0.0008001791433	0.0002185062007	0.0034586622120	0.0041323147296	-0.0131136904488	0.0380679124864	0.0017093681542	-0.0046784941991
 NA19159	0.0356155024281	-0.0045515693600	-0.0003945886920	-0.0002162700679	0.0000889470610	0.0017541329288	-0.0140060300555	0.0349944284084	0.0015271735098	0.0010267724141
 NA19160	0.0358077117109	-0.0040140871022	0.0010027142220	-0.0000067255727	0.0029674673545	0.0028148238519	-0.0111342678702	0.0421634717964	0.0018725203440	0.0084132524563
 NA19171	0.0354418486329	-0.0043374869318	0.0011448756554	0.0006077817995	0.0006813617944	0.0049690566650	-0.0108364834131	0.0327562138021	0.0035782431988	0.0042688845409
 NA19172	0.0358801593797	-0.0039534303777	0.0006169409683	0.0007865307719	0.0047219966283	0.0025978830902	-0.0173102128039	0.0405377620074	-0.0040003199943	0.0073985262845
 NA19175	0.0357406012696	-0.0040332621514	0.0000136774668	-0.0007015802495	0.0023170549469	0.0020198756536	-0.0125762964177	0.0316144699818	0.0018265421995	0.0005733319954
 NA19184	0.0354439102446	-0.0042886344552	0.0005670438079	-0.0002288241587	0.0034138989300	0.0025985825336	-0.0192042386875	0.0401453461121	-0.0003776606573	0.0075279744932
 NA19185	0.0356074293119	-0.0037671568514	0.0005451709866	0.0001089912301	0.0035166390343	0.0030244519785	-0.0170399374233	0.0376204560841	-0.0053213129682	-0.0015185886844
 NA19189	0.0355774459308	-0.0036129662394	0.0002806639015	-0.0002265726212	0.0049596005034	0.0002707815754	-0.0115023562980	0.0358607352552	0.0018931110813	-0.0038805086929
 NA19190	0.0355077961089	-0.0043777920586	-0.0003401241131	-0.0010045109735	0.0011884000577	0.0043935830197	-0.0142203634240	0.0345466451122	-0.0008444323436	0.0059913881224
 NA19197	0.0354824240303	-0.0041110932613	0.0006101985912	0.0006721734446	0.0027631775516	0.0041874335771	-0.0167661709226	0.0410993457522	-0.0005998780960	0.0007399706124
 NA19198	0.0357461473108	-0.0039455531543	0.0006172569063	0.0005251644303	0.0024668682323	0.0025572543982	-0.0153770865738	0.0384383824094	-0.0025137852710	0.0046671033745
 NA19200	0.0357203174568	-0.0041418924179	0.0003411871132	0.0005034922987	0.0047063890835	0.0047070014163	-0.0152315832333	0.0421135630042	-0.0010263285124	0.0053283639454
 NA19201	0.0361530471056	-0.0037462147750	0.0004932192389	-0.0000254158811	0.0033649464927	-0.0008484365584	-0.0206263605130	0.0370094330103	-0.0055326715827	0.0049888215856
 NA19204	0.0356263612668	-0.0041906842390	0.0006455487241	-0.0001511073458	0.0037246147086	0.0045481346759	-0.0120691508830	0.0345930760937	0.0069488636703	0.0076886132780
 NA19206	0.0360133082222	-0.0039570876528	0.0008236136557	-0.0007698642228	0.0037010205775	0.0039921020704	-0.0136249558017	0.0435746502473	0.0018322466643	0.0082353051114
 NA19207	0.0357006352472	-0.0044362803222	0.0010150090804	0.0002093528083	0.0044532264758	0.0007991953117	-0.0123556509056	0.0407626100398	0.0006521839903	0.0023436654498
 NA19209	0.0358103217244	-0.0042418299919	0.0008633104845	0.0003141678742	0.0035646976684	0.0043652174327	-0.0126543923128	0.0346891089753	0.0043621515152	0.0009353153138
 NA19210	0.0357787452057	-0.0037047602582	0.0001447436017	0.0001708029263	0.0040114976759	0.0050044669130	-0.0092306484350	0.0411758272569	-0.0042747967406	0.0049016464920
 NA19213	0.0354558315758	-0.0039374730056	0.0008580260505	-0.0003555423198	0.0048210347342	0.0020004811299	-0.0147210096106	0.0349371691775	-0.0038373329720	-0.0009211948504
 NA19214	0.0356458925321	-0.0042508025057	0.0003521760610	-0.0013285855388	0.0001075716928	0.0044088892894	-0.0142318341378	0.0359777383861	-0.0091340101530	0.0024361475845
 NA19222	0.0357712978953	-0.0042809819050	0.0005286264110	0.0001198362891	0.0044391411653	0.0001936373230	-0.0160347987411	0.0355122909675	0.0023841037220	0.0006909037008
 NA19223	0.0356844874530	-0.0044571345005	0.0005198451298	0.0007909276535	0.0020635499724	0.0040272567203	-0.0189283457639	0.0403864939195	-0.0096000713293	0.0064136104178
 NA19225	0.0355515008329	-0.0045076244589	0.0011599931073	0.0006935998452	0.0015706384370	0.0026904418063	-0.0179746587555	0.0442034713182	0.0036818616213	0.0096967877438
 NA19235	0.0357744684622	-0.0038321760546	0.0004476929203	-0.0000500298289	0.0041534031151	0.0025064230848	-0.0151640492739	0.0358473152748	-0.0021460305469	-0.0014621794601
 NA19236	0.0359880605081	-0.0038402908275	-0.0002446361360	0.0004347492952	0.0026507259785	0.0029685101440	-0.0115778635313	0.0336615075778	0.0021168469903	-0.0004438505492
 NA19238	0.0351293470066	-0.0040740396465	0.0002560468779	-0.0005187843225	0.0041104976912	0.0009682128590	-0.0163097097537	0.0356997690433	0.0025501619016	0.0061072576990
 NA19239	0.0360695898672	-0.0041205963856	0.0002172480027	0.0011451482343	0.0045882633213	0.0031328125181	-0.0121897069413	0.0319253082418	0.0040710154083	-0.0009447297864
 NA19247	0.0352993205347	-0.0040250249004	-0.0002957812765	0.0002926004377	0.0011106855442	0.0017227417993	-0.0113768161092	0.0376760644503	-0.0057461766036	0.0030717471280
 NA19248	0.0358617795802	-0.0039798426043	0.0004667647907	-0.0003774422331	0.0002113209506	0.0016384437830	-0.0076727179841	0.0321759706917	-0.0040723526265	0.0013886573864
 NA19256	0.0355968234401	-0.0043440159610	0.0001586146075	-0.0002100550985	0.0030525301793	0.0024517977326	-0.0185615268462	0.0358258619182	-0.0005750722521	0.0077185572785
 NA19257	0.0356394932107	-0.0039502477067	0.0002165701314	0.0009114505344	0.0007411752525	0.0024405055865	-0.0172342030326	0.0392337376814	0.0004833730365	0.0052950404709
 NA19307	0.0321266813829	-0.0029562799856	-0.0011989816712	0.0012811860767	-0.0081368204208	-0.0029914882848	-0.0701633429162	-0.0786228828208	0.0037101627677	-0.0015832199711
 NA19308	0.0326914249627	-0.0029101736234	-0.0002673375589	0.0000474934215	-0.0073320803466	-0.0016591893343	-0.0612988366600	-0.0649064641817	0.0021454165688	-0.0043672379704
 NA19309	0.0326552895926	-0.0028034319733	-0.0009389251237	0.0004764149912	-0.0051326061639	-0.0022118803336	-0.0613724064184	-0.0618569467874	-0.0006600340805	0.0034923444433
 NA19310	0.0330645939919	-0.0036185157887	-0.0007246249720	0.0000209746136	-0.0044108175659	-0.0013107118197	-0.0676464709231	-0.0608666332648	-0.0002394898570	-0.0005366583852
 NA19312	0.0328433232634	-0.0029052324219	-0.0001781577293	-0.0006379062118	-0.0081867692663	-0.0058334170485	-0.0687724376745	-0.0737444419570	-0.0002034657390	0.0043703111955
 NA19314	0.0311058900087	-0.0023593849844	-0.0008908114944	0.0012271301192	-0.0075419020768	-0.0043846738122	-0.0638836412414	-0.0675727140141	0.0054733034952	-0.0044597752156
 NA19315	0.0316738842801	-0.0024076190971	-0.0001317896981	0.0000653271298	-0.0082614496987	-0.0041089143467	-0.0615541782564	-0.0634882920967	0.0042042847458	-0.0029439950072
 NA19316	0.0320057650930	-0.0029388982544	-0.0008578194852	0.0003748728739	-0.0087877840772	-0.0035585098192	-0.0677135595572	-0.0723443547034	0.0021703169463	0.0034943030621
 NA19317	0.0331847620710	-0.0033307903168	-0.0006754411931	0.0004012984950	-0.0044991336590	-0.0039045124991	-0.0645354048680	-0.0698340795349	0.0014584725982	-0.0114208206718
 NA19318	0.0328052360669	-0.0029974978587	-0.0007494738375	0.0012371303136	-0.0059370755147	-0.0052234149485	-0.0724726635841	-0.0707802031366	0.0108987442856	-0.0131016919863
 NA19319	0.0324411881387	-0.0029579413606	0.0004132359230	0.0009048482647	-0.0076639954166	-0.0047654173834	-0.0598776237757	-0.0636483117212	0.0013013604734	0.0039177109695
 NA19320	0.0324895325557	-0.0028398853979	-0.0009113445704	0.0007942902332	-0.0082480580049	-0.0054050320252	-0.0743023794285	-0.0789897917574	0.0051092874422	-0.0083421443243
 NA19321	0.0322587335810	-0.0029767635794	-0.0003147272516	0.0011719873936	-0.0059059581524	-0.0029393530371	-0.0616077181845	-0.0656428672353	0.0084937222844	-0.0056637900392
 NA19323	0.0312153976281	-0.0024783776551	-0.0015620001402	0.0012218623623	-0.0050700187946	-0.0041398707709	-0.0582858820418	-0.0653342712927	-0.0005980995713	0.0094434299815
 NA19324	0.0326145476946	-0.0031638847383	-0.0005953678395	0.0002008014235	-0.0052068382565	-0.0050309798212	-0.0549571833452	-0.0628216152856	0.0059409989584	-0.0046158171537
 NA19327	0.0311827995347	-0.0025328101648	-0.0001773647269	0.0012654370347	-0.0104680712755	-0.0068284144615	-0.0596188344479	-0.0717516765008	-0.0002988216475	0.0009609656125
 NA19328	0.0325721241448	-0.0028682506532	0.0007987060889	0.0013885674260	-0.0037874409533	-0.0034898161462	-0.0655643973531	-0.0733744866890	0.0035224831126	-0.0101610230086
 NA19331	0.0323526065081	-0.0029020512546	-0.0007757015704	0.0005758267181	-0.0061296400549	-0.0042064564083	-0.0611494195903	-0.0693542168094	0.0051502027568	-0.0038468678491
 NA19332	0.0322884670511	-0.0031725157567	-0.0010652245818	0.0009517231573	-0.0077359563214	-0.0027516849936	-0.0602267751186	-0.0623562888267	-0.0015507259485	-0.0058291202491
 NA19338	0.0321590382120	-0.0027415484490	-0.0003553079098	0.0006142060804	-0.0048861365991	-0.0051896224353	-0.0593540729175	-0.0690730871966	-0.0003998857688	0.0024709364779
 NA19346	0.0331462087714	-0.0032612997200	-0.0005168393835	0.0003794626728	-0.0047910103060	-0.0057496824887	-0.0639641196627	-0.0676043999696	0.0008110060690	0.0036478314431
 NA19347	0.0322334419623	-0.0027993742831	-0.0004973874350	0.0013568989273	-0.0092729452075	-0.0039040489664	-0.0695481621258	-0.0764819413219	0.0086079510256	-0.0105831445230
 NA19350	0.0321874058434	-0.0028966852340	-0.0000619109100	0.0012097815138	-0.0069564217404	-0.0061014093021	-0.0659566895695	-0.0775408481294	-0.0025240255363	-0.0096611193157
 NA19351	0.0330150036182	-0.0033695977960	-0.0000552268971	0.0010404642523	-0.0063684934109	-0.0060847242524	-0.0615658545670	-0.0696967886687	-0.0003274217000	-0.0049455394546
 NA19355	0.0321482996285	-0.0027633742175	0.0004819884398	0.0007202073114	-0.0048374274186	-0.0038538115685	-0.0614928084703	-0.0689684652451	-0.0081471769177	0.0003099098678
 NA19360	0.0325543457865	-0.0032438326650	-0.0009814829672	0.0009528706599	-0.0055583594412	-0.0012729740742	-0.0627234509483	-0.0686170210720	-0.0005712279327	-0.0003508443475
 NA19372	0.0328367022744	-0.0030121977689	-0.0004204870120	0.0007779472914	-0.0074208587177	-0.0044127126812	-0.0556230933704	-0.0650122166921	0.0023571681958	-0.0073567792301
 NA19374	0.0320630624271	-0.0032480488787	-0.0008223168621	0.0006079238197	-0.0064782973733	-0.0070253336608	-0.0633666500447	-0.0726852673593	-0.0013452690584	-0.0010055497968
 NA19375	0.0321328664863	-0.0028281827796	-0.0000865402561	0.0004522624078	-0.0094108007251	-0.0039102736748	-0.0718201935959	-0.0700275437363	0.0015968400401	-0.0047133648569
 NA19376	0.0333275165354	-0.0034621833380	-0.0010520783037	0.0007388703483	-0.0079711656675	-0.0070824264475	-0.0750095885786	-0.0863796600142	0.0111487645799	-0.0170598345205
 NA19377	0.0328249352623	-0.0025757495152	-0.0005304415701	0.0007232652173	-0.0067026126312	-0.0034315247010	-0.0614099904221	-0.0674632779294	-0.0049382382263	-0.0059727596199
 NA19378	0.0325434258373	-0.0029069159249	0.0002121564910	0.0010831457355	-0.0042849627302	-0.0056169323034	-0.0615457911876	-0.0627359680285	-0.0008874773861	-0.0039291125872
 NA19379	0.0328548977545	-0.0028155990099	-0.0010478780035	0.0010349955050	-0.0088235875663	-0.0029695668142	-0.0630547999557	-0.0619100193173	0.0017741129565	-0.0034481618050
 NA19380	0.0316281627429	-0.0030626470174	-0.0009432010842	0.0009724820932	-0.0082979446217	-0.0023343392140	-0.0612780950777	-0.0702766534944	0.0010384852137	-0.0025372877255
 NA19383	0.0320298092875	-0.0030780871381	-0.0003647855462	0.0006615824166	-0.0076290959904	-0.0052737470953	-0.0593979604581	-0.0768273410031	-0.0026386017032	-0.0035250383038
 NA19384	0.0336940086521	-0.0032858102423	-0.0000081424554	0.0008826039230	-0.0047230207158	-0.0024921549904	-0.0726684841237	-0.0702972975234	0.0076825436035	-0.0045021606218
 NA19385	0.0320109812641	-0.0025333632106	-0.0008075314201	0.0012423500070	-0.0075046650950	-0.0042199191146	-0.0621003969686	-0.0721309647912	0.0028135689090	-0.0045199787908
 NA19390	0.0322738355026	-0.0032517663615	-0.0001402843781	0.0007378650054	-0.0069176099551	-0.0023398656535	-0.0636769298190	-0.0666476307562	0.0003803963660	0.0057929876057
 NA19391	0.0335153276533	-0.0033180313173	-0.0009300253879	-0.0000488164918	-0.0044664299225	-0.0033136103170	-0.0639674115468	-0.0602712065751	-0.0008590831876	-0.0010501192143
 NA19393	0.0323924379129	-0.0031719254350	-0.0004711369864	0.0010972659871	-0.0057417886647	-0.0029102347079	-0.0622212663094	-0.0743320874573	-0.0010944499637	-0.0117037666089
 NA19394	0.0324919312090	-0.0031438978074	-0.0000343198857	0.0005235177825	-0.0068396022716	-0.0021466685822	-0.0645099034360	-0.0687280358405	0.0002081577535	-0.0003658000842
 NA19395	0.0317396495691	-0.0027380138953	-0.0007942118048	0.0009650475606	-0.0063585958552	-0.0062599605620	-0.0601818968916	-0.0698138977770	0.0023499835377	-0.0011234606963
 NA19397	0.0327629952110	-0.0030659270719	-0.0006015590340	0.0008189527209	-0.0068933684147	-0.0042175465791	-0.0666486806110	-0.0759976985125	0.0050859369612	-0.0113146619986
 NA19399	0.0334433844687	-0.0032812439107	-0.0007146780011	-0.0001173000331	-0.0045604110464	-0.0019482224990	-0.0640962406236	-0.0614947965913	0.0037855829857	-0.0028326765574
 NA19401	0.0317431686709	-0.0030764981441	-0.0002688585746	0.0009821726425	-0.0081558463424	-0.0025488915323	-0.0634609874239	-0.0681405269360	0.0045618680726	0.0010329596933
 NA19403	0.0315998437579	-0.0022509400293	-0.0004543924415	0.0012628405074	-0.0084202370709	-0.0021211285148	-0.0614862516163	-0.0624494308973	0.0050469913400	-0.0025032980684
 NA19404	0.0329111897695	-0.0032227334610	-0.0004668397427	-0.0000568152642	-0.0073712365780	-0.0052154592157	-0.0634430672045	-0.0650354807127	0.0033319721005	-0.0031667184767
 NA19428	0.0324800998503	-0.0027699645339	-0.0002057178585	0.0005008005574	-0.0054547754154	-0.0062836929354	-0.0648840696355	-0.0706568043456	0.0020431730557	0.0044309736797
 NA19429	0.0325768031729	-0.0033425892027	-0.0004486516557	0.0003564412420	-0.0071599603156	-0.0015024246981	-0.0617478246265	-0.0636015083542	0.0079012592897	0.0030703324960
 NA19430	0.0328358940362	-0.0028109854161	-0.0000713217738	0.0003886593000	-0.0066577161863	-0.0071482208131	-0.0688924043976	-0.0812810439851	0.0095542188782	-0.0041150502873
 NA19431	0.0331606075981	-0.0035929099850	-0.0002020155647	0.0005869124136	-0.0072838593012	-0.0020014326084	-0.0643795642454	-0.0656563087443	0.0002974618365	-0.0053454982958
 NA19434	0.0320642726001	-0.0030927611459	-0.0000137600022	0.0005713088566	-0.0071688791519	-0.0061839109768	-0.0670315948741	-0.0690991382578	0.0038020779796	-0.0024030568659
 NA19435	0.0317514304174	-0.0027891198267	-0.0008559852971	0.0008297956936	-0.0048412833024	-0.0035465393066	-0.0607528194376	-0.0626575036145	-0.0009509774380	0.0016006528468
 NA19436	0.0325473825399	-0.0033592276970	-0.0000771308476	0.0000211038403	-0.0046264780829	-0.0033243060542	-0.0632679293924	-0.0586832393358	0.0065576775423	0.0044212245658
 NA19437	0.0312877186873	-0.0026847325597	-0.0004528759618	0.0005352662328	-0.0064071225467	-0.0045758419336	-0.0614628079444	-0.0663163408736	-0.0016580189709	0.0035209136286
 NA19438	0.0327465534291	-0.0035647857940	-0.0005533123692	0.0005603045796	-0.0060740226609	-0.0038379694641	-0.0544527937796	-0.0575582032164	0.0001928327519	-0.0022469194662
 NA19439	0.0324258692847	-0.0032847479832	-0.0004368601416	0.0003929985205	-0.0083259729126	-0.0074369617682	-0.0618502984736	-0.0674691860336	0.0001754920573	0.0014626476542
 NA19440	0.0325487497650	-0.0030497950703	0.0002082442606	0.0011108598177	-0.0082154160156	-0.0041358859495	-0.0586904046742	-0.0608920809592	-0.0038566962475	0.0022360331645
 NA19443	0.0321971277688	-0.0029847344276	-0.0003574284495	-0.0000824708456	-0.0081176866917	-0.0020527691358	-0.0603430606122	-0.0651752042365	-0.0036299840110	-0.0033488292786
 NA19445	0.0326940107270	-0.0034050255352	-0.0008325541338	0.0015457577174	-0.0044395019532	-0.0047563018465	-0.0617712180637	-0.0616469640864	-0.0006505970793	-0.0016502734119
 NA19446	0.0328406720175	-0.0029232079761	-0.0006168460530	-0.0002171748101	-0.0068814977689	-0.0037083139133	-0.0655216042968	-0.0675815929964	0.0028234944827	-0.0087825366157
 NA19448	0.0321202431462	-0.0028917208032	-0.0004356222552	0.0008826287571	-0.0070698279678	-0.0081612107306	-0.0662958200924	-0.0762103421847	0.0030329813593	0.0016188584638
 NA19449	0.0324094973663	-0.0033219467512	-0.0003540212633	0.0000534846113	-0.0053406063519	-0.0032129904637	-0.0586965945781	-0.0637647523399	0.0059437869233	-0.0060302259026
 NA19451	0.0328404129204	-0.0031254186339	-0.0000573681638	0.0005828921224	-0.0056247590837	-0.0073931916140	-0.0696379155627	-0.0789152415046	0.0050910838412	-0.0062028084699
 NA19452	0.0319699423788	-0.0028550131035	-0.0008321940467	0.0013657277484	-0.0074583678902	-0.0026669124210	-0.0719121563783	-0.0763982334828	0.0000246333455	-0.0077900622962
 NA19454	0.0327069085347	-0.0029992946618	0.0005092199223	0.0007944801029	-0.0058537533040	-0.0050142435711	-0.0606844581280	-0.0587785864629	0.0047866681427	-0.0057885073028
 NA19455	0.0321888386169	-0.0031094190075	-0.0004927797798	0.0017244260459	-0.0106542561041	-0.0026145667571	-0.0618206481820	-0.0692014290908	-0.0011539050462	-0.0005889432707
 NA19456	0.0325894841992	-0.0036374928676	-0.0001376814692	-0.0000441928820	-0.0077711497899	-0.0010809131958	-0.0586608896743	-0.0624430362777	0.0015939337285	-0.0043401033062
 NA19457	0.0327188322084	-0.0030051861790	-0.0010414668759	0.0007590359513	-0.0074923352001	-0.0023140301100	-0.0545244250946	-0.0615074029139	0.0028778707773	0.0012424743048
 NA19461	0.0323823730671	-0.0027053943624	-0.0003953653848	0.0004136063805	-0.0060798319746	-0.0044376135956	-0.0637533694226	-0.0679929832783	-0.0010345549711	-0.0010028432385
 NA19462	0.0334906773967	-0.0036442915550	0.0000606371456	0.0002959113516	-0.0056995379819	-0.0015288935543	-0.0587388487281	-0.0560515696290	0.0009529292229	-0.0025207426648
 NA19463	0.0318006587967	-0.0026843555815	-0.0005707623312	0.0003129596818	-0.0100943831387	-0.0032563810348	-0.0585486684735	-0.0702812165205	0.0002479218481	-0.0039122227629
 NA19466	0.0317765272811	-0.0028426146306	-0.0003985956450	0.0010597677784	-0.0081392795577	-0.0033413762937	-0.0651766972666	-0.0741521663193	-0.0011032543757	0.0046736388756
 NA19467	0.0317025885489	-0.0028697446482	-0.0002126549929	0.0005171676379	-0.0056680425665	-0.0034313746795	-0.0618012809084	-0.0711639403823	-0.0004110285690	-0.0039361239230
 NA19468	0.0323599391488	-0.0031242107482	-0.0005274232409	0.0002612003165	-0.0078830218025	-0.0044973736908	-0.0649058216491	-0.0643231137101	0.0030717164952	0.0002352393551
 NA19471	0.0317582214026	-0.0028401096644	-0.0006777324771	0.0004494596625	-0.0063735440398	-0.0020900456822	-0.0600412220577	-0.0697126462218	0.0074808622327	-0.0065192709794
 NA19472	0.0318171844299	-0.0026528659858	-0.0010144689891	0.0001617580030	-0.0051119539186	-0.0041156173809	-0.0601964470595	-0.0651143955075	0.0000724089439	-0.0009404229460
 NA19473	0.0322050842452	-0.0027674590691	0.0001790473594	0.0006407780999	-0.0056490061195	-0.0055534596036	-0.0589758218579	-0.0659569178236	0.0030868833191	-0.0072283739014
 NA19474	0.0318810965032	-0.0026660794619	-0.0009897292410	0.0011117380783	-0.0073553352852	-0.0046855966923	-0.0580000070782	-0.0630560553820	-0.0012357326997	-0.0031497861693
 NA19475	0.0318453822776	-0.0030205979041	-0.0012162734111	0.0011896639393	-0.0074681899530	-0.0032728946384	-0.0586923880333	-0.0668054312285	-0.0032587245008	-0.0044587322070
 NA19625	0.0176831200116	-0.0029232800585	0.0115103855240	-0.0161601970906	0.0035267512009	0.0050830807058	-0.0053619012971	0.0054160451086	-0.0033175303533	0.0013167214881
 NA19648	-0.0101812939370	0.0248033236139	0.0126904057759	0.0111915438057	-0.0212396195173	-0.0100537139016	0.0002074665032	0.0015467321644	-0.0096008454074	0.0080083911119
 NA19649	-0.0102786401169	0.0163351373031	0.0186642316847	-0.0059273711804	-0.0126260177109	-0.0135683834582	0.0008671564691	-0.0013087242466	0.0049124647370	0.0005900608229
 NA19651	-0.0093955795853	0.0145503266634	0.0195542629338	-0.0112928187385	-0.0098817949097	-0.0074268249830	-0.0008427588329	-0.0007123967300	-0.0032620836486	0.0111973333078
 NA19652	-0.0100733904113	0.0147514195210	0.0203934057656	-0.0114543294304	-0.0125852375385	-0.0080190174792	-0.0002117168866	0.0021421707679	0.0006019777477	-0.0003262895997
 NA19654	-0.0105860063089	0.0027688830077	0.0324573209210	-0.0405693167308	-0.0065159081969	-0.0042553511723	0.0032956813904	-0.0030593523359	-0.0118310688954	0.0055292454016
 NA19655	-0.0098531471973	0.0126862191542	0.0214253335496	-0.0166969560640	-0.0138661913839	-0.0106812672610	0.0003834739419	0.0036121014373	-0.0066064422760	0.0077208712871
 NA19657	-0.0111100902896	0.0013479481231	0.0340060226180	-0.0439539602592	-0.0049956041208	0.0009305593816	0.0009184357600	0.0016055350524	0.0012289994822	-0.0091122907142
 NA19658	-0.0114721383271	0.0127750502642	0.0227880062903	-0.0178596141726	-0.0106004815280	-0.0101014921230	0.0005459686633	0.0014794660158	-0.0069598087075	0.0100416110949
 NA19661	-0.0108920610427	0.0048168939615	0.0292455833021	-0.0325974040399	-0.0041541793608	-0.0061293759571	0.0012159136011	-0.0013939094414	-0.0121498867720	0.0174167186026
 NA19663	-0.0104740356324	-0.0000579200820	0.0343354493795	-0.0445889332195	0.0029162392003	-0.0002760899401	0.0012547380219	-0.0016917118740	-0.0033451770796	0.0054655762099
 NA19664	-0.0106470081122	0.0029047256614	0.0300236558601	-0.0362392651782	-0.0034259918917	-0.0014302660590	0.0028337701401	-0.0006146825894	0.0002851564735	0.0027292530280
 NA19669	-0.0114855180707	0.0116308536725	0.0225450868425	-0.0151805878316	-0.0103938509569	-0.0088703849790	0.0008291562585	-0.0022410554479	-0.0048842326962	-0.0081029002563
 NA19670	-0.0109101235009	0.0062191977525	0.0280200685608	-0.0343824404084	-0.0095306137340	-0.0068427864590	0.0037958362280	0.0000778196938	-0.0023707874702	0.0043959592025
 NA19676	-0.0104392610937	0.0136108170868	0.0219171160821	-0.0138987594308	-0.0136254768891	-0.0102886433427	0.0030194486741	-0.0014124442064	0.0014111348144	0.0024094636066
 NA19678	-0.0084449708720	0.0163330251595	0.0182514268002	-0.0051245673760	-0.0099820954239	-0.0072819624594	-0.0003621347440	-0.0015068503623	-0.0025587922729	0.0053940366634
 NA19679	-0.0095522852235	0.0246643059901	0.0111154656561	0.0137003690577	-0.0242124250114	-0.0147899728200	0.0008268761295	0.0025010065806	-0.0052291463467	0.0092670708951
 NA19681	-0.0112581524076	0.0013841520635	0.0336315604658	-0.0434549882963	-0.0016391977684	0.0010126204860	-0.0000844217441	0.0007813199157	0.0088466062984	-0.0071449330790
 NA19682	-0.0120635729115	0.0061111359119	0.0278118127772	-0.0328457120960	-0.0105501543737	-0.0024060193987	0.0004234010175	-0.0013725984021	0.0094820108387	-0.0051366168037
 NA19684	-0.0120699734715	0.0141530659834	0.0216715941221	-0.0120595137866	0.0061077556666	0.0034116379949	0.0001030372629	0.0011458491151	0.0096590527357	-0.0138883263272
 NA19700	0.0266213578559	0.0015875118840	0.0030960533153	0.0031461834737	0.0050610542109	0.0033327893689	-0.0040338344119	0.0109182444936	0.0046071257480	-0.0150970430100
 NA19701	0.0273559873132	0.0001438814574	0.0019285689993	-0.0004159713481	0.0033559457029	0.0024457608441	-0.0035218462507	0.0111185081172	-0.0033060396740	-0.0010850694908
 NA19703	0.0280375595442	0.0006588329565	0.0018861647037	0.0033144673230	0.0039786520210	0.0021530316456	-0.0056198432195	0.0097884589229	0.0062979803764	0.0086878437479
 NA19704	0.0280705652289	0.0006408227879	0.0009323323757	0.0014648266201	0.0027430732682	0.0044218430512	-0.0006361498833	0.0078407155548	0.0006830087445	-0.0008571846901
 NA19707	0.0219026180368	0.0038137279698	0.0031740047616	0.0043935283280	0.0038108030495	0.0051869620730	-0.0072640457314	0.0023567946772	0.0043227360290	-0.0135984888944
 NA19711	0.0298445155192	-0.0002157366015	0.0026103277498	0.0023735697900	0.0027563001721	0.0024983848212	-0.0015915394872	0.0075709247437	0.0024192175301	-0.0052125145447
 NA19712	0.0297051664722	-0.0009626306911	0.0011628725012	0.0009048384837	0.0032337844967	0.0032812202545	0.0003860748323	0.0114840709083	-0.0038695258684	-0.0081774944599
 NA19713	0.0229505818607	0.0041665640270	0.0028343071528	0.0062553825495	-0.0008898080715	-0.0001633364448	-0.0052971474033	0.0117462253893	0.0055117734620	-0.0126846492858
 NA19716	-0.0109862854664	0.0022747775126	0.0319833945755	-0.0403415678993	-0.0062876798691	-0.0033858478450	0.0030759748991	-0.0020969306473	-0.0080525948799	0.0043326006891
 NA19717	-0.0117073247943	0.0016765310763	0.0334913689500	-0.0469448370343	-0.0071468201470	-0.0009192031457	0.0006376113110	-0.0006159099635	-0.0016999371743	0.0125148340534
 NA19719	-0.0099408386062	0.0080625520101	0.0271000570917	-0.0262575170242	-0.0091237458880	-0.0085193607210	0.0047021072765	0.0022047039485	-0.0031127973482	0.0110910266459
 NA19720	-0.0113728789453	-0.0014931264957	0.0375876813902	-0.0509180241970	-0.0014930137777	0.0009795831366	-0.0002096007068	0.0002646159379	-0.0009609091831	0.0089750198789
 NA19722	-0.0107013257270	0.0058811204601	0.0278113426550	-0.0311664630213	-0.0066149701570	-0.0031610087266	0.0004837766574	-0.0018801097409	-0.0035886128904	0.0055506852072
 NA19723	-0.0090630161680	0.0039498674530	0.0289828779501	-0.0352153647229	-0.0042769907114	0.0001582259666	0.0022957977191	-0.0022978003198	0.0015535860060	0.0010804966079
 NA19725	-0.0104790611475	0.0117608554423	0.0249521337322	-0.0185300995349	-0.0104172248359	-0.0065535732395	-0.0010747054538	-0.0002808696538	-0.0005705283634	-0.0015944429708
 NA19726	-0.0131343415352	0.0007517286084	0.0352698851740	-0.0465583058672	-0.0043150463500	0.0016749426197	0.0006668100289	0.0017988101405	-0.0007943392325	0.0045435833508
 NA19728	-0.0152248010377	-0.0117269758275	0.0468923363040	-0.0794835788589	0.0091515446298	0.0069210784522	-0.0003846507201	-0.0029563454620	-0.0041687438306	0.0012188423896
 NA19729	-0.0145144867253	-0.0109559577071	0.0476480530032	-0.0767548668675	0.0085392188173	0.0081209322807	-0.0017044090189	-0.0014816365602	-0.0037974411641	-0.0076799416493
 NA19731	-0.0153612963561	-0.0130884915072	0.0487128080937	-0.0842302249745	0.0079350692291	0.0050097717206	-0.0001516024487	-0.0005005913346	0.0062998640758	0.0066137642684
 NA19732	-0.0154395696570	-0.0125733408657	0.0498714844897	-0.0828448812260	0.0109083047448	0.0092955715325	-0.0027054083095	0.0011248940121	-0.0008967789915	0.0033549370883
 NA19734	-0.0130836507055	0.0006246106573	0.0356796743570	-0.0491132470742	0.0013357065367	0.0023877259622	0.0011188621878	0.0007544878489	-0.0077219892799	0.0099344271893
 NA19735	-0.0140345836277	-0.0091497054865	0.0439337790534	-0.0724754977105	0.0044336915837	0.0041861129392	-0.0008339040224	-0.0012779942500	0.0004475790019	0.0062424480420
 NA19740	-0.0130531373205	-0.0061160932726	0.0415402883100	-0.0609050390260	0.0067494146385	-0.0011775457169	-0.0015173223687	0.0003726568991	-0.0018627964578	-0.0004346796165
 NA19741	-0.0141068186014	-0.0080388924814	0.0444559506085	-0.0693472330924	0.0047630691312	0.0013578661491	0.0000227510905	0.0011492905699	-0.0039874164614	0.0109115012777
 NA19746	-0.0125776938248	-0.0027369280914	0.0375896371756	-0.0543406772783	0.0009930551775	-0.0024134600976	-0.0004418300844	-0.0001073764912	0.0000777851879	0.0053400641575
 NA19747	-0.0119709496052	0.0041552765930	0.0311797890846	-0.0370755039199	-0.0045087360427	-0.0013721327465	0.0008545468418	0.0020229448863	-0.0057728223029	-0.0012057550173
 NA19749	-0.0111357129506	0.0076866992248	0.0216902211854	-0.0171054400272	-0.0067702662488	0.0003470444347	0.0009906557833	0.0015879134256	0.0056644235058	-0.0021102429141
 NA19750	-0.0106133093221	0.0138037957142	0.0220501481691	-0.0121806295147	-0.0116825149417	-0.0086567263504	-0.0005998140251	0.0022119698843	-0.0113994847297	0.0132432412171
 NA19752	-0.0120100414718	0.0043909998131	0.0308757977749	-0.0362162940981	-0.0047458544215	-0.0010282674293	-0.0008739490707	-0.0032227314013	-0.0038880116054	0.0074610128696
 NA19755	-0.0116069642834	-0.0028018495273	0.0373180963530	-0.0536104692499	-0.0018104300312	0.0005796477433	-0.0000679717753	-0.0000555649393	-0.0025005871136	0.0146245558143
 NA19756	-0.0099653071115	0.0043602492543	0.0285180757179	-0.0331965456013	-0.0040431771591	-0.0029275518845	0.0027462252376	-0.0047118435170	0.0001150082092	0.0058351027917
 NA19758	-0.0136141559921	-0.0057302101714	0.0410234430514	-0.0631599419386	0.0053901728043	0.0047308989812	-0.0015799575715	0.0007243709503	0.0000298919592	-0.0018065997853
 NA19759	-0.0131839778088	-0.0049359644848	0.0394486270973	-0.0609024983577	0.0035308604998	0.0049870960536	0.0013729367492	0.0014979416954	-0.0039044440230	-0.0009243894904
 NA19761	-0.0108331982994	0.0023565558866	0.0321297123820	-0.0403233744832	-0.0052245937058	-0.0053750866693	0.0020879001416	0.0008965296893	0.0010375091253	0.0172677342948
 NA19762	-0.0105157032392	-0.0000317521331	0.0348282912734	-0.0487754917929	-0.0017312503004	0.0009879776819	0.0012266043298	-0.0016398013985	0.0003232430553	0.0101058930590
 NA19764	-0.0102165320905	0.0093471781942	0.0262640146489	-0.0224089830597	-0.0131335934734	-0.0043901953953	0.0005792853844	0.0019465267041	-0.0021698797467	-0.0083591721866
 NA19770	-0.0100768437028	0.0084890061242	0.0263460793831	-0.0249311869547	-0.0047831990150	-0.0054516440764	0.0010493487759	0.0000438934383	-0.0040865731194	-0.0018357814121
 NA19771	-0.0108142476901	0.0048401455541	0.0310614805237	-0.0357305641714	-0.0049219311491	-0.0108683757108	0.0003385725895	-0.0007222696122	-0.0020269504384	0.0060795329179
 NA19773	-0.0112404083146	0.0102051573186	0.0242576572200	-0.0211190950595	-0.0124831722582	-0.0099171124514	0.0017373424923	0.0014798676743	-0.0013970649777	0.0001999757858
 NA19774	-0.0104406550590	0.0056300104514	0.0294097124423	-0.0333093952272	-0.0039593383384	-0.0016373805378	-0.0010404678711	-0.0029752520231	0.0027863681347	0.0106689682911
 NA19776	-0.0083904749430	0.0057768912917	0.0281515234967	-0.0310096211516	-0.0087276983636	-0.0014791857221	0.0021187630794	-0.0020639105294	-0.0029333734444	0.0051324233690
 NA19777	-0.0088860952686	0.0063113080034	0.0277529357975	-0.0300319048618	-0.0097399086646	-0.0055350879487	0.0015765842218	-0.0002083345065	-0.0044816963539	0.0116234800671
 NA19779	-0.0102158312816	0.0127841387125	0.0208921966280	-0.0150877278271	-0.0132986457317	-0.0085441781382	-0.0001705892596	0.0018144785985	-0.0054750824510	0.0016143641430
 NA19780	-0.0106600778531	0.0110897070704	0.0267235295823	-0.0226432787370	-0.0121308526198	-0.0054115958305	0.0021198192724	-0.0005617739516	-0.0031498868624	0.0090114033523
 NA19782	-0.0100474801695	0.0061675537105	0.0279396052814	-0.0309033559737	-0.0077762768841	-0.0027147352249	0.0005779209341	-0.0011840780951	-0.0029784293580	-0.0012677594921
 NA19783	-0.0135774853360	-0.0036989205515	0.0405080898727	-0.0601733418665	-0.0020251287915	0.0003633369636	0.0024297291954	-0.0004079347395	0.0017184273985	0.0010406210478
 NA19785	-0.0117674464888	-0.0029315972498	0.0386832959622	-0.0555850228057	-0.0015226312907	0.0038767128575	0.0000620303686	-0.0002157649708	0.0061728154062	0.0044706481469
 NA19786	-0.0116197351010	0.0017278882289	0.0323560918245	-0.0430746707606	-0.0078925020280	-0.0037809722880	0.0016565266364	0.0003852993117	-0.0054534510581	-0.0012074545983
 NA19788	-0.0114492132548	-0.0014047692541	0.0356265384061	-0.0507484290683	-0.0024258402772	-0.0024712565823	-0.0029606833731	-0.0002566263341	-0.0071576841500	0.0044651794355
 NA19789	-0.0098260556807	0.0062396222851	0.0252278481234	-0.0301628118853	-0.0084743359242	-0.0076870704257	0.0017086766495	-0.0007275334144	0.0027028846074	0.0027488036351
 NA19792	-0.0097925282249	0.0114228792384	0.0213320431011	-0.0172573402771	-0.0121886172823	-0.0078504123337	0.0022270565806	0.0008617144716	-0.0038039657718	0.0054394826706
 NA19794	-0.0105858967532	0.0134709841520	0.0230865121442	-0.0143001269326	-0.0172516647231	-0.0061985884343	0.0035233050740	0.0002954783575	-0.0058034138664	0.0070300552126
 NA19795	-0.0101167375946	0.0056429627725	0.0292448805594	-0.0340916417204	-0.0069385909491	-0.0023055830733	0.0022693514432	-0.0014707892765	-0.0073234426337	0.0109698789124
 NA19818	0.0221773943714	0.0039387037076	0.0026284460555	0.0034833475111	0.0048017242997	0.0028861772192	-0.0043834162718	0.0183909700489	0.0097285322993	-0.0123032004145
 NA19819	0.0220469524241	0.0044966888263	0.0030009007339	0.0032564350037	0.0055033178247	0.0023163377947	-0.0043577161330	0.0029838281501	0.0034847169227	-0.0171228693749
 NA19834	0.0232992191808	0.0042256209024	0.0031459183515	0.0051152845211	0.0050023314527	0.0036708567332	-0.0009873229307	0.0070622569101	0.0081233581802	-0.0032609612755
 NA19835	0.0269987138050	0.0003831517096	0.0017949346679	0.0041640089423	0.0048307217242	0.0026150913773	-0.0127434743776	0.0093136102597	0.0075335754160	-0.0103464969300
 NA19900	0.0267561855370	0.0010150987225	0.0013648706806	0.0034240438010	0.0040820346008	0.0026951169786	-0.0019415256246	0.0050243505179	0.0044323350305	0.0023436404018
 NA19901	0.0305009572691	-0.0012283605216	0.0015879027800	-0.0001561252668	0.0014310726499	0.0002886824680	-0.0026233755576	0.0018008993280	0.0006857393126	-0.0040270999511
 NA19904	0.0262458491518	0.0014917235326	0.0029078642590	0.0028745737855	0.0040884992977	0.0014874928475	-0.0031253420776	0.0094156051989	0.0054803317158	-0.0002862554169
 NA19908	0.0298421142646	-0.0005971728175	0.0028045728082	0.0018079933258	0.0003359787232	0.0048611138207	-0.0097308171214	0.0153937818255	0.0064009298733	0.0042293669085
 NA19909	0.0292012069454	-0.0006683843041	0.0023863976447	-0.0010793078588	0.0005988548299	0.0012744960346	-0.0021488971307	0.0115406613802	0.0039315130930	-0.0048546499688
 NA19914	0.0210936051156	0.0053657682709	0.0028706526557	0.0058463673784	-0.0005569118924	0.0021464443496	-0.0033740129742	0.0110294535822	0.0078507763045	-0.0073525395458
 NA19916	0.0298292132999	-0.0007441087537	0.0009355625240	0.0018504219321	0.0024970565632	0.0028353544012	-0.0026968045149	0.0037717659181	-0.0048580467688	-0.0020860488723
 NA19917	0.0306586064472	-0.0008382551037	0.0021021048350	0.0013432528051	0.0036446794670	0.0036154298630	0.0015261154821	0.0053936294407	0.0020196607166	0.0036014272687
 NA19920	0.0307348357296	-0.0009857683669	0.0012897097039	0.0014513888643	0.0020015546458	-0.0011456280073	-0.0023898958999	0.0078613913840	0.0067628999522	-0.0082125729059
 NA19921	0.0149498104606	0.0044499316407	0.0073590845868	-0.0016095941560	0.0033496266564	0.0059005005824	-0.0023205643968	0.0013548954467	-0.0003431554592	-0.0144561130025
 NA19922	0.0212427344652	0.0048219701352	0.0040305217715	0.0046083477962	0.0049231261369	0.0025454521485	-0.0044001676784	0.0084451869702	0.0122918356109	-0.0246464744831
 NA19923	0.0170036093548	0.0083019016296	0.0031493329208	0.0069235482705	0.0013736976661	0.0039662716951	-0.0031531323174	0.0043310152569	0.0091983883861	-0.0095080535819
 NA19982	0.0292095965750	-0.0005620442432	0.0020140509789	0.0025559023081	0.0037762593350	0.0028209881861	-0.0049390483994	0.0092238029427	0.0069609417017	-0.0068702456452
 NA19984	0.0287273082016	0.0001419681231	0.0008252418369	0.0009460986006	0.0003286564589	0.0033382392620	-0.0101106550623	0.0058159590013	0.0095760643609	-0.0028948203326
 NA20126	0.0208554732880	0.0046223592797	0.0038853026923	0.0059861641067	0.0048809304399	0.0048348904345	-0.0005598023435	0.0055707747965	0.0103477035337	-0.0207889816107
 NA20127	0.0307712035021	-0.0011313942648	0.0016635436231	0.0016772614097	0.0013602994704	0.0015313017830	-0.0026755952929	0.0023581751435	0.0093681481523	0.0002718283135
 NA20276	0.0263065200827	0.0017811913035	0.0020185400099	0.0042863429877	-0.0003685011731	0.0009704081247	-0.0066010772800	0.0030390013306	0.0037883124586	-0.0039647084749
 NA20278	0.0112032644699	0.0123159757580	0.0057614878560	0.0096404043370	0.0035548081154	0.0015334765190	-0.0030705746267	0.0060802336491	0.0038129919498	-0.0028860286441
 NA20281	0.0273777363673	0.0005999210854	0.0015205017884	0.0034030353868	0.0001814988933	0.0039895996819	-0.0115918855673	0.0107620783208	-0.0059873951996	-0.0068538098330
 NA20282	0.0222794319833	0.0037014781767	0.0039247560406	0.0037382305317	0.0017688013610	0.0034683410648	-0.0019337985957	0.0050396093601	-0.0013653984091	-0.0100540073762
 NA20287	0.0267669565620	0.0009855032432	0.0022980474168	0.0027755457648	0.0004479131165	0.0015862715190	-0.0046569218145	0.0068823718241	0.0004764908002	0.0016263963448
 NA20289	0.0251154824156	0.0026637474373	0.0020339679263	0.0040189118333	0.0006427432127	0.0008920713092	-0.0050424792733	0.0110982576847	0.0056268785123	-0.0082675353087
 NA20291	0.0339766930938	-0.0031556227106	0.0003073301329	0.0003373624068	0.0012355286457	0.0001739036391	0.0050665089305	0.0084691447862	-0.0011006133483	0.0071052999728
 NA20294	0.0284578400321	0.0001489014197	0.0018576671952	0.0022514107215	0.0033934445062	0.0036037064362	-0.0099623198033	0.0093289721582	-0.0064041310343	-0.0076602409577
 NA20296	0.0243968556480	0.0017916086446	0.0030610580405	0.0042466545374	-0.0021134719247	0.0010458007077	-0.0009678502333	0.0037465397785	-0.0019493932675	-0.0155368255971
 NA20298	0.0314328250969	-0.0026372343221	0.0012150241749	0.0002584271617	0.0001066489958	0.0038986308771	-0.0062304437650	0.0117384262501	0.0022495085945	-0.0086491959735
 NA20299	0.0064571650043	-0.0047570792724	0.0223808584542	-0.0326311273236	0.0136920497920	0.0018398994818	0.0003022729067	0.0060392258652	0.0005099615958	0.0058278446354
 NA20314	-0.0137425758214	-0.0005513424556	0.0338322733032	-0.0454692869794	0.0126707957240	0.0030314574844	-0.0003583783421	0.0013900267541	0.0048947841008	-0.0063998971664
 NA20317	0.0218246563614	0.0053756163566	0.0032051959252	0.0047814127426	-0.0006154040286	0.0020734608639	-0.0017943980210	0.0098098272042	0.0043814132702	-0.0205574789123
 NA20320	0.0291879494264	-0.0013322032693	0.0020857497029	0.0010471976223	0.0023478914615	0.0019299680486	-0.0081763373369	0.0127054010713	0.0065627855118	-0.0004320635189
 NA20332	0.0248006105821	0.0023484774874	0.0023117951407	0.0038007127402	0.0011573879509	0.0014194533056	-0.0122704832379	0.0129059943229	0.0064610519074	-0.0033977931646
 NA20334	0.0186125836988	0.0070638144686	0.0036225739666	0.0059849724922	0.0040879554617	0.0035929693872	-0.0033219721275	0.0078520524376	0.0131849429643	-0.0134924303219
 NA20339	0.0286397910702	-0.0013397992042	0.0035105689978	-0.0023683021351	0.0001489207088	0.0021901559452	-0.0039588180939	0.0065019873782	-0.0029524540509	-0.0069733232981
 NA20340	0.0276878574892	0.0002780971252	0.0021799387230	0.0029540796549	0.0008717187718	0.0018288273294	-0.0072297719032	0.0142779178177	0.0012946473705	-0.0002354223337
 NA20342	0.0166851638113	0.0072999775173	0.0052448837110	0.0072401088399	0.0010347876405	-0.0014562114236	-0.0063204042794	0.0088967149067	0.0033034795976	-0.0011739139707
 NA20346	0.0269804460888	-0.0000948687909	0.0023637657482	0.0026434330475	0.0016659463019	0.0018226443098	0.0012694189952	0.0112003896050	-0.0036597531118	-0.0090000127055
 NA20348	0.0275538022893	0.0002550207799	0.0017560421512	0.0030772157692	0.0028959742943	0.0014993319001	0.0006514302659	0.0039729955855	0.0033727946283	-0.0039222965640
 NA20351	0.0196488116759	0.0055074013953	0.0033659101484	0.0059447023899	0.0001907565390	0.0023338619065	-0.0103948071665	0.0138634786624	0.0000254579516	-0.0090853649369
 NA20356	0.0289872537425	-0.0002100419894	0.0013022533907	0.0015254720632	-0.0003097126757	-0.0049956774417	-0.0035951158775	0.0035007911567	0.0013507705237	-0.0095301277952
 NA20357	0.0298468121078	-0.0012668115395	0.0010131777408	0.0010583264300	0.0012420845663	0.0023256157350	-0.0089487065322	0.0093748234659	-0.0024515442009	-0.0086105228297
 NA20359	0.0234851904421	0.0032252449249	0.0042303304355	0.0036808254793	0.0032512262972	0.0057695050720	-0.0019438424502	0.0060788990495	0.0016483416326	-0.0269226319777
 NA20412	0.0239006054945	0.0018063563434	0.0038659321179	0.0005654170799	0.0039249071790	0.0025519813360	-0.0044101653705	0.0118697609471	0.0115192791248	-0.0090863549425
 NA20502	-0.0106102724163	0.0267843108823	0.0064818340271	0.0183622910821	-0.0287967765706	-0.0191304759403	-0.0002205125777	0.0037738074800	0.0002254647593	-0.0065742065937
 NA20503	-0.0108463068907	0.0269689474481	0.0077058353988	0.0185942912172	-0.0246549167727	-0.0173977794155	-0.0022255259772	0.0029422697626	-0.0017066045144	-0.0040639442516
 NA20504	-0.0108263794059	0.0261658557492	0.0070696765605	0.0175977264545	-0.0288533633459	-0.0174941435554	0.0005065169290	0.0014146687449	0.0099108803755	0.0016136348788
 NA20505	-0.0103766778359	0.0275516386108	0.0088350469112	0.0185330173535	-0.0232409812448	-0.0185363217271	-0.0024945050032	0.0020389571267	0.0011876260991	-0.0080929603171
 NA20506	-0.0108766349811	0.0263638955521	0.0067417843163	0.0182071051368	-0.0269039732150	-0.0202920640956	-0.0024973920461	0.0014838276639	0.0154973835654	-0.0070515728043
 NA20507	-0.0105737484054	0.0268448903368	0.0067477804160	0.0180869527900	-0.0262116171545	-0.0133179561423	0.0000011103728	0.0011888372356	-0.0035765047462	-0.0068629253064
 NA20508	-0.0105720768342	0.0267893331435	0.0066182440101	0.0168488303110	-0.0266139452746	-0.0193539083194	0.0000857240265	0.0001608766506	0.0017872159808	-0.0099171919021
 NA20509	-0.0103041100449	0.0269315044592	0.0072531112579	0.0176000547992	-0.0294884835840	-0.0218104502482	-0.0006855442450	0.0023677614402	-0.0004064886696	0.0084016325751
 NA20510	-0.0104760912749	0.0265314109623	0.0074281026936	0.0179678363638	-0.0250089204417	-0.0182892433549	-0.0000032398509	0.0023675209101	-0.0046469145265	0.0011372907388
 NA20511	-0.0106677049838	0.0264760395471	0.0072987229577	0.0175364723312	-0.0285720769218	-0.0156005047903	0.0028054247518	0.0040428215497	0.0100438819474	-0.0090514663020
 NA20512	-0.0107671073967	0.0267500949106	0.0078446794395	0.0187914335418	-0.0303267184041	-0.0182937591161	0.0029617061241	0.0045463690189	-0.0063297079220	-0.0001066306811
 NA20513	-0.0106067367206	0.0261613140101	0.0069807496666	0.0186402377678	-0.0301845700968	-0.0207840339435	0.0015226892010	0.0038379809215	0.0124277192341	-0.0097354929473
 NA20514	-0.0108332682550	0.0265516673273	0.0065910161805	0.0184345586643	-0.0277338464133	-0.0191492166165	-0.0006103481367	0.0009085098973	-0.0045454618348	0.0021196962312
 NA20515	-0.0107135632234	0.0268460638620	0.0075316401040	0.0178804902363	-0.0250695373326	-0.0158176725844	-0.0006658571354	0.0038505884917	-0.0007314847538	-0.0015015275694
 NA20516	-0.0109360220166	0.0263341066449	0.0070894996590	0.0193417643291	-0.0314295059389	-0.0166730036282	0.0002071127291	0.0055459868104	0.0011973929632	-0.0063877436817
 NA20517	-0.0107745260855	0.0270063238422	0.0085891136008	0.0187218302785	-0.0270049630787	-0.0204543096032	0.0012382374509	0.0005616180729	-0.0014638156461	0.0029098045040
 NA20518	-0.0105793382249	0.0269227602968	0.0085978906069	0.0177591690007	-0.0245454033184	-0.0180922876716	0.0013752890091	0.0057391296449	-0.0000705145717	-0.0026292628858
 NA20519	-0.0103551001732	0.0267083503264	0.0073274350063	0.0188266314411	-0.0294793683924	-0.0194143452129	-0.0028303211904	0.0011036097156	-0.0035272060226	-0.0059591926935
 NA20520	-0.0104756849272	0.0264611116697	0.0076742053467	0.0203678414975	-0.0272841977322	-0.0167503811970	-0.0016106116054	0.0032613089486	-0.0006692755157	0.0024847953814
 NA20521	-0.0103622397985	0.0275388738013	0.0068501140085	0.0184416151935	-0.0300529685985	-0.0224233702223	-0.0001260509851	0.0039140093866	-0.0050592343926	0.0070734960242
 NA20522	-0.0106660324862	0.0266416796542	0.0079152297520	0.0169832223467	-0.0281060290476	-0.0204130344115	0.0015084345380	0.0049758924186	-0.0113906524664	-0.0052639760639
 NA20524	-0.0107124467723	0.0266198696560	0.0078522712538	0.0201803357431	-0.0230530198727	-0.0152220666477	-0.0001235860720	0.0026477677266	-0.0039076846871	0.0107802576693
 NA20525	-0.0104286742091	0.0270698248533	0.0063682696220	0.0196571070559	-0.0289438736753	-0.0197091600528	0.0001025744319	0.0029553863265	0.0015335505134	-0.0080198202041
 NA20527	-0.0106521359068	0.0269458908499	0.0080696052457	0.0174363869672	-0.0243113854027	-0.0192047847133	0.0007704663784	0.0033814288835	0.0018919703133	-0.0004959153693
 NA20528	-0.0105158746551	0.0262677568954	0.0071139058742	0.0192712478411	-0.0295054010585	-0.0193648658698	-0.0016316782909	0.0052065806558	0.0091736816531	0.0076852477243
 NA20529	-0.0101955994168	0.0268022492756	0.0081648583414	0.0190093361740	-0.0313590280435	-0.0201812691083	-0.0002228619347	0.0011532998237	0.0039228545324	0.0027027270057
 NA20530	-0.0106168915518	0.0266780247860	0.0086861437374	0.0187885070499	-0.0244813501642	-0.0182602008403	0.0015374589639	0.0002447589112	0.0072710340832	0.0046812775123
 NA20531	-0.0106851213968	0.0266826448435	0.0074301350342	0.0192261259973	-0.0298153570215	-0.0172534834192	-0.0014432880600	0.0014947889102	0.0010356443185	0.0068473024581
 NA20532	-0.0105231874089	0.0266323472194	0.0077532535625	0.0185275956179	-0.0330295207102	-0.0181970550991	-0.0004686114111	0.0027317467644	-0.0024843198000	0.0064935240978
 NA20533	-0.0105846622286	0.0272861279919	0.0077287687936	0.0176879249290	-0.0319154576926	-0.0175747929848	0.0019902122773	0.0028362684528	0.0069289627324	-0.0069512759199
 NA20534	-0.0105648750903	0.0270523164213	0.0075502648452	0.0183521019222	-0.0294609371420	-0.0151553024455	0.0015502220792	0.0033115242965	0.0004878698807	-0.0040296434489
 NA20535	-0.0106407874619	0.0271957697279	0.0088918984499	0.0191819431651	-0.0254987488312	-0.0178611713905	-0.0013996764687	0.0033746317313	0.0010936812171	-0.0017476907574
 NA20536	-0.0104092246256	0.0267753049409	0.0078336095519	0.0184902613582	-0.0266230422322	-0.0170216492573	-0.0020642790334	0.0019708797888	-0.0093467992057	-0.0126292556254
 NA20538	-0.0102295390084	0.0267494921584	0.0083680891264	0.0183010241302	-0.0316667694093	-0.0230241987463	-0.0005638516756	0.0055872214172	-0.0098116113942	0.0070881129674
 NA20539	-0.0104237509229	0.0269919278111	0.0074910034567	0.0178366489463	-0.0305623517367	-0.0217833269954	0.0019248136417	0.0016236333127	-0.0028518974514	-0.0111194474742
 NA20540	-0.0107267331632	0.0273008013575	0.0082543944734	0.0178822741504	-0.0271429291784	-0.0163684469930	0.0029695784738	0.0027915369713	-0.0014715663167	-0.0000410021893
 NA20541	-0.0104663066967	0.0268811990129	0.0086425814454	0.0190483480770	-0.0269583676400	-0.0196178729801	0.0006436597135	0.0057324099987	0.0170827128989	-0.0086392519100
 NA20542	-0.0106547717891	0.0262327367726	0.0078672508733	0.0196796372884	-0.0274800241307	-0.0160647811781	0.0010668795288	0.0037729794693	0.0038904854209	-0.0047922568889
 NA20543	-0.0103160580894	0.0270567787307	0.0082017379662	0.0191317421507	-0.0293718353434	-0.0194035195186	-0.0001326269707	-0.0005888725173	0.0061801189216	-0.0130514281836
 NA20544	-0.0105208743672	0.0267935595778	0.0071992963491	0.0185333605667	-0.0271909878569	-0.0183022404005	0.0024593455566	0.0019800777738	0.0052184900880	-0.0048634508263
 NA20581	-0.0105963196413	0.0272636581880	0.0074399141011	0.0186485722286	-0.0273087013376	-0.0214219054642	-0.0011767404273	0.0044813721388	0.0017516108196	0.0027411153004
 NA20582	-0.0104889547882	0.0270745173970	0.0081183455388	0.0187917877244	-0.0246781908625	-0.0182233334107	0.0008940635116	-0.0003818004013	0.0051342512959	-0.0013057682624
 NA20585	-0.0105472584027	0.0266058045923	0.0089892094150	0.0197126528922	-0.0269755179133	-0.0174726053386	-0.0006802048521	0.0064772799540	0.0008286030415	-0.0017534164373
 NA20586	-0.0103802212400	0.0274299233962	0.0079678014074	0.0188334458234	-0.0293301787026	-0.0187925402385	-0.0008075890137	0.0006903812071	-0.0063937562664	-0.0006582321195
 NA20587	-0.0105289824479	0.0269900359292	0.0067516761020	0.0200892475722	-0.0248786747543	-0.0159098449207	0.0007762239630	0.0009279452478	-0.0031121719699	0.0010113021541
 NA20588	-0.0105292583121	0.0269460966660	0.0069786299917	0.0195177061420	-0.0279001036197	-0.0177610420664	0.0005051640035	0.0055313895066	0.0035720345916	-0.0207239110681
 NA20589	-0.0103294325091	0.0265396083103	0.0072176351984	0.0187310497033	-0.0299094313307	-0.0210495695667	-0.0013589445080	-0.0003055359674	0.0000511148538	-0.0054000182239
 NA20752	-0.0104236334423	0.0269721053861	0.0066148951073	0.0181105622660	-0.0296222216397	-0.0230417391562	0.0008839952121	0.0019426137899	-0.0023729746364	0.0025876408312
 NA20753	-0.0103745751862	0.0262842273256	0.0073896884345	0.0196855394234	-0.0276105319589	-0.0190139851910	-0.0019984763443	-0.0017262375355	-0.0001752714494	0.0070142174969
 NA20754	-0.0104114045726	0.0264492180699	0.0081376951229	0.0178201829185	-0.0278893981505	-0.0182456462182	0.0000748607462	0.0024296652708	-0.0013818618003	0.0043210363950
 NA20755	-0.0104520506271	0.0276254160737	0.0067147524562	0.0187894575804	-0.0278817405874	-0.0198764258953	-0.0011668294828	0.0050462437341	0.0042198830740	-0.0011409629151
 NA20756	-0.0103476835542	0.0264664370854	0.0074592075333	0.0192211612484	-0.0251318710827	-0.0167175050489	-0.0001690053978	0.0034265209686	-0.0085688299506	0.0060165051601
 NA20757	-0.0102130961682	0.0264246345921	0.0073796449640	0.0192339161876	-0.0273606939616	-0.0217218049466	0.0007909064165	0.0029350937265	-0.0068288514366	0.0027664899327
 NA20758	-0.0103153930865	0.0268875431644	0.0057338394936	0.0186583376105	-0.0236265015087	-0.0167671165219	0.0004649484034	0.0049678662758	0.0006928236162	-0.0047644989910
 NA20759	-0.0106417408864	0.0270528099400	0.0074584072553	0.0186527648965	-0.0280099486003	-0.0169472142824	0.0015504809409	0.0028222765504	-0.0002678513742	-0.0074369418160
 NA20760	-0.0107253686864	0.0265566792701	0.0079720080395	0.0197467367644	-0.0223409910384	-0.0148841131419	0.0003475226504	-0.0012379369028	0.0128094024772	-0.0081348786552
 NA20761	-0.0106223523527	0.0267571417105	0.0067339838917	0.0189904201228	-0.0265802707864	-0.0168556332714	-0.0005818368296	0.0054720439000	0.0016028079910	0.0018699562593
 NA20762	-0.0102754396034	0.0272192664092	0.0065454061007	0.0194656129176	-0.0297009755863	-0.0177484217060	0.0000660141748	0.0015206009659	-0.0029987407673	0.0034756373749
 NA20763	-0.0108913821755	0.0268971576137	0.0074022576960	0.0197928888193	-0.0248995362050	-0.0165067393104	0.0007369165821	0.0008692691743	-0.0019360239313	0.0037353229402
 NA20764	-0.0104001633506	0.0271348797493	0.0087042990474	0.0198165481976	-0.0251814802741	-0.0201974914220	0.0010533312638	0.0026623473971	-0.0058134523369	-0.0068262567500
 NA20765	-0.0104323029350	0.0271102546641	0.0062847827687	0.0195738960299	-0.0279794125489	-0.0212982482134	0.0017454055430	0.0033672980773	-0.0039834629298	0.0055846896483
 NA20766	-0.0102327230371	0.0269159101343	0.0059637970618	0.0164205330502	-0.0238440951575	-0.0167358900355	0.0015402597408	0.0043814898936	0.0023096409274	0.0059243564350
 NA20767	-0.0104217189229	0.0265855330025	0.0080633405958	0.0190365502330	-0.0279581496203	-0.0147640893731	-0.0018618529531	0.0048023543521	-0.0006771479495	0.0015624332231
 NA20768	-0.0106315433625	0.0270514014214	0.0068560179589	0.0186861435078	-0.0282714480645	-0.0176495238855	-0.0004931871179	0.0032772595965	0.0099172857206	0.0004911629485
 NA20769	-0.0104536888545	0.0274280245516	0.0080547198442	0.0184886767488	-0.0274564635223	-0.0140946855838	0.0030629522722	0.0023486872300	-0.0031442505653	0.0101360913090
 NA20770	-0.0105687635362	0.0265697183101	0.0070877115278	0.0171211172933	-0.0313065498668	-0.0167652733536	0.0015424667739	0.0020296903110	0.0000776260133	-0.0069782712115
 NA20771	-0.0104901030861	0.0275526262976	0.0066739144501	0.0183243555483	-0.0257037087992	-0.0229696225245	-0.0002752073285	0.0027726272620	0.0031744015856	0.0014617919579
 NA20772	-0.0104264033705	0.0268718351120	0.0076019248870	0.0186804510103	-0.0271821356162	-0.0244774864337	0.0002775336228	0.0011541995422	0.0021564835025	0.0050976336545
 NA20773	-0.0107667803065	0.0265624835893	0.0060789193406	0.0185279346307	-0.0245772589092	-0.0165021453216	0.0006584279181	0.0051255118153	0.0053103639062	0.0000309451516
 NA20774	-0.0104709271754	0.0271532796556	0.0064810432590	0.0180761832070	-0.0298561256847	-0.0207149659366	0.0008292160531	0.0046897553218	0.0062465198625	-0.0008006737238
 NA20775	-0.0104801878491	0.0267419636339	0.0068627209546	0.0180440747429	-0.0238437765838	-0.0207731092137	0.0001027717561	0.0025752462647	-0.0049901801164	0.0044707839893
 NA20778	-0.0106897540860	0.0270859290737	0.0077536057820	0.0194818382271	-0.0225261502659	-0.0187878055077	0.0005675010097	0.0045313585986	-0.0055641647407	-0.0008877404624
 NA20783	-0.0104270338818	0.0268489673929	0.0074151837643	0.0184181444021	-0.0267416668837	-0.0214582377112	-0.0027374273905	0.0038584431432	0.0099496156712	-0.0095160225338
 NA20785	-0.0106653804210	0.0262104976058	0.0083087639915	0.0183750906510	-0.0258987576487	-0.0163994593096	-0.0004111973010	0.0016247745181	-0.0058267651605	-0.0061473021688
 NA20786	-0.0104404755242	0.0266037381947	0.0069787628381	0.0168249002400	-0.0297100703047	-0.0210747809763	0.0005994692326	0.0030539706747	-0.0008064803295	-0.0025367248402
 NA20787	-0.0100190013613	0.0269411745266	0.0069137326919	0.0185939139256	-0.0319836531856	-0.0217623320878	0.0003598309595	0.0027769238861	-0.0061707495029	0.0061380647054
 NA20790	-0.0104698252462	0.0275045282167	0.0077240607597	0.0191587896513	-0.0246321567303	-0.0184605799299	0.0016823084944	0.0059119073970	0.0043214865167	0.0038931021785
 NA20792	-0.0107239254398	0.0267798516489	0.0078875892391	0.0177187669981	-0.0286811256656	-0.0169767787549	-0.0003892408313	0.0050132185718	-0.0014992004193	-0.0045118570579
 NA20795	-0.0102848114615	0.0269551402177	0.0082660277317	0.0185239240396	-0.0323127826445	-0.0195702995384	-0.0008495761379	0.0018388463039	0.0058163269861	0.0089975613347
 NA20796	-0.0105171923330	0.0271024294509	0.0079648355794	0.0179635956097	-0.0289090156027	-0.0174821449554	-0.0008939473524	0.0000619458333	0.0080519143075	0.0024127956123
 NA20797	-0.0102555553322	0.0265554199998	0.0067536789947	0.0185492670017	-0.0288951349623	-0.0181281715673	0.0006292844374	0.0017750037822	-0.0022827498214	0.0037743602660
 NA20798	-0.0105985037339	0.0267598452622	0.0073138753011	0.0180675630295	-0.0266488485059	-0.0215718614261	0.0017038255181	0.0062696255905	0.0041061350687	-0.0002347158350
 NA20799	-0.0106817341747	0.0272124816438	0.0081674671427	0.0197293440479	-0.0348964992126	-0.0203177570258	0.0006299114919	0.0030007701468	0.0051975668510	-0.0014923864959
 NA20800	-0.0105239209040	0.0272647418901	0.0075423599824	0.0183068855582	-0.0305469993868	-0.0182790265979	0.0014649122260	0.0030972684938	-0.0003061400504	-0.0013859817911
 NA20801	-0.0106211335790	0.0275001851339	0.0085011471955	0.0183352407561	-0.0247087800948	-0.0178967018036	-0.0013544030850	0.0029620999029	-0.0035905969116	0.0126218867826
 NA20802	-0.0103197326492	0.0270062968658	0.0089749550351	0.0208820342640	-0.0299928800896	-0.0204423141780	-0.0007622545197	0.0091439585975	0.0037907868381	-0.0021949376666
 NA20803	-0.0107088550523	0.0276116855574	0.0076137236923	0.0185213643295	-0.0257970050641	-0.0146022448132	0.0027490252356	0.0062412533946	-0.0003776556307	-0.0060062047473
 NA20804	-0.0103125235868	0.0266165032796	0.0079016822869	0.0192179186020	-0.0266818050573	-0.0197278529737	-0.0000481185355	0.0007082748101	0.0033438719992	-0.0006452887437
 NA20805	-0.0105337262569	0.0273466957597	0.0083155529138	0.0195170648425	-0.0318819336378	-0.0169107428730	0.0007692847796	0.0059945268074	-0.0046802707770	0.0075992349704
 NA20806	-0.0104968771752	0.0272838442280	0.0081603092046	0.0181368701501	-0.0302177691086	-0.0199469162400	-0.0006493280522	0.0048140063717	-0.0010791899784	0.0069817609749
 NA20807	-0.0106943452525	0.0270220005184	0.0069506014073	0.0192022800823	-0.0262653325823	-0.0156449239358	0.0028101818672	0.0014990439302	0.0005753338875	-0.0082350489198
 NA20808	-0.0105679151621	0.0265898749612	0.0081327473702	0.0193155234219	-0.0270742436772	-0.0211833715138	0.0008996642601	0.0026757192394	-0.0010179538399	0.0040633982587
 NA20809	-0.0105133511210	0.0266922066818	0.0066911839956	0.0198878745092	-0.0264337820132	-0.0187047361238	0.0020468339857	0.0004833935699	0.0028001071746	-0.0080216591949
 NA20810	-0.0102720457316	0.0271266712236	0.0084301680724	0.0177493750149	-0.0309191075577	-0.0212813825464	-0.0012978550934	0.0013127226751	-0.0039527570968	-0.0002862166842
 NA20811	-0.0102662394737	0.0277770424940	0.0071577242838	0.0159485427669	-0.0284606783960	-0.0156386166887	0.0018551046003	0.0012386749647	0.0037720399140	-0.0022559172565
 NA20812	-0.0108870732066	0.0266288835852	0.0088468867911	0.0178290041850	-0.0274377848126	-0.0214081417099	0.0016705038040	0.0047685817839	0.0020522952603	-0.0053441101099
 NA20813	-0.0106310454915	0.0270918557256	0.0070318772279	0.0170973427983	-0.0287606685215	-0.0155440943202	-0.0003415830915	0.0016629752263	0.0057662378018	-0.0019982147441
 NA20814	-0.0103371997494	0.0265279859046	0.0070267299778	0.0185758272921	-0.0269779932711	-0.0180674458776	0.0002946049365	0.0016210470949	-0.0010814239491	0.0087439004497
 NA20815	-0.0103152307353	0.0271140467373	0.0083048015117	0.0195245174851	-0.0292171368423	-0.0151425980326	0.0024006168977	0.0038865018507	-0.0037841601433	-0.0001490879601
 NA20818	-0.0108927081503	0.0264729812585	0.0070257995049	0.0179885482340	-0.0297609440498	-0.0176786584961	-0.0009021803953	0.0041190794866	0.0104451558061	-0.0062926005023
 NA20819	-0.0109546559305	0.0256369872050	0.0068913871036	0.0173816091751	-0.0217221611776	-0.0125176316084	-0.0005426785386	0.0022245038676	0.0004095072420	0.0088880339681
 NA20821	-0.0103703778251	0.0262124193759	0.0074263652782	0.0167502429925	-0.0273584684281	-0.0166577585734	-0.0000544220894	0.0013393579564	0.0076149292184	0.0088699307654
 NA20822	-0.0103947977001	0.0266832856342	0.0082090010702	0.0186664035365	-0.0252496591265	-0.0177776171708	0.0004718283609	0.0028530122104	-0.0006156968262	-0.0007839685454
 NA20826	-0.0104564514810	0.0272684570520	0.0065522352622	0.0187063615366	-0.0283384582449	-0.0142271567808	-0.0002373282998	0.0004907519284	0.0061393389878	-0.0084097781721
 NA20827	-0.0105079455642	0.0271099021720	0.0074277604119	0.0188934950445	-0.0246382239382	-0.0173159345623	0.0001604443760	0.0021370063157	0.0048171990099	-0.0024646418528
 NA20828	-0.0103989612515	0.0269667955946	0.0073242581091	0.0172758457367	-0.0315540782152	-0.0209683184737	-0.0002840943265	0.0035685023566	0.0019245964171	-0.0039004661117
 NA20832	-0.0103507571058	0.0269905420807	0.0072303188919	0.0185847741201	-0.0294955086947	-0.0194032343367	0.0014089197960	0.0045770121095	-0.0037678136378	0.0009190784315
 NA20845	-0.0105577607829	0.0085913148063	-0.0313518378974	-0.0136945719647	0.0025145388355	0.0009757081211	0.0005483677179	0.0015950101180	0.0166842641773	-0.0128870306262
 NA20846	-0.0108784144630	0.0092425794156	-0.0306967704798	-0.0119895531954	0.0034592773396	0.0018631692111	-0.0001708927215	0.0030383687798	0.0218723098285	-0.0042224732585
 NA20847	-0.0105982172747	0.0068759888135	-0.0382929657521	-0.0179855515825	0.0001035029660	0.0027593171397	0.0009716313543	0.0018136241096	0.1042052549836	0.0476959789633
 NA20849	-0.0106886466226	0.0064672281332	-0.0377365924920	-0.0176066270135	0.0036308509209	0.0023878273101	0.0013740099878	0.0028864425212	0.0980277923108	0.0439393766914
 NA20850	-0.0111495196806	0.0111648866662	-0.0258234997580	-0.0094206154934	0.0060139509009	0.0011966896615	0.0004109036152	0.0033952447042	0.0190662388437	-0.0054420659919
 NA20851	-0.0106124359096	0.0066645783915	-0.0380680301192	-0.0168556193052	0.0040131610591	-0.0003730680128	0.0009135648341	0.0009853356856	0.1021713556054	0.0425450356315
 NA20852	-0.0108796623980	0.0086649596398	-0.0327042867507	-0.0135038136730	0.0061054558569	0.0012202980623	-0.0008031343000	0.0008769399206	0.0167745151372	-0.0062294919243
 NA20853	-0.0108252626653	0.0061993926775	-0.0372557878823	-0.0182959260014	0.0044531855768	0.0030521761767	-0.0013325403857	-0.0000977511346	0.0941847540664	0.0358911054835
 NA20854	-0.0107366367649	0.0095403187500	-0.0311840851459	-0.0122429164815	0.0033959087787	0.0032633099788	-0.0006115507181	-0.0003328868257	0.0114904600926	-0.0046005970213
 NA20856	-0.0106643027411	0.0078354344381	-0.0378686853418	-0.0161871703182	0.0034681513754	0.0053183138215	-0.0003656103484	0.0012167628984	0.0968973512465	0.0360848025816
 NA20858	-0.0108113063214	0.0126428758703	-0.0239599142684	-0.0093637540960	0.0004372343014	0.0027692136334	-0.0023182897113	0.0034660234934	0.0208499293230	-0.0145114889715
 NA20859	-0.0108108446493	0.0066622230083	-0.0388432189088	-0.0166640806496	0.0018382369294	-0.0018616477694	-0.0007107274573	0.0009849578266	0.1017871801525	0.0478514555908
 NA20861	-0.0107579629943	0.0063431663519	-0.0384724857051	-0.0182787982993	0.0038626898612	-0.0014022319182	0.0007528820355	0.0011160867542	0.0940242237233	0.0331967291199
 NA20862	-0.0111908352865	0.0120266420463	-0.0252668045832	-0.0100288128309	0.0061822084723	0.0047680340891	0.0012936408486	0.0029476223002	0.0166062635063	-0.0148973775944
 NA20863	-0.0105775951966	0.0065908483065	-0.0381644404768	-0.0165149401306	0.0015673973833	-0.0020534494654	-0.0001189860139	-0.0002575961731	0.0939700261483	0.0460047170851
 NA20864	-0.0107823407200	0.0102601105378	-0.0288444271806	-0.0123365023016	0.0003690159564	-0.0022672275126	0.0005666072037	0.0013817667472	-0.0036368137724	-0.0120631133247
 NA20866	-0.0106222646681	0.0085440320822	-0.0330734189011	-0.0132849421629	0.0022895963518	0.0021291200795	-0.0001151738627	-0.0004646941816	0.0161491840316	-0.0063222533217
 NA20867	-0.0108262366464	0.0072941163390	-0.0376407643964	-0.0173896206057	0.0044404623089	-0.0000322797111	0.0018348081511	-0.0000774152282	0.0848747566234	0.0400723171933
 NA20868	-0.0106836128275	0.0063204968356	-0.0390583780179	-0.0187100813879	0.0030361359711	-0.0005466228632	-0.0006682040182	-0.0010267662866	0.1007702638752	0.0435179743539
 NA20869	-0.0106964480493	0.0067252068500	-0.0371977491933	-0.0180924223650	0.0007353397322	0.0014526295853	0.0008579769361	0.0004123944072	0.1042930012009	0.0448798151289
 NA20870	-0.0107657083151	0.0128604036605	-0.0235146879500	-0.0077803954419	0.0007171183611	-0.0010146056078	0.0009434907559	-0.0000002264037	0.0040663263382	-0.0141989932143
 NA20872	-0.0106568970502	0.0117037184649	-0.0269280149080	-0.0105282187825	-0.0024189090929	-0.0012942377206	0.0000490560120	0.0025831758428	0.0172138422360	-0.0111408603098
 NA20874	-0.0104333166248	0.0080419799499	-0.0321128384652	-0.0129841210775	0.0020176330909	0.0003688161867	-0.0024306375461	0.0026354642373	0.0009066061269	-0.0025037956305
 NA20875	-0.0108567179342	0.0072531598235	-0.0386783384105	-0.0169100883921	0.0051722350154	0.0017432876618	0.0006223421790	0.0029613707481	0.0968011117890	0.0392064473666
 NA20876	-0.0106535373568	0.0071758312597	-0.0369844018109	-0.0180111105646	0.0015606006382	-0.0014383591125	-0.0015845841233	0.0023359790454	0.0943317802832	0.0388768602161
 NA20877	-0.0105148436480	0.0073919412454	-0.0375282173615	-0.0175360696503	0.0053528768577	0.0017101534761	-0.0004067142168	-0.0003691455235	0.1028855864153	0.0443225110230
 NA20878	-0.0112140635994	0.0064395665522	-0.0385344873197	-0.0177083619904	0.0000551220644	-0.0010192833309	0.0005492726044	0.0010063929112	0.1023940529017	0.0320488249294
 NA20881	-0.0105315470919	0.0115569289247	-0.0280948763700	-0.0106966871941	0.0039191931886	-0.0001061138336	-0.0012029106299	-0.0042245152790	-0.0002950077092	-0.0087992733108
 NA20882	-0.0107241883457	0.0100437218151	-0.0281112999714	-0.0113407300818	0.0043379945178	0.0006765081883	-0.0024240542975	0.0002747959799	0.0024480599756	-0.0134109565779
 NA20884	-0.0105176224585	0.0058884175367	-0.0389062984679	-0.0177716967178	0.0052722751489	0.0001246339046	0.0005822736299	-0.0014202664934	0.0916298296804	0.0403997680658
 NA20885	-0.0110128970563	0.0095077346229	-0.0288961352100	-0.0115905471135	0.0041176118094	0.0026497153112	0.0004759523427	0.0024461951704	0.0018414761513	-0.0165640128926
 NA20886	-0.0108359802096	0.0104513152972	-0.0279083054969	-0.0107794393582	0.0051304381700	0.0001957132789	-0.0042914301450	0.0039913681956	0.0175992294512	-0.0209907669706
 NA20887	-0.0106692914367	0.0075930478508	-0.0342111818272	-0.0145365864857	0.0016950594573	0.0007249335908	0.0005814612553	-0.0002549315737	0.0054508435073	-0.0046392649598
 NA20888	-0.0109345839087	0.0067149460442	-0.0376931581108	-0.0174286144899	0.0033504540592	-0.0053651472428	0.0008508981037	0.0018242185223	0.0961904836895	0.0505141485046
 NA20889	-0.0107978809219	0.0079131344446	-0.0378321497658	-0.0166656499359	0.0032389189875	-0.0013496367415	-0.0004581084004	0.0033753204799	0.0951081887331	0.0336462620500
 NA20890	-0.0104618180902	0.0100352797286	-0.0271704073061	-0.0120333682980	0.0047048241224	0.0007534262227	0.0007621331131	0.0006576033393	-0.0019424995177	-0.0215744023749
 NA20891	-0.0108272803275	0.0101703439352	-0.0293783764221	-0.0113550003855	0.0020842233409	0.0013477433321	0.0013988110882	0.0004897316533	-0.0003316527479	-0.0108622869617
 NA20892	-0.0107857986295	0.0070753448616	-0.0374650997462	-0.0170765925320	0.0004048992122	-0.0030968107002	0.0002907432254	0.0037020450020	0.0974626939529	0.0347402074848
 NA20894	-0.0105429299667	0.0092259427852	-0.0321626682054	-0.0124035020417	-0.0031258509887	0.0005155709191	0.0003432034689	0.0007612939203	0.0163333197110	-0.0080305289362
 NA20895	-0.0111416979962	0.0088169009218	-0.0318855025700	-0.0139377826124	0.0025480431583	0.0021597309342	0.0017284152002	0.0025336095009	0.0132537650293	0.0002785546098
 NA20896	-0.0110632724908	0.0062134713385	-0.0381315250002	-0.0174610733359	0.0017045412211	-0.0000301871561	0.0006432303509	0.0007205087332	0.0922087517559	0.0401737648818
 NA20897	-0.0106288816002	0.0039408481318	-0.0379367209603	-0.0174804553192	-0.0006096030045	-0.0029760007877	0.0019324228979	-0.0024306490794	-0.0188149608042	0.0059709003444
 NA20899	-0.0107337905238	0.0067438677247	-0.0380134564213	-0.0169047956312	0.0023673712639	0.0015341394142	0.0016808977671	0.0009609123116	0.0887490990709	0.0445215073224
 NA20901	-0.0106988451516	0.0075548942243	-0.0332200645785	-0.0160971384560	0.0025986068571	-0.0008656142246	-0.0003704185083	0.0016579099649	0.0079198941883	-0.0037467052567
 NA20902	-0.0107406558919	0.0060855335147	-0.0392960639077	-0.0190290974634	0.0025214557439	-0.0010763845175	0.0009772279654	0.0026137969258	0.1122206690023	0.0442723040438
 NA20903	-0.0107173132527	0.0081368427770	-0.0337571825224	-0.0140589987399	0.0029621983489	0.0005394648487	-0.0017570927249	0.0005335385035	0.0155773860935	-0.0049513046651
 NA20904	-0.0110486530414	0.0122645168030	-0.0242361662455	-0.0104639534443	0.0002293786103	0.0018802323418	0.0000225407569	0.0020089742745	0.0112796271103	-0.0077174049109
 NA20905	-0.0108539709638	0.0077665227106	-0.0353963204080	-0.0149913657702	0.0033252487688	0.0018174073506	-0.0022807014890	0.0013874893833	-0.0010439282219	0.0041073903307
 NA20906	-0.0105097322794	0.0050950836104	-0.0362673686478	-0.0168500169919	0.0003032139638	0.0004888727427	0.0017341621320	0.0019464774150	-0.0231052881868	-0.0071661192138
 NA20908	-0.0105737078741	0.0057014462281	-0.0368074066719	-0.0165152453901	0.0003142690692	0.0003901935077	0.0001474150309	-0.0010650915419	-0.0262400960415	-0.0070388359961
 NA20910	-0.0106300984285	0.0120094152439	-0.0259972856057	-0.0104530545266	0.0039209164666	0.0043780650753	0.0000790417282	-0.0030186723337	0.0158082255164	-0.0169522741380
 NA20911	-0.0107568631242	0.0063251547656	-0.0373027359317	-0.0167810216156	0.0019489737557	-0.0012640229181	-0.0008014938416	-0.0001699726976	0.0941035886265	0.0451093087339
 NA21086	-0.0108467882713	0.0064007556953	-0.0373214135894	-0.0163743510990	0.0031248265938	-0.0005179978746	0.0009301737705	-0.0014623557454	0.0785047491080	0.0291816271194
 NA21087	-0.0108735334686	0.0063719369697	-0.0379901951219	-0.0175170231838	0.0046231447217	0.0000159313886	0.0011428559760	0.0007960302454	0.0765389013278	0.0293925464817
 NA21088	-0.0109059084056	0.0069130693083	-0.0366969581563	-0.0170728196573	0.0050869307300	0.0015148427787	-0.0017747142612	-0.0014468360847	0.0931563967524	0.0337829909007
 NA21089	-0.0105564075917	0.0071310650176	-0.0386877907935	-0.0169621239207	0.0020921769846	-0.0038357242899	0.0017853735148	0.0047753816830	0.1074039244162	0.0416264508476
 NA21090	-0.0102654639302	0.0063395941634	-0.0403927709894	-0.0183975964493	0.0016451111142	0.0020238151124	0.0016709503178	0.0003525305098	0.0932448108985	0.0398075872940
 NA21091	-0.0105379170178	0.0072491975112	-0.0390485451854	-0.0151471516533	0.0062010026087	-0.0002954155430	-0.0020772187670	0.0018386474291	0.0913479300662	0.0318611044938
 NA21092	-0.0109780672525	0.0078048504412	-0.0329761733678	-0.0142784254769	-0.0012169218252	-0.0063013360883	-0.0001519220581	0.0014390849073	0.0090411632902	-0.0002910703288
 NA21093	-0.0107237933413	0.0066291513845	-0.0405496231384	-0.0176545275623	0.0012484763394	-0.0034477442503	0.0004715985496	0.0032613328973	0.1125142166846	0.0478730638914
 NA21094	-0.0105528617783	0.0064259564523	-0.0389829601714	-0.0182445816069	0.0000630977004	-0.0012850473058	-0.0000850945863	0.0008573501357	0.1075460147587	0.0440509386476
 NA21095	-0.0109562073945	0.0068111973380	-0.0366110056405	-0.0173912364882	0.0051630519708	0.0050255651641	-0.0000700318469	-0.0003411690207	0.0006515651632	0.0020143331317
 NA21097	-0.0105997317913	0.0080008119704	-0.0338324360108	-0.0157583384571	0.0013824216890	-0.0019630629475	-0.0006655448515	0.0000971937336	0.0027512793909	-0.0012809615210
 NA21098	-0.0106984175165	0.0063058071707	-0.0375999959774	-0.0172460624277	0.0034253777261	0.0013121742110	0.0019930816469	-0.0001760074961	0.1059316560838	0.0389678897443
 NA21099	-0.0107789547004	0.0075668506180	-0.0364472025496	-0.0161034873671	0.0009206928895	0.0008853685546	0.0004791552951	-0.0014880375516	0.0967340147210	0.0442611938833
 NA21100	-0.0107229116716	0.0068626255516	-0.0386254573107	-0.0177428203453	0.0019591138901	-0.0011129503658	-0.0004307691760	0.0015606935046	0.1062724636245	0.0518318342896
 NA21101	-0.0108498409909	0.0065247862081	-0.0359907912724	-0.0166564426823	0.0026115114467	0.0009024750483	0.0015516378347	-0.0008917740496	0.0729065125676	0.0293084765223
 NA21102	-0.0105814453193	0.0074090321466	-0.0385980493560	-0.0177180503223	0.0042292736098	-0.0017528217684	0.0006317088877	0.0010818844705	0.0958052325809	0.0410074208468
 NA21103	-0.0105653083965	0.0064835704240	-0.0383241137543	-0.0176812600282	0.0007578502325	0.0028909647464	-0.0000686144588	0.0010685389899	0.1034842613267	0.0445627888129
 NA21104	-0.0106966374485	0.0064452604953	-0.0375979927896	-0.0183833435260	0.0042406878395	-0.0031825905339	0.0006722827155	0.0037305682043	0.1011969804657	0.0416652596949
 NA21105	-0.0108745611273	0.0072921856007	-0.0359356512561	-0.0152788355579	0.0056961384702	0.0009150542433	0.0001785332623	-0.0003368062311	0.0617138332129	0.0315590096409
 NA21106	-0.0105717427779	0.0064325460581	-0.0381318348236	-0.0171613614535	0.0048088508383	-0.0000444798216	-0.0002821552311	0.0000028162707	0.0992405592945	0.0449945697384
 NA21107	-0.0104712954674	0.0080737614929	-0.0380087328674	-0.0166928939339	0.0017064994377	0.0011239614490	-0.0018982529944	0.0040924524432	0.0992862616079	0.0453127042250
 NA21108	-0.0106324943323	0.0113062694291	-0.0273780488567	-0.0105472745979	0.0018740207827	0.0018179902099	-0.0012297194791	0.0007647561629	0.0285245101375	-0.0086899208023
 NA21109	-0.0104230180019	0.0068491382826	-0.0372746149216	-0.0169511742469	0.0014114292468	-0.0049748849275	0.0009263876988	0.0011994523255	0.0999016786880	0.0455206600507
 NA21110	-0.0107130240209	0.0071406145160	-0.0380117085590	-0.0165497851990	0.0018061941505	-0.0003334661673	-0.0003633510028	0.0024191534221	0.0952517365817	0.0458469953903
 NA21111	-0.0107928302020	0.0068325984974	-0.0364348679001	-0.0165989814885	0.0006595997262	-0.0008085496964	-0.0000099164167	-0.0005827734681	0.0885885790861	0.0371886028922
 NA21112	-0.0107967345464	0.0065528493759	-0.0380976384536	-0.0165288218108	0.0028890868693	0.0008123836950	-0.0011952916671	0.0009868800607	0.0889468761635	0.0456743900707
 NA21113	-0.0106821011214	0.0066341516241	-0.0385067629681	-0.0167093411070	0.0015212674356	-0.0034994316861	0.0001177080747	0.0007426164037	0.0950915798629	0.0428875425848
 NA21114	-0.0106815709236	0.0076204642172	-0.0361622256580	-0.0164304385820	0.0005675730656	-0.0001852277445	0.0005046560687	0.0026669983786	0.0842411961659	0.0383208575627
 NA21115	-0.0107466822296	0.0071871076208	-0.0380713751651	-0.0175723608119	0.0022300063851	0.0002027526603	-0.0003604799028	0.0025195975261	0.0982021886747	0.0483117369312
 NA21116	-0.0109317876157	0.0070809234037	-0.0337578381163	-0.0159247051157	0.0007008859870	0.0033446489271	0.0011266522218	0.0018890521873	0.0155487017277	0.0023711372430
 NA21117	-0.0106358771945	0.0064365916178	-0.0364489041752	-0.0160432893116	0.0071863990156	0.0004433835601	-0.0000348416709	0.0036825553989	0.0885289361531	0.0334032076048
 NA21118	-0.0107664925447	0.0067936116401	-0.0391871872317	-0.0169437366117	-0.0013222829995	0.0022341543202	-0.0001149702660	-0.0022060592118	0.1005653977107	0.0480018081858
 NA21119	-0.0105747356422	0.0067818149081	-0.0396428878419	-0.0171323805425	-0.0030086920249	-0.0027315019402	-0.0009783478977	0.0020015001687	0.1136214279586	0.0450141865837
 NA21120	-0.0107026415382	0.0080691326359	-0.0332113317896	-0.0144904674035	-0.0027837167526	0.0003437967088	0.0013819226773	-0.0018602311451	-0.0065072776953	-0.0017700048532
 NA21122	-0.0105983392059	0.0070082005555	-0.0382731920088	-0.0154362089956	0.0029182697764	-0.0001446330855	-0.0011949149223	-0.0000784041013	0.1074115163955	0.0480788029107
 NA21123	-0.0104024234318	0.0070450723335	-0.0382632799210	-0.0175766202758	0.0019964897630	-0.0037359348547	-0.0015731154160	0.0017972652494	0.0932026791170	0.0435734690360
 NA21124	-0.0108951639769	0.0066147166101	-0.0376006206160	-0.0171265679869	0.0031262730899	-0.0002079112425	0.0004219525354	0.0021965870139	0.0962659126777	0.0378319111986
 NA21125	-0.0109470489010	0.0067710389193	-0.0377254149079	-0.0164931331581	0.0071276318924	-0.0020419093899	-0.0000507361854	0.0003291227716	0.1002563615837	0.0450695213801
 NA21126	-0.0107372611086	0.0068621395001	-0.0383371976413	-0.0171383429160	0.0003924017980	0.0007843353329	0.0009237877830	0.0022144220690	0.1010463928582	0.0397306995558
 NA21127	-0.0104039608117	0.0066065924459	-0.0385743277374	-0.0173217924772	0.0024928582760	0.0002734702482	0.0005287627003	0.0025499592987	0.1009289464756	0.0406849506893
 NA21128	-0.0107318929298	0.0068999082585	-0.0375964472605	-0.0175566719221	0.0037609697644	0.0034313263992	-0.0009214972054	0.0021723910900	0.0997449441596	0.0373358741436
 NA21129	-0.0110074360331	0.0059888072404	-0.0392064714781	-0.0175283039814	0.0048543329616	-0.0006853038844	0.0012559096727	0.0052997522003	0.1062120223497	0.0461777979356
 NA21130	-0.0108730651850	0.0075300247003	-0.0371373221957	-0.0158080065028	0.0045772675992	-0.0016622989499	0.0012113341142	0.0013116734222	0.0952038072259	0.0464307757074
 NA21133	-0.0108846373196	0.0067682740931	-0.0364660083447	-0.0172485796626	0.0029701069042	0.0031237698207	0.0016603842585	0.0001243271133	0.0952923824067	0.0500205645051
 NA21137	-0.0107136653120	0.0072203291042	-0.0368821708113	-0.0175685432793	0.0034929588280	0.0030242937021	0.0010779755186	0.0028123828986	0.0953164890972	0.0309792040296
 NA21141	-0.0107424723926	0.0069300237848	-0.0384142512447	-0.0175239937878	0.0038919083910	0.0052929413335	-0.0002536574565	0.0013557926027	0.1011396820934	0.0421969685781
 NA21142	-0.0108603349190	0.0065362313684	-0.0380017594333	-0.0169809378391	0.0026311052819	0.0003763138285	0.0001257473669	0.0036308547426	0.1059239778583	0.0407654803069
 NA21143	-0.0108192455384	0.0063006626591	-0.0395310180627	-0.0174783404836	0.0018196187555	0.0039784266009	-0.0004829997171	0.0035461007945	0.1008881506482	0.0460261554296
 NA21144	-0.0105342296046	0.0063469332702	-0.0387964856570	-0.0156970888656	0.0002029108107	0.0009327062632	0.0001681455981	-0.0009522856461	0.1033971284310	0.0465941566718
