-0.0114616439255   -0.0269505055053    0.0106567528185    0.0191890979516    0.0092713091083    0.0069114460571   -0.0002769604663   -0.0013579989852    0.0099204794925    0.0463687694422   
-0.0113540674592   -0.0274531261935    0.0099875143897    0.0179584827563    0.0083072256148    0.0069517777520   -0.0015770571502    0.0005714974044    0.0136637160297    0.0433985347349   
-0.0115332166106   -0.0273907970602    0.0109295390178    0.0174537020732    0.0130590725453    0.0091733404018    0.0016505452197   -0.0053621113968    0.0222694239833    0.0575970313380   
-0.0111745937274   -0.0274639914659    0.0102605846622    0.0175214878301    0.0055094832412    0.0051477604367    0.0011814854356   -0.0018333795402    0.0253725506354    0.0551755265301   
-0.0113405641018   -0.0269647715778    0.0112782782785    0.0184183543789    0.0105425349231    0.0074741728631    0.0001516181512   -0.0018826209933    0.0164414176049    0.0533395905985   
-0.0117474435725   -0.0270135258626    0.0096947772998    0.0174596365019    0.0150577859304    0.0073707317068    0.0007305384564   -0.0031377004504    0.0165388305911    0.0535660577117   
-0.0116685569425   -0.0270944576968    0.0106557439912    0.0191691176550    0.0088810923739    0.0068725997950   -0.0004496970873   -0.0013288161402    0.0207679838816    0.0392887802046   
-0.0113935798166   -0.0271920854858    0.0110789615797    0.0175165576984    0.0073224372910    0.0065379298751    0.0006788858736   -0.0027779194251    0.0179660679237    0.0349891722896   
-0.0118539574866   -0.0270909411406    0.0095310735787    0.0174616798398    0.0074848778482    0.0090868486709   -0.0019431610766   -0.0056279047149    0.0216848456858    0.0445288248436   
-0.0118302232871   -0.0272149398278    0.0119921696141    0.0186441556946    0.0131065804287    0.0108268407413    0.0022501123411   -0.0002200276342    0.0151240146375    0.0456352589673   
-0.0112398046539   -0.0270870604037    0.0110017962592    0.0187175711832    0.0104457946237    0.0117846991362   -0.0001277490192   -0.0010644437261    0.0159194748594    0.0382707307799   
-0.0113422050886   -0.0272135578156    0.0105621373036    0.0198725726490    0.0076589469750    0.0066802905414    0.0022207703584   -0.0039112925838    0.0180522885426    0.0479498344877   
-0.0117355751096   -0.0266696886430    0.0101384526442    0.0184811616317    0.0156046827833    0.0094713866449   -0.0008709728605   -0.0016819358139    0.0217085705656    0.0499144481936   
-0.0116483287978   -0.0271392927681    0.0095896818560    0.0158803695435    0.0126521831864    0.0088295307425    0.0008502306556   -0.0020135521571    0.0165753536954    0.0467621710792   
-0.0116502576611   -0.0269637574340    0.0095276991160    0.0177892591747    0.0090670789650    0.0086691898102    0.0003740204725    0.0005333258793    0.0117804337775    0.0448419010191   
-0.0114352928776   -0.0272637983451    0.0103943929863    0.0181448640937    0.0070638200884    0.0064153657462   -0.0003867752733   -0.0038656260900    0.0164649791563    0.0517249213588   
-0.0113515172961   -0.0272621393437    0.0113897305156    0.0192953027487    0.0118852315207    0.0058713879282    0.0012862958581   -0.0021903469462    0.0152693924680    0.0644782928251   
-0.0114911555112   -0.0273837162822    0.0095449876881    0.0187469065899    0.0063383083691    0.0073304589438   -0.0013588528546   -0.0006589554836    0.0144012737212    0.0316121956934   
-0.0117677699037   -0.0272179372497    0.0109243406279    0.0188954000245    0.0098825069637    0.0095824853379   -0.0011418901159   -0.0035754213888    0.0274021409630    0.0566422153344   
-0.0115948845490   -0.0273161055650    0.0100621979678    0.0184292136966    0.0108358950496    0.0089294529433    0.0000256148079   -0.0012535882162    0.0113706937176    0.0501166606508   
-0.0115906047214   -0.0271828790578    0.0109601565632    0.0166643694985    0.0081028445097    0.0068908320204    0.0031640660775   -0.0015970424458    0.0206232613627    0.0445418240618   
-0.0115928960864   -0.0269925693897    0.0109114459906    0.0187364239736    0.0079578525336    0.0080150420060    0.0004500169825   -0.0009004177654    0.0171588249343    0.0420732598676   
-0.0114858059770   -0.0275979421523    0.0107711396618    0.0197939180849    0.0142347047442    0.0096718477188    0.0006586938749   -0.0038534309064    0.0304795787474    0.0701405893880   
-0.0116769575358   -0.0276383082959    0.0095896646638    0.0183654734193    0.0176389597464    0.0092553815360    0.0001730249226   -0.0023306177833    0.0125646163292    0.0459263079449   
-0.0116446697364   -0.0269812233978    0.0117307193102    0.0180110266721    0.0092068655035    0.0078268839285   -0.0003553860156    0.0007435387153    0.0247442583877    0.0370867458986   
-0.0113740736851   -0.0272307891597    0.0095868129572    0.0169035087952    0.0106454201792    0.0068024586079    0.0009073260569    0.0020310249360    0.0278960086805    0.0429370545954   
-0.0114540886478   -0.0268442124282    0.0111748966843    0.0171272029922    0.0156272743134    0.0090733388393   -0.0010090712652   -0.0013234797011    0.0201332617431    0.0469850054379   
-0.0115364779060   -0.0280006732030    0.0109012045299    0.0185633830843    0.0095186741070    0.0009221662177    0.0001412679160   -0.0050723256289    0.0098350869187    0.0318257132408   
-0.0116360592969   -0.0275262720855    0.0097103040483    0.0182372533752    0.0041489934160    0.0058216505633   -0.0022539024987   -0.0032430153990    0.0156631782564    0.0364021449648   
-0.0112920729927   -0.0279816512838    0.0093684675380    0.0191552934362    0.0058472079363    0.0078870902216   -0.0001394409111   -0.0010857894138    0.0153469521261    0.0334974309962   
-0.0115654168515   -0.0275272343221    0.0108524033329    0.0174465726972    0.0151614240183    0.0076829264430   -0.0000175877623   -0.0014069209570    0.0078812106508    0.0289878104971   
-0.0110127341233   -0.0275328645696    0.0094225647312    0.0197319488279    0.0037830677006   -0.0006088375317   -0.0001488014110   -0.0004794008496   -0.0003235584517    0.0385420391975   
-0.0113507657454   -0.0273428713403    0.0094633245538    0.0184738085361    0.0086727690044    0.0082215863380   -0.0004145648661   -0.0002281811228    0.0107755090379    0.0323963711734   
-0.0115544433853   -0.0279532826311    0.0094954519588    0.0199224779040    0.0056940406431    0.0001833659767   -0.0006116221494   -0.0033386485145    0.0171767990299    0.0374950203677   
-0.0113589200079   -0.0275485336873    0.0100846432687    0.0186593314577    0.0029381784802    0.0060194642329   -0.0016282691307   -0.0038735552969    0.0144714149975    0.0381705317035   
-0.0116337107430   -0.0270213436106    0.0106185064571    0.0183051879191    0.0097023664735    0.0076233010312    0.0030631290358    0.0006576737164    0.0155792231058    0.0261002679353   
-0.0115670869424   -0.0274537009979    0.0097412092733    0.0186902996488    0.0064438903491    0.0054556630169    0.0025394444542   -0.0001975251137    0.0188249410774    0.0450965190228   
-0.0113594905322   -0.0277874920273    0.0104307131712    0.0185143055114    0.0088973702298    0.0071256986226    0.0015210751118   -0.0028037289941    0.0142169827567    0.0262424739538   
-0.0112362580090   -0.0276159143756    0.0102942973072    0.0188453667649    0.0089119527332    0.0024965321689   -0.0008003336514   -0.0004954188729    0.0109370847091    0.0236075445868   
-0.0116873617817   -0.0269731984168    0.0108888328783    0.0181931223262    0.0085590918916    0.0048432374178    0.0012742804003   -0.0028210166449    0.0085759792604    0.0434505643941   
-0.0117136502626   -0.0274584403107    0.0102284992335    0.0172635998701    0.0102950403905    0.0094786523646   -0.0008669535517   -0.0015768285162    0.0140879669724    0.0279489831243   
-0.0114092718730   -0.0278176837867    0.0094676911664    0.0191798941845    0.0059748123542    0.0054937689075    0.0003779758644   -0.0009647800607    0.0140822297035    0.0260691142576   
-0.0113064821236   -0.0278224698529    0.0102175970381    0.0175076505118    0.0050327531927    0.0055417986512   -0.0001992656129   -0.0015620179868    0.0106943481600    0.0272405010326   
-0.0114684302449   -0.0271847368618    0.0095103003371    0.0180356067798    0.0035855831707    0.0061604394698   -0.0007488442629   -0.0012799781989    0.0169580088168    0.0454864251972   
-0.0117652678063   -0.0276169962396    0.0114376998583    0.0198751072882    0.0035187525802    0.0090323672852    0.0017951654012   -0.0004514155991    0.0131057655718    0.0392690129889   
-0.0115143631463   -0.0276207481884    0.0104919677482    0.0184322540414    0.0076579459913    0.0074261772571    0.0017476547127   -0.0024173815756    0.0137297746297    0.0494732031302   
-0.0112830179263   -0.0278688762278    0.0116936787607    0.0193092162293    0.0090544965754    0.0074309080472   -0.0012298491241   -0.0017285888875    0.0200989635424    0.0299845717900   
-0.0116277468989   -0.0270782685379    0.0107668369642    0.0181405358003    0.0094196405554    0.0077923167272    0.0023790719566   -0.0028415328412    0.0102745113489    0.0383187598035   
-0.0115947795734   -0.0265904976422    0.0105959874819    0.0173099434923    0.0107053958116    0.0091646369412    0.0007150762780    0.0016898126531    0.0084792819377    0.0369464492398   
-0.0114076723986   -0.0284029856352    0.0104332705835    0.0186027285142    0.0087468052182    0.0033304287918   -0.0000368712874    0.0003554463945    0.0143079518219    0.0225173519943   
-0.0117625604637   -0.0271688206286    0.0107803334679    0.0169091161684    0.0081005669150    0.0077313729057   -0.0006436396225   -0.0058443921909    0.0171680779048    0.0302223365808   
-0.0113696757719   -0.0267862424551    0.0114816025134    0.0193282184419    0.0115796505868    0.0075883953186   -0.0000103323550   -0.0032148596801    0.0084290414158    0.0340170140850   
-0.0115022400095   -0.0261166578098    0.0116185709227    0.0156812788656    0.0085193137126    0.0061293704121   -0.0010394266739   -0.0009642652011    0.0155634298145    0.0350480264111   
-0.0113562793141   -0.0274988001029    0.0107581997424    0.0187215272824    0.0069303495721    0.0052861639840    0.0005308081460   -0.0032577353579    0.0192973329354    0.0386672225994   
-0.0115918413383   -0.0276740606578    0.0112413301182    0.0185758408993    0.0101975004102    0.0078721705795   -0.0002629318359   -0.0020191674274    0.0174109966221    0.0292500581354   
-0.0126023223899   -0.0224770095683    0.0129995022178    0.0159847057597    0.0792395454287    0.0440858530385    0.0000475048843    0.0118865085473   -0.0145217655111   -0.0442344553257   
-0.0122787837182   -0.0229398615663    0.0121203119335    0.0153564072558    0.0709262391038    0.0425014817256    0.0029287256939    0.0117483928105   -0.0159082667159   -0.0406669736550   
-0.0121025083204   -0.0244120287618    0.0125160682317    0.0171372670435    0.0555666642923    0.0317754056405    0.0021809225088    0.0074417280923   -0.0124398314322   -0.0232710990109   
-0.0122761069937   -0.0227356527825    0.0122084395237    0.0165281364976    0.0696837968010    0.0401595709286    0.0019502472382    0.0144763152185   -0.0167552142011   -0.0259796499519   
-0.0122635156860   -0.0217135752873    0.0123876355199    0.0155010728747    0.0745541680145    0.0395485431392    0.0021604597398    0.0126950474234   -0.0152103871971   -0.0429625953521   
-0.0121504277136   -0.0235651884997    0.0114676785070    0.0174725940863    0.0666861885151    0.0351264293597    0.0011819678143    0.0076428655493   -0.0136540323366   -0.0244859911171   
-0.0120807818226   -0.0226391342899    0.0112934559403    0.0160403417790    0.0693803366623    0.0408811709899    0.0000132475848    0.0132846930444   -0.0169183471299   -0.0198357176740   
-0.0120883431781   -0.0230534426708    0.0113818070761    0.0164150178584    0.0643893028598    0.0399969224064    0.0013818495329    0.0110256051614   -0.0098834159083   -0.0320449719321   
-0.0112158478738   -0.0235791473056    0.0095903080372    0.0168282351710    0.0444235348796    0.0232205833729   -0.0004936417146    0.0069775816995   -0.0113166578463   -0.0314289541981   
-0.0119568965047   -0.0226270596008    0.0125687314834    0.0143352435015    0.0724597730817    0.0420894708143    0.0024351860483    0.0115429508927   -0.0144476520521   -0.0295520339812   
-0.0122054611029   -0.0229903176420    0.0105712759119    0.0157221129868    0.0718306600301    0.0412367925125    0.0019395063347    0.0095326148651   -0.0150576730934   -0.0329713074053   
-0.0122406160773   -0.0221035763070    0.0109905861524    0.0167709173491    0.0764683367873    0.0449236090407   -0.0001137389379    0.0115316866458   -0.0213705872156   -0.0389020574817   
-0.0122372967618   -0.0230313702241    0.0119120457223    0.0160566880472    0.0728327726176    0.0437099792420    0.0023311519319    0.0134895178732   -0.0267928982423   -0.0464721475219   
-0.0117560459210   -0.0224531927836    0.0127905677637    0.0160618733773    0.0772462815333    0.0438530627108    0.0022250433419    0.0133233754494   -0.0255611434831   -0.0476012140566   
-0.0120660997224   -0.0237988553182    0.0110599993786    0.0159837537391    0.0670064057770    0.0345997797984    0.0014644988909    0.0073051027269   -0.0155946735806   -0.0354968806411   
-0.0121735560709   -0.0226465568424    0.0118757789716    0.0169569742185    0.0627284913875    0.0373457857939    0.0010864121023    0.0060701721806   -0.0114383339725   -0.0236977601570   
-0.0118100568537   -0.0240783389892    0.0104983368143    0.0169184723528    0.0535422025418    0.0344608510151    0.0015711445392    0.0070011467258   -0.0083097474418   -0.0153934043386   
-0.0116157001761   -0.0270362798863    0.0102319579493    0.0172622482870    0.0034813156567    0.0023564090729    0.0008494767496   -0.0036788497923    0.0153982907818    0.0437008572249   
-0.0114554362281   -0.0281310419564    0.0098304545303    0.0168398106282    0.0075782060490    0.0039485982257    0.0007728224629   -0.0030240152740    0.0247325565345    0.0432200336422   
-0.0112000561968   -0.0277997160359    0.0105386010570    0.0193499726379    0.0027049346308    0.0054997620558    0.0029809152427   -0.0019118130428    0.0093431731901    0.0327024359137   
-0.0115647456409   -0.0275865996553    0.0099052146936    0.0187560569312    0.0052645673145    0.0051008955132    0.0009029894726   -0.0020644725391    0.0171437216615    0.0372381068406   
-0.0114910229692   -0.0272670788274    0.0108044269303    0.0189847015794    0.0072009660981    0.0073956655452    0.0018075629707   -0.0027859570922    0.0159912350954    0.0404938877625   
-0.0109970157339   -0.0277286688979    0.0108229913311    0.0198791938807    0.0060985008393    0.0024205961983    0.0026405163381    0.0004991279353    0.0167601162011    0.0424613291266   
-0.0113557849261   -0.0270831963166    0.0097295718119    0.0189209867493    0.0069741023984    0.0076935466873    0.0016842213162   -0.0027353854199    0.0095421895434    0.0332084117431   
-0.0115348836695   -0.0269242900113    0.0099425320777    0.0178984242871    0.0032700367152    0.0052403049064    0.0004920655147   -0.0033489996024    0.0155973079790    0.0493532787027   
-0.0112704394434   -0.0279802374717    0.0098439493453    0.0189951304197    0.0098434607907    0.0074730557510    0.0026107532567   -0.0035757596589    0.0119676958348    0.0298736473019   
-0.0116051437990   -0.0274689739096    0.0100977300366    0.0177929382027    0.0057011638301    0.0088546144071    0.0012824163347   -0.0028140026698    0.0201695929641    0.0513241413601   
-0.0114171488064   -0.0270462977869    0.0116735990926    0.0174025923459    0.0064576126800    0.0049160138477    0.0014036906158   -0.0017432305904    0.0107876850525    0.0317266064009   
-0.0114852099430   -0.0274394921172    0.0098093359966    0.0171429543234    0.0061132825296    0.0037687219636   -0.0008253319056   -0.0029516684175    0.0151696660401    0.0251898722881   
-0.0113470283223   -0.0275146172206    0.0105842225468    0.0173993555951    0.0007390032315    0.0069823953004   -0.0002390875445   -0.0024710097350    0.0111149693186    0.0305563278876   
-0.0111327647202   -0.0271015544358    0.0101337115574    0.0190877605752    0.0069617863144    0.0063070786569   -0.0005379319505   -0.0010586511255    0.0083463375818    0.0301142969278   
-0.0113547023493   -0.0269706854024    0.0107080832628    0.0177165908367    0.0051248448754    0.0056482035472    0.0002395374510   -0.0040706413631    0.0042160961748    0.0284717133631   
-0.0116373406346   -0.0270783428531    0.0100049146883    0.0174958467691    0.0067583928790    0.0066323272614    0.0012525250684   -0.0002867126755    0.0156532738579    0.0405326754812   
-0.0114645134480   -0.0271831887961    0.0103155486272    0.0174933237425    0.0023399003348    0.0024537867080    0.0018943900538   -0.0029458753162    0.0175070726343    0.0487403946460   
-0.0115245921552   -0.0273296165908    0.0109285593521    0.0194200569947    0.0064114682337    0.0059482368287    0.0002389098877   -0.0019791361275    0.0123785835023    0.0287716988751   
-0.0114271287677   -0.0278796464918    0.0108286179070    0.0188267891549    0.0075679364169    0.0024208095389   -0.0010621414946   -0.0043541392806    0.0190643444634    0.0398037212459   
-0.0110297160209   -0.0273455926444    0.0107469730107    0.0182729702768    0.0021600462603    0.0063757834791   -0.0008256268730   -0.0017117538422    0.0097828667596    0.0362301294241   
-0.0114124076355   -0.0273272566856    0.0106565982000    0.0186671813999    0.0049631379752    0.0085948291077   -0.0000794719798   -0.0031040040862    0.0137327414930    0.0396022139746   
-0.0116715429706   -0.0276323488835    0.0098337962686    0.0189933263268    0.0088797233843    0.0049038592805   -0.0023709144532   -0.0012364458221    0.0096100492552    0.0362945339649   
-0.0113137416153   -0.0274098187060    0.0104390628694    0.0175434287674    0.0098352295001    0.0047946564137   -0.0012288541190   -0.0015624984415    0.0120699235070    0.0343630923054   
-0.0114906846667   -0.0272651820394    0.0116127924207    0.0192593128334    0.0060873456430    0.0075077978800    0.0003791390089   -0.0021541858487    0.0151320951132    0.0247666364385   
-0.0114196364241   -0.0275319108495    0.0103679826605    0.0190000749968    0.0043549267278    0.0038428780059    0.0020606988526   -0.0026204592162    0.0191242554019    0.0399640985218   
-0.0115512916561   -0.0277105468655    0.0116120100975    0.0182951130161    0.0097273832597    0.0105498334577    0.0008343046265    0.0012541340385    0.0122013682759    0.0245429733830   
-0.0113362141704   -0.0273963049659    0.0105189267213    0.0196728732870    0.0025339605050    0.0037308367647    0.0026088656245   -0.0007726551674    0.0129742389351    0.0420781088156   
-0.0117555933807   -0.0275138786854    0.0098060231848    0.0175861770760    0.0073586088948    0.0106918056956    0.0027555339039   -0.0033794604839    0.0219833654860    0.0373285378331   
-0.0116391462757   -0.0278273627648    0.0098201511982    0.0186088941532    0.0031053555910    0.0044977663401    0.0009339437558   -0.0034282571320    0.0041711033059    0.0437869334292   
-0.0113656735709   -0.0274036485374    0.0117384375766    0.0169554252085    0.0069439759312    0.0082073601296   -0.0013358428292   -0.0020814610101    0.0074254543267    0.0434329350600   
-0.0116865557947   -0.0283415239298    0.0109968117612    0.0190089260903    0.0081336206526    0.0082902104935    0.0003090283299   -0.0023175114394    0.0245917688692    0.0542664643226   
-0.0118313047304   -0.0229902047784    0.0112644835976    0.0168965350560    0.0687877075705    0.0424251594036    0.0019518094480    0.0144383725698   -0.0172736586896   -0.0346988255223   
-0.0122673712009   -0.0227674634700    0.0102327512854    0.0171173236285    0.0756588139861    0.0430212158581   -0.0001476821105    0.0124451178464   -0.0186668057465   -0.0314425767494   
-0.0118566923578   -0.0239692484042    0.0112291580113    0.0176388326307    0.0598342475221    0.0389085767954    0.0015228563625    0.0078261817183   -0.0020546955761   -0.0174609317250   
-0.0120078407012   -0.0232123225963    0.0108493701829    0.0153005815169    0.0794731319588    0.0489545120240    0.0029913970577    0.0130006534955   -0.0178690267305   -0.0487218980778   
-0.0121554195749   -0.0218648508011    0.0107012143483    0.0166986026294    0.0844898066970    0.0496162685614    0.0030048501010    0.0135214600489   -0.0286947786375   -0.0530314551971   
-0.0119746135005   -0.0219837621752    0.0099586748400    0.0155789334083    0.0785154728961    0.0501838662875    0.0012495828072    0.0104187751831   -0.0227015092009   -0.0362303758928   
-0.0121608028490   -0.0236212185759    0.0112494906053    0.0177662673723    0.0622882033439    0.0349284904738    0.0002462517635    0.0069465537123   -0.0054112386789   -0.0165738789949   
-0.0122655473938   -0.0243707669805    0.0123026859620    0.0173497381156    0.0666182677337    0.0395927111747    0.0017691893866    0.0079793491635   -0.0094152735364   -0.0283194503706   
-0.0119233089635   -0.0244080698047    0.0109907734344    0.0186621644673    0.0581555989733    0.0361481850955    0.0025176779193    0.0050310429131   -0.0208991754785   -0.0163404097038   
-0.0119156925347   -0.0232217882312    0.0120829212453    0.0151347745145    0.0729985219259    0.0412441732572    0.0023844730878    0.0132955779780   -0.0253210579538   -0.0359578859147   
-0.0121250675984   -0.0247528811726    0.0102573775342    0.0164480096516    0.0503249244497    0.0297941783255   -0.0004848718880    0.0043084125701   -0.0026280821868    0.0018450435868   
-0.0119860388006   -0.0232745483660    0.0110879272037    0.0151971960723    0.0750853549706    0.0461755648356    0.0050697547567    0.0112473648934   -0.0175854765590   -0.0406634707632   
-0.0120683110999   -0.0233292246242    0.0116809367620    0.0164469653843    0.0703975762095    0.0418178261557    0.0016250551318    0.0101062271405   -0.0159460771483   -0.0333096414278   
-0.0125004310467   -0.0230200984565    0.0122062768734    0.0152257116095    0.0672571784963    0.0417558372110    0.0015443144102    0.0087235404382   -0.0131479894993   -0.0361582050405   
-0.0120491878838   -0.0229244430298    0.0109399082238    0.0172796971473    0.0740432745530    0.0416302887891    0.0032388195389    0.0111085950341   -0.0173627999889   -0.0239083050333   
-0.0123121046088   -0.0236090442779    0.0113079046743    0.0166565039378    0.0682861634606    0.0410029821603    0.0014730314058    0.0100997819861   -0.0073407605359   -0.0291215585139   
-0.0122052508940   -0.0222298795163    0.0111611822259    0.0165439059746    0.0777518522810    0.0475371145407    0.0001215161385    0.0134314364688   -0.0179407207738   -0.0356878241159   
-0.0121803558759   -0.0232830656033    0.0098719372887    0.0150203346469    0.0817842200488    0.0462771016136    0.0022107645023    0.0157537821115   -0.0149244918971   -0.0476762997142   
-0.0124002691571   -0.0223635798035    0.0102594963184    0.0149451761822    0.0815221151183    0.0484669364698    0.0021294634623    0.0149754816372   -0.0156226339559   -0.0465480418350   
-0.0118942872400   -0.0236123624103    0.0111684178821    0.0162081813869    0.0800006641045    0.0493897823393    0.0026720442432    0.0127685486090   -0.0199517981865   -0.0459008272678   
-0.0120651954676   -0.0242430544459    0.0101796948020    0.0163725030871    0.0599998293589    0.0336869946406    0.0024932201281    0.0062866686149   -0.0005087502073   -0.0059250806099   
-0.0121010890306   -0.0228289975912    0.0114491342287    0.0162860942046    0.0672580171788    0.0442298189250    0.0032144057661    0.0074751137740   -0.0195362770031   -0.0402687579742   
-0.0120258162439   -0.0228084055844    0.0125351399430    0.0164995903322    0.0714579972199    0.0406806871288    0.0025521885420    0.0097458105525   -0.0070600978446   -0.0265532364949   
-0.0120666176853   -0.0246355774409    0.0115878612684    0.0175975934366    0.0625639996975    0.0351723361100    0.0014628551098    0.0058506040911   -0.0064662251859   -0.0092841985248   
-0.0121650395836   -0.0247748156969    0.0122197169700    0.0174580374438    0.0495851455718    0.0335785684585    0.0005879170620    0.0076105517413   -0.0076115322703   -0.0126995204054   
-0.0120998788201   -0.0227538829372    0.0121288953734    0.0169957296848    0.0738933126896    0.0421807546830    0.0001239160704    0.0119374270670   -0.0227433503908   -0.0416629003561   
-0.0120627705377   -0.0232224961700    0.0119357544997    0.0151727760624    0.0654024609437    0.0405741958296    0.0011122347714    0.0117355164634   -0.0172338347406   -0.0332621131303   
-0.0121158782985   -0.0242525325842    0.0114294603336    0.0168954016241    0.0678211636115    0.0380637939997    0.0017152197715    0.0104983661950   -0.0094548515186   -0.0192152143226   
-0.0120121183396   -0.0227242133152    0.0111649679389    0.0164405083228    0.0712693182646    0.0432074683002    0.0050454334638    0.0119379744718   -0.0174278985648   -0.0315299800537   
-0.0120796378548   -0.0234314355091    0.0116996188767    0.0163379928204    0.0597275403008    0.0386517797824    0.0031303917374    0.0110574022653   -0.0108381587070   -0.0202911947272   
-0.0122989679940   -0.0226754266156    0.0116493056562    0.0156606888021    0.0670905281835    0.0429771110513    0.0033040384689    0.0115976031309   -0.0213337934287   -0.0265410572255   
-0.0119673696244   -0.0229866201971    0.0112585927259    0.0171335021360    0.0791248553758    0.0489423016000    0.0016343846017    0.0134781907610   -0.0214025035390   -0.0437834823537   
-0.0120235199718   -0.0228915701760    0.0124210404316    0.0159454182126    0.0832714017187    0.0488677111686   -0.0000021117038    0.0119751731303   -0.0175352766236   -0.0516476862700   
-0.0126670599693   -0.0218609571395    0.0121755500475    0.0162085243191    0.0832308448763    0.0509152561655    0.0010931064085    0.0110541937795   -0.0144887266686   -0.0467311096463   
-0.0121957420313   -0.0232547672548    0.0127297067881    0.0167847542617    0.0723888670973    0.0406776094136    0.0032172706853    0.0121784819324   -0.0006517952820   -0.0360688063878   
-0.0122110353989   -0.0230056733470    0.0111274931028    0.0162213082241    0.0698710909539    0.0411595639960   -0.0008208563172    0.0143207701300   -0.0198225542311   -0.0357472399162   
-0.0121453734629   -0.0238828494111    0.0124663630058    0.0158811863912    0.0661501515701    0.0417043513955    0.0021155477058    0.0099254890977   -0.0200810467272   -0.0231232677311   
-0.0120409000352   -0.0243394580358    0.0108528353375    0.0165006773152    0.0597154368349    0.0344865622767    0.0012375493259    0.0069383438023   -0.0208426273017   -0.0272815029634   
-0.0119566912972   -0.0232432009024    0.0116598723756    0.0167219230010    0.0636214218898    0.0379589377030    0.0027935769464    0.0112947022250   -0.0072608946718   -0.0204719425671   
-0.0120763478012   -0.0238741877337    0.0122802658081    0.0157878438308    0.0622643995365    0.0356020401164    0.0008325710074    0.0101029700116   -0.0158276332088   -0.0172108528098   
-0.0119935956869   -0.0230513470159    0.0106934576130    0.0156279563153    0.0595458874494    0.0375498718218    0.0036108533518    0.0052667434210   -0.0153266285213   -0.0136087019985   
-0.0119854807891   -0.0244443306518    0.0127724838978    0.0170634883579    0.0603084942353    0.0386221911227    0.0019062911447    0.0090024880914   -0.0106345455516   -0.0255809263956   
-0.0122204450513   -0.0237018250791    0.0121426826402    0.0176920096886    0.0671960813097    0.0409770516761    0.0021675211456    0.0112428909835   -0.0116276230102   -0.0248366147332   
-0.0121306498831   -0.0228269976717    0.0111852615142    0.0161757425264    0.0710793602043    0.0376159208531    0.0027004050853    0.0109065959072   -0.0199195070859   -0.0404112399622   
-0.0120087081294   -0.0248697051848    0.0126293161378    0.0177665206005    0.0559089468038    0.0330317470571    0.0011458947391    0.0098165709797   -0.0034770028679   -0.0100592994794   
-0.0117739205572   -0.0239976375496    0.0113434821803    0.0176478408844    0.0712154076372    0.0449267631921    0.0012778998575    0.0097413845195   -0.0158665726081   -0.0258495830370   
-0.0122562621088   -0.0227708945725    0.0105956675170    0.0164568588332    0.0645398352990    0.0387715911952    0.0005681370290    0.0080973836915   -0.0014571703673   -0.0216541728068   
-0.0113357922136   -0.0236549937749    0.0090177780774    0.0150780300242    0.0426834443334    0.0257496608340    0.0016714927701    0.0077563801530   -0.0041551165105   -0.0139239261085   
-0.0124096720306   -0.0224999013425    0.0117599684912    0.0174218573325    0.0765890431069    0.0465149698975    0.0033478282626    0.0120103302475   -0.0214295408249   -0.0405236157656   
-0.0119436253549   -0.0234129368870    0.0122142353587    0.0168566591164    0.0741303992574    0.0446184921795    0.0026433852047    0.0131548756266   -0.0192943086447   -0.0319085296538   
-0.0120122359212   -0.0249171593388    0.0103788666560    0.0179996923058    0.0405674397113    0.0255392184227    0.0028975818278    0.0033030363498    0.0044045398553    0.0040143668871   
-0.0120213426447   -0.0235266349873    0.0117508800981    0.0175769182971    0.0702017101376    0.0413220047643   -0.0002592637537    0.0096014378688   -0.0118096750391   -0.0253748628102   
-0.0120446261445   -0.0239690848183    0.0127810746671    0.0156873973566    0.0607093422615    0.0378867368955    0.0026200778333    0.0096507672893   -0.0146538924546   -0.0241818221578   
-0.0120820877888   -0.0228643501549    0.0104072797585    0.0172356774429    0.0729748491997    0.0435757381315    0.0022808838243    0.0078897793044   -0.0111458899843   -0.0318436585374   
-0.0116097811501   -0.0251688976148    0.0118373999648    0.0181824958066    0.0443044198760    0.0287970230684    0.0018641127088    0.0073502955389    0.0030123625396    0.0002772775881   
-0.0118960988537   -0.0235850204482    0.0122495447244    0.0171694001419    0.0726704920665    0.0425403168017    0.0032924123228    0.0095490715017   -0.0164992264224   -0.0395889701935   
-0.0123999237359   -0.0234324902198    0.0116440965965    0.0175847560829    0.0671639404258    0.0443805195238    0.0024773677849    0.0127071773512   -0.0180864744086   -0.0253740755587   
-0.0121610991982   -0.0244978728898    0.0117027880012    0.0166894650739    0.0605314612284    0.0331497174570    0.0022983693783    0.0055628829886   -0.0047975449250   -0.0307651772956   
-0.0119549517896   -0.0237743297029    0.0118900323046    0.0166403587534    0.0684385473015    0.0391434538300    0.0022080533962    0.0117107431044   -0.0086937979596   -0.0203994459022   
-0.0122683621270   -0.0238823301139    0.0114817594655    0.0168002853067    0.0662109069494    0.0393560453824    0.0019742393369    0.0112699770248   -0.0157984590886   -0.0328080969990   
-0.0119616685261   -0.0225713406106    0.0131545040129    0.0160202265975    0.0875297700521    0.0549541516245   -0.0003239765306    0.0162513011329   -0.0210416615865   -0.0532624217244   
-0.0119100945372   -0.0242011806604    0.0103665573464    0.0173480409615    0.0638489445153    0.0386598696750   -0.0000066999268    0.0070912013467   -0.0139332891130   -0.0185377401256   
-0.0124013425439   -0.0221373899156    0.0106759517868    0.0153738796253    0.0834289569605    0.0481215018379    0.0019197145135    0.0109578897923   -0.0273230617582   -0.0405083439184   
-0.0119770145299   -0.0232347887495    0.0110475227229    0.0163031743437    0.0662311869193    0.0411718219802    0.0016865618090    0.0094206024171   -0.0101535175376   -0.0067186463766   
-0.0120946122569   -0.0232696229494    0.0124679594610    0.0170976651676    0.0685452586726    0.0426386380413    0.0001811248390    0.0085289413023   -0.0141854786741   -0.0310089953702   
-0.0120065414638   -0.0229603981842    0.0116601437212    0.0159806817825    0.0801942712278    0.0468505139662    0.0027121272581    0.0158575704396   -0.0214718923929   -0.0469797315193   
-0.0119895028070   -0.0227296423276    0.0107243144773    0.0142066236201    0.0659728178879    0.0409513064508    0.0013333344164    0.0116181899671   -0.0198335178190   -0.0328449404074   
-0.0124129456901   -0.0224340310022    0.0123621462833    0.0164075190947    0.0609385590519    0.0362005599510    0.0016154017742    0.0096620690323   -0.0125796699115   -0.0275002007876   
-0.0122323002203   -0.0223402119802    0.0115617223501    0.0156604497999    0.0884447382927    0.0531223366426    0.0018816889103    0.0166108018293   -0.0197222948593   -0.0608811063528   
-0.0123874456389   -0.0231132219059    0.0111870219887    0.0155201669972    0.0747705374129    0.0492075669703    0.0005927224803    0.0135028804960   -0.0215535537523   -0.0381463276947   
-0.0120545054451   -0.0229092110627    0.0100285205060    0.0162687785921    0.0653697683637    0.0398121332513    0.0019092306936    0.0084496143200   -0.0150703319986   -0.0302674626116   
-0.0125706459194   -0.0236988577339    0.0110720439171    0.0167270619353    0.0683431144897    0.0378998530080    0.0030963893532    0.0076906867720   -0.0179231102723   -0.0199273147374   
-0.0124180309242   -0.0220033095817    0.0117347193475    0.0145982190216    0.0763891040460    0.0471740917431    0.0004090637261    0.0112853559271   -0.0139370789033   -0.0418507673618   
-0.0121030004306   -0.0233991304088    0.0118189395435    0.0164813504029    0.0742359577620    0.0445421286471    0.0013063985830    0.0163432527979   -0.0181878945532   -0.0480090028096   
-0.0120934724053   -0.0247358996455    0.0114248737903    0.0168237120938    0.0626521755343    0.0342047036375    0.0023793874651    0.0101152768275   -0.0105279673609   -0.0135844278777   
-0.0122432694568   -0.0230985791456    0.0117505113536    0.0173936150109    0.0719266525921    0.0443339522463    0.0017206683792    0.0107561155143   -0.0106085106730   -0.0326494898953   
-0.0122326566654   -0.0234883761221    0.0106422827043    0.0148532338766    0.0665808838290    0.0429596237613    0.0018557670437    0.0136631040663   -0.0149839289019   -0.0201702548305   
-0.0116495229176   -0.0253642090106    0.0109982876917    0.0180489019731    0.0492003955161    0.0311937674305    0.0022174697888    0.0060437412904    0.0088720005866   -0.0021075766741   
-0.0124686924187   -0.0241873412784    0.0111584418217    0.0176180644346    0.0679298713444    0.0432963148434    0.0005843312459    0.0097809035503   -0.0243086189169   -0.0305537461855   
-0.0119232867873   -0.0226808131206    0.0114702563731    0.0160950643149    0.0785885538419    0.0459747306604    0.0008660942426    0.0077285014721   -0.0141541979644   -0.0429831273424   
-0.0120849211086   -0.0230406843223    0.0119959776047    0.0179873433764    0.0818883488179    0.0493671256172    0.0018830253011    0.0135260089456   -0.0240210350904   -0.0462007891723   
-0.0123948965899   -0.0238276127387    0.0117322356154    0.0170586451548    0.0677353880622    0.0437450170049    0.0023896948300    0.0124165870469   -0.0180329400092   -0.0282977287813   
-0.0149675411487    0.0338638986419    0.0055951598131    0.0143721178846    0.0030186374217    0.0006375674074   -0.0011223953146    0.0016682422826   -0.0023842640804    0.0008752313730   
-0.0156204586401    0.0340901310162    0.0060701741791    0.0142939830987    0.0016304704908   -0.0015481074413   -0.0006162633230   -0.0025224454698    0.0050629439552    0.0001424696262   
-0.0152969166010    0.0345914146836    0.0039431178536    0.0161150043051   -0.0036371601170    0.0005963338115   -0.0009902094907   -0.0012313237984    0.0070525856352    0.0044167804813   
-0.0154073505061    0.0339147989849    0.0038610841504    0.0158892720278   -0.0027789530929    0.0018468790607    0.0002233744160   -0.0026391398385    0.0059163668368    0.0005114149273   
-0.0157248819971    0.0341336908414    0.0072603215543    0.0152945487122   -0.0005876765035   -0.0019994701170   -0.0005749317322    0.0001690438831    0.0033304427723    0.0035825984303   
-0.0153202979854    0.0334078742031    0.0048715522392    0.0150557414043    0.0005239769972   -0.0016258521634   -0.0013287384098   -0.0003272798943    0.0025386264317   -0.0043564285185   
-0.0153823826475    0.0340755749081    0.0053304943870    0.0145294887441   -0.0038471791738    0.0011695253068   -0.0003080550777    0.0020009439627    0.0107844903497    0.0009021817622   
-0.0154635335616    0.0343443985168    0.0044759562241    0.0154382314903    0.0015699134791   -0.0014620799003    0.0011941065689    0.0011879803316    0.0067320418586   -0.0051522542590   
-0.0155911051941    0.0341153593658    0.0054760996008    0.0160409718441   -0.0026319170664    0.0011451718666   -0.0000356289032   -0.0001155487689    0.0023536879199    0.0017887700596   
-0.0156739720969    0.0337216889277    0.0055149574474    0.0149759393069   -0.0023016124832   -0.0010895180845   -0.0014295048460    0.0004092138239    0.0077687880204    0.0020330456540   
-0.0153481623984    0.0343895806842    0.0067173198372    0.0149324355225   -0.0032969567976    0.0010840447419    0.0003477908574   -0.0004578442803    0.0009557883374    0.0014529300735   
-0.0155291785713    0.0342186345465    0.0055507730109    0.0158789416303    0.0007315542012   -0.0008347682250    0.0012508914908    0.0020635957772    0.0014217177536    0.0077645505499   
-0.0155276051745    0.0347330280843    0.0054879343913    0.0162381794270   -0.0020134209884    0.0023092079106   -0.0000606800693    0.0001860080815    0.0016322102524    0.0079962633071   
-0.0153751092750    0.0337081438793    0.0049432121357    0.0149511655901   -0.0013222737675    0.0015119414457    0.0014350344962    0.0004546393621    0.0025580059469    0.0011669986454   
-0.0153478666624    0.0336536136569    0.0048809589521    0.0157753749573    0.0006686357044   -0.0006719923914   -0.0011550166224   -0.0006100270502    0.0000919989643    0.0044224446089   
-0.0155975780377    0.0340779418631    0.0051903484153    0.0148034234624    0.0014082103101   -0.0017578212650   -0.0005427392989    0.0010469673306    0.0100061253847   -0.0003320833345   
-0.0152267956068    0.0338357574156    0.0056152071905    0.0138757785741   -0.0045052130009    0.0035422396758   -0.0001387013225   -0.0008524768012    0.0019494465279   -0.0015583750048   
-0.0152705438743    0.0340960790096    0.0057685083545    0.0163072450168    0.0012908638959   -0.0007218352480   -0.0001099395758    0.0003429259281    0.0057602909914    0.0013687665768   
-0.0154427669028    0.0342994264629    0.0059244622144    0.0154173049562   -0.0008246814591   -0.0018838845935    0.0009797880241   -0.0020203155419    0.0079129641161    0.0010616980919   
-0.0151995368967    0.0341028897415    0.0060688315662    0.0156063811265   -0.0021865584423   -0.0003933797873   -0.0022698465509    0.0019129758147    0.0029967050273   -0.0019721333694   
-0.0154177206825    0.0342388924698    0.0050770451452    0.0160338577024   -0.0041648327391    0.0038618006538    0.0012253061551    0.0004211481718    0.0105166638743    0.0030401589133   
-0.0155070705852    0.0338669145979    0.0061313794906    0.0152499699810   -0.0003315902660   -0.0023907068639    0.0008131570732    0.0013461404004    0.0070196052723    0.0115490862459   
-0.0155375346233    0.0342980083658    0.0060427538463    0.0159524063905    0.0004918082207    0.0032098530148   -0.0014160749389   -0.0017629967976    0.0012661109495    0.0056301009703   
-0.0155284423779    0.0340409550374    0.0055231375343    0.0148161260002    0.0002626125371   -0.0014644373459    0.0003082441058    0.0001020168606    0.0030609814402    0.0051732543814   
-0.0154617014943    0.0341225511430    0.0058406282618    0.0162592315087   -0.0013116008929   -0.0016615986495    0.0013247541885   -0.0001293413788    0.0028023024368   -0.0012329735843   
-0.0153555229314    0.0343462456215    0.0054747874452    0.0158142052055   -0.0022631596314    0.0010406301694    0.0003746548029   -0.0006891328052    0.0021026331332    0.0028298063295   
-0.0154190892976    0.0337407996119    0.0056325242693    0.0153603087434   -0.0010417427014   -0.0050895475262    0.0010135069333   -0.0006473424796    0.0052512746981    0.0003664845921   
-0.0156456258122    0.0341766475099    0.0044825496159    0.0142469043440   -0.0005322580407    0.0005488088179    0.0005362920371   -0.0008202719756    0.0060171628647    0.0030679542637   
-0.0153948204398    0.0346950097062    0.0060960221805    0.0153896003227   -0.0018212461984    0.0011589559306    0.0011556592631    0.0009123229425    0.0068921548376    0.0039906895225   
-0.0157665674153    0.0335529426581    0.0044282739841    0.0147853160431   -0.0010931024609    0.0015127771087   -0.0012703150677   -0.0020007373424    0.0005282302082    0.0017213104208   
-0.0155369423057    0.0338235227645    0.0061768379532    0.0161642829472    0.0036802692663   -0.0026262485919    0.0003746341386   -0.0005216510140    0.0102063122770    0.0056325372463   
-0.0152663951979    0.0344407279260    0.0053487646127    0.0167826762896   -0.0015546138455    0.0017200303480    0.0002746569149    0.0027548039446    0.0060539605744    0.0045216823572   
-0.0156038193614    0.0338630169973    0.0056062011967    0.0149071749488   -0.0003513412344    0.0007374453884    0.0004741490227    0.0013914720287    0.0071303951477    0.0058915569860   
-0.0152858024740    0.0333019157843    0.0061253171294    0.0145772434012   -0.0001311413447   -0.0056809015016   -0.0008200918119   -0.0012114947566    0.0051105958864    0.0022116502682   
-0.0153976464363    0.0338637927853    0.0049351811220    0.0155781192481   -0.0023369587709   -0.0034178160339    0.0005269290539   -0.0010013704786    0.0037147793416    0.0016552343877   
-0.0154460361106    0.0340946282099    0.0057388636764    0.0154849511867   -0.0041370684059    0.0022012864326   -0.0004107063647   -0.0007864690923    0.0062663494492    0.0058431370538   
-0.0155825255284    0.0337803611376    0.0059747032605    0.0159522733177    0.0022337781849   -0.0010504906924    0.0006574551468    0.0010565261259    0.0058131035025    0.0007185211692   
-0.0155339029665    0.0338252231770    0.0060381623643    0.0155603738612    0.0010738356517    0.0023667827455   -0.0005849105289   -0.0015533889532    0.0046063058731    0.0012674819083   
-0.0155730566711    0.0340479487971    0.0057213782015    0.0148132935928   -0.0045960930002    0.0021903582747   -0.0014808626041    0.0000675969461    0.0057135118943    0.0021749533247   
-0.0155729487999    0.0346361288669    0.0063515749408    0.0167486615228    0.0006149301801    0.0000234500422    0.0006590290084   -0.0028601356262    0.0078122336003    0.0108919814078   
-0.0157530264368    0.0346176036593    0.0054961131795    0.0149250356703   -0.0011281077979   -0.0037414272160    0.0013007070265   -0.0003596549996    0.0036100281359    0.0112632176271   
-0.0154024714884    0.0342653763023    0.0053460081359    0.0147270281629   -0.0043540811799    0.0054741075197   -0.0012641065521   -0.0002088311184    0.0056391518109    0.0057019233364   
-0.0075860347180   -0.0190570013774    0.0158840395688    0.0025644129937   -0.0251486769760   -0.0163043834413   -0.0041736065915    0.0004131755231   -0.0149023957453   -0.0491298008961   
-0.0034590466519   -0.0138240280038    0.0162383274601   -0.0064594397014   -0.0262151175267   -0.0159853837324   -0.0034087883451    0.0026311538211   -0.0215746230459   -0.0646486809579   
-0.0077162729634   -0.0199801322940    0.0132630476321    0.0035129002316   -0.0222054148457   -0.0175397754830    0.0025643127992    0.0003862732109   -0.0080012615214   -0.0415708408058   
-0.0156432809441    0.0335306879223    0.0058256219542    0.0158539974826   -0.0014817048838   -0.0008776051537    0.0014470707787    0.0017591026833    0.0052559040778    0.0015376856599   
-0.0153691196540    0.0344585649533    0.0069561724131    0.0151688062923   -0.0001292418301   -0.0048943058434   -0.0006253153062    0.0009838026922    0.0050417868657    0.0049395853843   
-0.0153428939556    0.0339001023906    0.0069493747811    0.0141829985098    0.0067211384352   -0.0134415167487   -0.0009774935613   -0.0030606077142    0.0028515410802    0.0035084657738   
-0.0154228254851    0.0345798814467    0.0053147197600    0.0153336674489   -0.0007473053450   -0.0026047040415    0.0013451889848   -0.0017638191405    0.0022439906513    0.0061555214559   
-0.0154092349655    0.0345856934635    0.0065350603914    0.0164980995320    0.0000403426641   -0.0044047164019   -0.0003581232956   -0.0020535307083    0.0101977558774    0.0022328068186   
-0.0155527112379    0.0343491047696    0.0060859444983    0.0158265210098   -0.0017517852138   -0.0011937588872    0.0001891786687   -0.0004503973046    0.0076584944471    0.0091063109297   
-0.0154311391063    0.0339711925351    0.0058552843602    0.0138694084492    0.0021865900333   -0.0049355318088   -0.0012528622317   -0.0003826977625    0.0050180218865    0.0011314645679   
-0.0153955999104    0.0336949834496    0.0049425464050    0.0148899798885    0.0033953152647   -0.0071702980872    0.0003876740263   -0.0009595058434    0.0078559851841    0.0033077948529   
-0.0153772673821    0.0343518755441    0.0052688319263    0.0161170297489   -0.0082152755966    0.0084224555521    0.0008042909255   -0.0006603828272    0.0026530626275    0.0042743614100   
-0.0151220119901    0.0339878339408    0.0054079676882    0.0166551388293    0.0014943453719   -0.0042221103908   -0.0003504001647   -0.0009611722591    0.0080865764565    0.0022287509707   
-0.0153422985782    0.0340366365074    0.0057800342630    0.0136220362746    0.0034533144364   -0.0022617771137    0.0001848104021   -0.0023920172638    0.0061940624968    0.0031869279728   
-0.0154399098579    0.0330611645934    0.0035027370244    0.0149227220175   -0.0021740288264    0.0041118750660   -0.0008473121595    0.0011669066249    0.0037156528979   -0.0010464257735   
-0.0154320684142    0.0329301558532    0.0070157153045    0.0132806158230    0.0122631698215   -0.0244792762305   -0.0003071169098   -0.0031539898932    0.0092895222359    0.0093336035883   
-0.0154142718008    0.0347758802540    0.0048508070651    0.0162547170678    0.0013163765318   -0.0031366586314   -0.0004461375012    0.0007036186347    0.0083393257638    0.0052305377890   
-0.0155278246095    0.0340901351552    0.0050374528743    0.0162948851175   -0.0019785704432   -0.0064129871415    0.0025388214605   -0.0030577461240    0.0044146875449    0.0021792297729   
-0.0155372528082    0.0352278773860    0.0049977225605    0.0158017485031    0.0024286422470   -0.0046909197163   -0.0014816554594   -0.0019509701804    0.0026260274274   -0.0021953331423   
-0.0154949887232    0.0344209223852    0.0054105025088    0.0153076055686   -0.0000921427493    0.0013166125664    0.0014087836503    0.0026213475239    0.0113151132435    0.0058723823946   
-0.0153527432065    0.0338749009719    0.0055879964307    0.0150251726144    0.0082639943971   -0.0111574429535    0.0002029477429   -0.0012751491328    0.0050430746160    0.0002162334423   
-0.0155178789636    0.0339813318633    0.0047708553476    0.0161168148448   -0.0007985018033   -0.0063185092868    0.0007966769556    0.0000946477554    0.0028222607062    0.0033344153925   
-0.0154919280871    0.0344468243675    0.0060531394589    0.0165438320127    0.0008810348221    0.0008437865836   -0.0004571938032    0.0014221716909    0.0062924221917    0.0003901119782   
-0.0153623118390    0.0340732332399    0.0055120265708    0.0154134505427    0.0017213351704   -0.0058407680855    0.0000074559667   -0.0006120787499    0.0027278147426    0.0057258839436   
-0.0154969137842    0.0338261967375    0.0072866725194    0.0149488533341    0.0012719408136   -0.0068511129834   -0.0015641415677    0.0021109095496    0.0064859769101   -0.0000106515080   
-0.0156033811192    0.0340955931663    0.0047354103718    0.0141489333639    0.0022630502249    0.0000036806867    0.0000100317803   -0.0032373521667    0.0050186785709    0.0001017842170   
-0.0153485410734    0.0340197209299    0.0048378977870    0.0163123064865    0.0034577004259   -0.0041549012374    0.0014095633993    0.0004816165093    0.0094759172524    0.0059306780126   
-0.0153669195078    0.0341261700325    0.0065985307360    0.0163532743250    0.0003030841978   -0.0028752047014    0.0014466616680   -0.0011990446964    0.0056479582251    0.0065729607125   
-0.0157339888285    0.0343229587706    0.0052515615166    0.0164597216394   -0.0008101423050    0.0015907299185    0.0008652840292   -0.0006773515913   -0.0011083549629    0.0042108735422   
-0.0153314655807    0.0343356883152    0.0062388877758    0.0156181697152   -0.0002156816583   -0.0004855980903   -0.0000860668670   -0.0002826167177    0.0136593234827   -0.0019454819559   
-0.0154407115748    0.0346428385961    0.0042972247469    0.0151906041472    0.0009606795528   -0.0007222011496   -0.0020729445642    0.0016947933297    0.0027263555823    0.0027953345727   
-0.0153056192605    0.0335101879695    0.0034346264782    0.0162611386435   -0.0023496939316    0.0085063648745   -0.0007054754093    0.0014608970375   -0.0010403375106   -0.0043416748168   
-0.0155687598989    0.0350564314556    0.0059635252506    0.0166190154836   -0.0018321746028   -0.0047372419881    0.0001244169204   -0.0024004252993    0.0042922260075   -0.0019988268744   
-0.0152831949324    0.0337757063698    0.0064907206099    0.0157688476183   -0.0002848295281   -0.0009391259562    0.0014037721064   -0.0016310817412    0.0080361698496    0.0058793881827   
-0.0154550172265    0.0341519267540    0.0057262115062    0.0151317186587    0.0007765681423    0.0006916445742   -0.0019918559543   -0.0005405585100    0.0055576484881    0.0033802736003   
-0.0153894717144    0.0339500818485    0.0055393094518    0.0161554839804    0.0023695654556   -0.0029940272400   -0.0019574380293   -0.0011574330657    0.0049619365889   -0.0035151730987   
-0.0155264299892    0.0341581146090    0.0048259394277    0.0154693743591   -0.0010279003264   -0.0045457331345    0.0002971795557    0.0000459490706    0.0041920116256    0.0000838671600   
-0.0153801862320    0.0340975970369    0.0042562761992    0.0169428591043    0.0014218199893   -0.0040005658844   -0.0011709751129   -0.0005282069478    0.0089150490534   -0.0024919571832   
-0.0047107366967   -0.0164318355512    0.0141107984408    0.0022872269118   -0.0184255288488   -0.0139922599860   -0.0027145339324    0.0006259618984   -0.0213051940847   -0.0490591964606   
-0.0034815534061   -0.0159201091976    0.0150561346614   -0.0012826892196   -0.0214133306290   -0.0166745992305   -0.0041829668358    0.0007122537149   -0.0239367407890   -0.0457555622064   
-0.0081963772047   -0.0201612819373    0.0139405815158    0.0069463068103   -0.0272485811537   -0.0195615133767   -0.0018659457502   -0.0015468317603   -0.0198668149047   -0.0577850674301   
-0.0076879854234   -0.0177111997590    0.0153046999574   -0.0001957738212   -0.0224751258578   -0.0184827036670   -0.0031122363426   -0.0006172123940   -0.0225057814250   -0.0757948297233   
-0.0155568506465    0.0343078949419    0.0042067896442    0.0160249843778   -0.0111839455836    0.0180109319358   -0.0036121592109    0.0006484893471    0.0014848225969    0.0029086852813   
-0.0156285802984    0.0343675584776    0.0070571755307    0.0157778247474   -0.0095156219957    0.0126442406844   -0.0011990937914   -0.0012880434655    0.0037989943165    0.0055488126071   
-0.0154226206861    0.0340805962650    0.0038124233518    0.0170384155794   -0.0098281039462    0.0125460003914   -0.0020488395377   -0.0011301691548   -0.0013589614643    0.0025733665717   
-0.0152894287818    0.0339050674676    0.0036036186995    0.0163836426579   -0.0055502405824    0.0086764457886   -0.0009166733668   -0.0016117743871    0.0065828275771    0.0037979535832   
-0.0151931155056    0.0343234165520    0.0044439314425    0.0167307855253   -0.0078245763868    0.0137298381900   -0.0011048968330    0.0019770609763    0.0053946535403    0.0007700186032   
-0.0154419951493    0.0337715671974    0.0046692606420    0.0162764776985   -0.0063750160846    0.0121987038183    0.0010138217417   -0.0004359296858    0.0011335940949    0.0023132813082   
-0.0154268559521    0.0340552976473    0.0053414847823    0.0158802080794   -0.0102776798107    0.0099799936379    0.0009101586051   -0.0013996631266    0.0015144300773    0.0002700793818   
-0.0156826045530    0.0343585552360    0.0050617161963    0.0153552517056   -0.0102680611234    0.0155202906522    0.0011227328329    0.0008486538348    0.0066021085905   -0.0042410918972   
-0.0153645099167    0.0340035456749    0.0042032367170    0.0155871267831   -0.0080938755433    0.0108978998460   -0.0002557932219    0.0006036777697    0.0076004316985   -0.0033141559040   
-0.0154142618256    0.0341768202114    0.0045106667710    0.0161643438252   -0.0109370493252    0.0121786751383    0.0006881982443    0.0001563040803    0.0005156899648    0.0016371554099   
-0.0151705411903    0.0344270543571    0.0055711018568    0.0158496503545   -0.0081453828812    0.0135057885108   -0.0005112027898    0.0017990575235    0.0033163794678   -0.0028037013028   
-0.0152952237459    0.0346360593411    0.0040378287083    0.0168037290698   -0.0077430975322    0.0060823324712    0.0000572821812    0.0013941966831    0.0060254748074    0.0030194106350   
-0.0155238734310    0.0338822129340    0.0046181990820    0.0142360452332   -0.0093888394338    0.0118025626162   -0.0024114288522    0.0010049183252   -0.0018419066985    0.0038520506287   
-0.0151580874767    0.0340019876370    0.0048429247635    0.0162017645078   -0.0081538094152    0.0107646138673   -0.0012057140266   -0.0002327024130    0.0007612387500   -0.0012602382492   
-0.0155396625172    0.0347881698480    0.0053302431986    0.0160140829381   -0.0101112925210    0.0055768966491   -0.0018012132664   -0.0014220283355    0.0112241643322    0.0068201915492   
-0.0154447110510    0.0338974669069    0.0049177638451    0.0162490033548   -0.0105523212871    0.0134056560592   -0.0021507494053    0.0004815441986    0.0060978263950    0.0033222538284   
-0.0154480591104    0.0336142241959    0.0047596160570    0.0144240516555   -0.0074060861308    0.0155033212923   -0.0006877988842   -0.0018520038748    0.0029581890290   -0.0002938699864   
-0.0155103979696    0.0338867456052    0.0054324688523    0.0157837109134   -0.0074350299379    0.0089906291833   -0.0009468449781   -0.0007850100133    0.0033067451981    0.0037725536121   
-0.0151798664381    0.0341508809017    0.0053935360394    0.0164759883374   -0.0099200012861    0.0119372251002   -0.0010513461713   -0.0006595288222    0.0050774559776    0.0062038084477   
-0.0150885714535    0.0344650349043    0.0046913277113    0.0163087611364   -0.0058065475492    0.0058094789497   -0.0016311442556   -0.0031454042075    0.0087943563785   -0.0021360553999   
-0.0153564902665    0.0341171293996    0.0052279429477    0.0146250144535   -0.0056338393449    0.0076173581864    0.0011128961955    0.0005552166231    0.0030774816219    0.0053786198101   
-0.0154739146544    0.0339506021622    0.0058630497244    0.0152332087134   -0.0070377196404    0.0133082443195    0.0005001720441    0.0003401323544    0.0066740154071   -0.0037536555150   
-0.0155182617908    0.0342575318131    0.0048444490901    0.0173635863305   -0.0072307889943    0.0094275305497   -0.0016378354314   -0.0001919978909    0.0073557575907   -0.0008499544268   
-0.0156695389222    0.0341730386669    0.0055940851682    0.0164543642139   -0.0124880053396    0.0124489601649   -0.0002769664250   -0.0008808419743    0.0052879072887   -0.0031470277106   
-0.0156061372545    0.0342813539270    0.0052627868513    0.0172010726377   -0.0068415216898    0.0089021174663    0.0000513345530   -0.0002631380409    0.0122350522421    0.0050817799517   
-0.0151124361145    0.0344995803221    0.0051205312734    0.0158288827241   -0.0079466891202    0.0131611120779    0.0004330405406   -0.0005332848400    0.0067106818458    0.0053967628877   
-0.0156088893837    0.0337263437445    0.0043117988584    0.0171638799617   -0.0101356131940    0.0127880911329   -0.0013475931307    0.0003911302913    0.0042690427697    0.0048215788824   
-0.0154826324860    0.0341126927614    0.0039573599221    0.0157707738748   -0.0095517957446    0.0089147238122   -0.0018514048514   -0.0016221213129    0.0094567637743    0.0028562155077   
-0.0100153768702   -0.0227654639422    0.0138251424834    0.0103762092689   -0.0251304150316   -0.0182439249902   -0.0009881490897   -0.0001361709866   -0.0171439347094   -0.0412487809231   
-0.0088624517616   -0.0196836836918    0.0147490037532    0.0046012116716   -0.0293095858723   -0.0167850594445   -0.0027341043898    0.0007076637491   -0.0225069539507   -0.0499472067713   
-0.0068621420906   -0.0156953872313    0.0192134497952   -0.0042000582118   -0.0205914138144   -0.0104604345010   -0.0020063460776   -0.0033526377946   -0.0341819380059   -0.0733997561558   
-0.0084715555199   -0.0212307678303    0.0145642725709    0.0068931289200   -0.0196548830832   -0.0114162377171   -0.0028447069132    0.0015484642311   -0.0194541286420   -0.0435000087312   
-0.0076517535975   -0.0210207514001    0.0163530130632    0.0062349798605   -0.0182111671686   -0.0130619830664   -0.0032383439333   -0.0000898795411   -0.0158310099601   -0.0527557716209   
-0.0091724950301   -0.0235533768459    0.0129110019462    0.0112043326697   -0.0075401460808   -0.0049536902237   -0.0006656216965   -0.0003165147858    0.0004067403212   -0.0144830771519   
-0.0059656972132   -0.0174560359080    0.0167227993167    0.0011287378810   -0.0250726752986   -0.0154153356724    0.0007915658582   -0.0021401555414   -0.0288433498416   -0.0600938760264   
-0.0081383871747   -0.0236725374081    0.0128897106217    0.0117123143121   -0.0273315645309   -0.0167579299287   -0.0042622184637   -0.0059879027566   -0.0224789290703   -0.0372340323113   
-0.0075241046271   -0.0147136672427    0.0200090070027   -0.0069736478627   -0.0220412949026   -0.0121569866685   -0.0021263953963   -0.0018371534362   -0.0249708947939   -0.0658816545982   
-0.0152627953806    0.0335776850395    0.0024047533555    0.0169646277056   -0.0262193528507    0.0433507793442   -0.0033855772952    0.0014093659741   -0.0025301550658   -0.0065937662390   
-0.0151522196823    0.0335792125634    0.0032811525626    0.0189968393025   -0.0268195557482    0.0454350765674   -0.0010344490635    0.0027939714642    0.0006586894634   -0.0036184737571   
-0.0149449821791    0.0332792532162    0.0035256636001    0.0182158857604   -0.0286507648639    0.0453624671988   -0.0012674494963    0.0007997815944    0.0010090324913   -0.0041073149778   
-0.0153061711553    0.0340351897990    0.0036697703353    0.0175932825701   -0.0280463346896    0.0458705683174   -0.0026570191120    0.0021715045431    0.0012600085817   -0.0015942750792   
-0.0151542618818    0.0330544992700    0.0020200631083    0.0174574525930   -0.0271365803133    0.0402188373297   -0.0033221332368    0.0001864307749   -0.0007102924768   -0.0022735367909   
-0.0151574837456    0.0338880412532    0.0040501829261    0.0168277816155   -0.0255218453757    0.0418159878343   -0.0004807017102    0.0027117282302   -0.0056646437368   -0.0066739949604   
-0.0148518798792    0.0339412330707    0.0021549793382    0.0164425100622   -0.0295732780991    0.0456787763933   -0.0003836404006    0.0038481950752   -0.0036622192083   -0.0043706384884   
-0.0151781616321    0.0341672967240    0.0027960746587    0.0175363394510   -0.0301813333453    0.0450433398683   -0.0013175028017    0.0009453357855    0.0026855024210   -0.0048634149985   
-0.0149578926190    0.0330716796271    0.0027396697327    0.0159395800444   -0.0267717103548    0.0381799432967   -0.0006420708067    0.0006390271676    0.0020900871800   -0.0036267119506   
-0.0153507539766    0.0334399900176    0.0026144370798    0.0161682584915   -0.0242177661561    0.0357109400183   -0.0035661435481    0.0017871393303   -0.0073046574944   -0.0000096710503   
-0.0151211553202    0.0343172950036    0.0032342965752    0.0171971665741   -0.0306544800265    0.0424052262376    0.0007826789778    0.0043626105710   -0.0049551177652    0.0037537114919   
-0.0150963632800    0.0338038245300    0.0012969213352    0.0166630623679   -0.0299020721446    0.0415690598598   -0.0029263883703    0.0034353040665   -0.0065959488335   -0.0053995698204   
-0.0150987999896    0.0336214382270    0.0024283084846    0.0181669196825   -0.0296468992762    0.0440893312539    0.0006520359679    0.0013114946600   -0.0012794333602   -0.0006915816882   
-0.0148974247901    0.0335350678677    0.0026495054053    0.0162743857519   -0.0312150306168    0.0435401674561   -0.0018915289609    0.0021052196256   -0.0034452702645   -0.0080017564387   
-0.0152670929647    0.0339570116722    0.0039727454552    0.0177156929969   -0.0293942194007    0.0431611165785   -0.0021118884286    0.0015465103648   -0.0005248262138   -0.0031205315163   
-0.0076204970748   -0.0204773257869    0.0145542561984    0.0068327213969   -0.0197101931606   -0.0105911853661   -0.0005512697272   -0.0040346360824   -0.0111409890813   -0.0313231094637   
-0.0064788365575   -0.0186866908627    0.0146841458047    0.0015455501138   -0.0202687699670   -0.0156972526377   -0.0008453498239    0.0030297695949   -0.0182202753566   -0.0674909618869   
-0.0008369312023   -0.0146546803931    0.0154901520879    0.0001842714282   -0.0201564857812   -0.0076683825398    0.0001608968166   -0.0026160906279   -0.0173763992371   -0.0446229126638   
-0.0019204795883   -0.0129922457673    0.0163227803708   -0.0063927179436   -0.0168189844995   -0.0109800533146   -0.0038673472032    0.0029609901175   -0.0258342221725   -0.0558309405226   
-0.0017400674491   -0.0131228081889    0.0160574650229   -0.0047742357336   -0.0197485451428   -0.0109001607427   -0.0017915955395   -0.0002952458549   -0.0172280848869   -0.0477716043637   
-0.0083705063215   -0.0186209756025    0.0168199712102    0.0002621447328   -0.0250267006297   -0.0207301635452   -0.0004793061185    0.0011169128388   -0.0273345195907   -0.0765769074321   
-0.0054382493086   -0.0188645234729    0.0137302047494    0.0052618509563   -0.0204348665537   -0.0160865985801   -0.0033815177015    0.0018140216333   -0.0318511923397   -0.0675688885675   
-0.0058300856250   -0.0165376979626    0.0157700668367    0.0001313713439   -0.0183176181177   -0.0094750679370   -0.0041588730676   -0.0009004240258   -0.0280532172814   -0.0487155637511   
-0.0073610792784   -0.0197261188105    0.0151283681704    0.0059502482939   -0.0209107492074   -0.0148143793484   -0.0013839769641   -0.0018510151815   -0.0196936283438   -0.0576526252050   
-0.0080341179359   -0.0196612702263    0.0175181285174    0.0027071709712   -0.0266173254005   -0.0202097620018   -0.0027027450016   -0.0003986312035   -0.0261446089547   -0.0803970908048   
 0.0046359551238   -0.0106896462339    0.0123137200741   -0.0020149406214   -0.0200274796742   -0.0084094508787   -0.0021108087809   -0.0039196730363   -0.0126798141320   -0.0459252182402   
-0.0033125095193   -0.0170284063419    0.0132921355354    0.0040316805062   -0.0259858755885   -0.0162890738363    0.0003240106444   -0.0020364552733   -0.0193446014854   -0.0702531011372   
-0.0079931075983   -0.0197379507304    0.0165421057221    0.0044621291024   -0.0183106674128   -0.0135695283442   -0.0009419474660    0.0028898644651   -0.0225328813105   -0.0495984681441   
-0.0073765187505   -0.0189900439144    0.0159861635756    0.0032865421050   -0.0295757381330   -0.0153950366104   -0.0001937190301    0.0013605768054   -0.0272645990103   -0.0713796237770   
-0.0073021183759   -0.0184156678934    0.0159311665490   -0.0014910441019   -0.0232443944597   -0.0166665052818   -0.0000830311303    0.0011736651417   -0.0297989826796   -0.0520097356827   
-0.0088783137398   -0.0196603488922    0.0162751517211    0.0008235447974   -0.0249620983088   -0.0176655342486   -0.0014570339300    0.0008450189328   -0.0213472577393   -0.0590671375615   
-0.0074113242811   -0.0194443615913    0.0164718225321    0.0009445316253   -0.0341731365182   -0.0189583372158   -0.0040225994720    0.0009805009261   -0.0262260346803   -0.0728685409699   
-0.0076823020255   -0.0184918566677    0.0169536499157    0.0016122450428   -0.0297348780508   -0.0161335862580   -0.0010744657464    0.0005375863687   -0.0328272893269   -0.0809479553734   
-0.0070110304850   -0.0222860232575    0.0115386525390    0.0121539457315   -0.0211170088207   -0.0138328195173   -0.0018305377569   -0.0036347165036   -0.0100687392455   -0.0098550016674   
-0.0028082794386   -0.0131384872475    0.0153830685272   -0.0034096386056   -0.0148365608222   -0.0129618899816   -0.0039300542898    0.0029311028722   -0.0177730796011   -0.0480460636780   
-0.0036790804291   -0.0163804343537    0.0132596190362    0.0009233290061   -0.0213272465306   -0.0141320900280    0.0002060499635    0.0028782671574   -0.0210926059930   -0.0500246500946   
-0.0075790815504   -0.0159428087616    0.0198377028120   -0.0070763697538   -0.0248599957131   -0.0121399887028    0.0005027469211   -0.0026890691802   -0.0291697649192   -0.0617040213686   
-0.0021336034641   -0.0148909731178    0.0152231006590   -0.0010390592665   -0.0203820690857   -0.0133952288431   -0.0027386622651   -0.0027590619744   -0.0160535276355   -0.0563893188342   
-0.0067550580292   -0.0183168879264    0.0174275802283   -0.0004721198499   -0.0234860076712   -0.0136581734947   -0.0011974976720   -0.0032088116883   -0.0263418671158   -0.0513383407524   
-0.0059485975384   -0.0175184899878    0.0140610208081    0.0042538516995   -0.0182881523101   -0.0120283241202   -0.0005283482908    0.0013603391559   -0.0134261929155   -0.0308197137885   
-0.0055458761689   -0.0153805460065    0.0165929384552   -0.0040928679320   -0.0204804467601   -0.0120100952168    0.0027562636453   -0.0020743040583   -0.0236647422803   -0.0599644759191   
-0.0031225930153   -0.0169941183005    0.0141260454944    0.0033811888619   -0.0180640430681   -0.0086547757753    0.0009178967970    0.0003880483467   -0.0205503935394   -0.0414475343080   
-0.0044758968373   -0.0164544135492    0.0139195662336    0.0003994874247   -0.0209063512866   -0.0118870823204    0.0021827260681   -0.0011194466367   -0.0175611813957   -0.0487338876100   
-0.0000029020678   -0.0143731320590    0.0130738537385   -0.0003716768822   -0.0175782362685   -0.0108919682231   -0.0052968846196   -0.0004751521801   -0.0075568720034   -0.0356902279051   
-0.0053079700615   -0.0180215150313    0.0145492975316    0.0037202141303   -0.0220706763297   -0.0124382526213   -0.0016876412508    0.0021234070988   -0.0259054874175   -0.0495965775800   
-0.0063442155165   -0.0183927610459    0.0150323378408    0.0025886522001   -0.0217286096166   -0.0143967744142    0.0012582751680   -0.0007859619825   -0.0302140296354   -0.0485986698390   
-0.0073285859785   -0.0180712458949    0.0169001088211    0.0014952387535   -0.0226274613158   -0.0141519527856   -0.0038207564334   -0.0007502734369   -0.0250173774953   -0.0730979300160   
-0.0068573066238   -0.0187491440938    0.0161461053120    0.0017595619524   -0.0267105930502   -0.0160251680063   -0.0029592805808    0.0006729181425   -0.0244404168840   -0.0653385726832   
-0.0046581980654   -0.0157416067182    0.0170977082584   -0.0016087933286   -0.0265352600457   -0.0179211752385   -0.0004205218545    0.0004863949726   -0.0212749893057   -0.0554519070905   
-0.0035380168960   -0.0171640235775    0.0149380009664    0.0012051097621   -0.0193658397785   -0.0094592661075   -0.0049290710858    0.0027522762023   -0.0263745037788   -0.0561829046674   
-0.0074711479761   -0.0189408186343    0.0145104401362    0.0042985227805   -0.0273953261291   -0.0129250532332   -0.0011381299761   -0.0008265896183   -0.0140507610828   -0.0422385765293   
-0.0075759528002   -0.0215005867276    0.0130905188968    0.0083635085322   -0.0196364963676   -0.0153386143125   -0.0035352328809   -0.0011918340225   -0.0100213937778   -0.0397838373788   
-0.0008266284704   -0.0159113100524    0.0142833249660    0.0027132917927   -0.0265918832492   -0.0137585430419    0.0021230336827   -0.0018573909098   -0.0191352350891   -0.0454582166200   
 0.0178929952111   -0.0052454214064    0.0080001119229   -0.0009186467570   -0.0034619410065   -0.0028022651152   -0.0069601726008   -0.0061205422985   -0.0025238389282    0.0006424584886   
-0.0057602055361   -0.0172714189205    0.0157772282503    0.0003864360745   -0.0185925860467   -0.0130841919464   -0.0022829283573    0.0016636976927   -0.0137796459952   -0.0433820215782   
-0.0064651100972   -0.0175132016674    0.0168049268636    0.0024522339672   -0.0199169760680   -0.0139080140173   -0.0034320820256   -0.0013106022871   -0.0071119524529   -0.0414261070343   
-0.0100804601222   -0.0242473551496    0.0132260873642    0.0108751183126   -0.0207608113292   -0.0152588588038    0.0010309436369   -0.0020833742384   -0.0066449921581   -0.0186356004620   
-0.0116463058095   -0.0149405397537    0.0229294472273   -0.0118431211387   -0.0196172585163   -0.0126648289509   -0.0009980429506    0.0005698285998   -0.0088802712425   -0.0262938619393   
-0.0100913110141   -0.0219424378018    0.0153207120108    0.0040404957103   -0.0220373585412   -0.0170556786654   -0.0005377692930   -0.0079402500291   -0.0083263458812   -0.0048442661047   
-0.0101638873068   -0.0130533104768    0.0229470970659   -0.0151888659659   -0.0154528560833   -0.0094559403739    0.0016195974508    0.0005199528154   -0.0104543125475   -0.0104808605548   
-0.0086997055652   -0.0167643055482    0.0205613857048   -0.0086447886355   -0.0170247220344   -0.0113419362707    0.0013728964472   -0.0028359879200   -0.0091704888678   -0.0159265100130   
-0.0054869207941   -0.0105159366056    0.0216055935382   -0.0163678189899   -0.0103006966997   -0.0026686801890   -0.0027592297269   -0.0003741327030   -0.0153554233758   -0.0087446957715   
-0.0074306052055   -0.0133602205315    0.0191472543175   -0.0112925609593   -0.0179566302185   -0.0074870383282   -0.0015155991910    0.0002960159875   -0.0079988442393   -0.0144031927306   
-0.0089872136234   -0.0154264022757    0.0202152663809   -0.0106028094731   -0.0182259776247   -0.0136598556257    0.0010045496775   -0.0029087131513   -0.0113160142501   -0.0229643735897   
-0.0089943789107   -0.0151659382261    0.0210394451164   -0.0105049446181   -0.0161469380207   -0.0150657885324    0.0002130870254   -0.0024207802513   -0.0036893087061   -0.0248025211016   
-0.0106001277487   -0.0202889776573    0.0172753776978    0.0018577427235   -0.0223442589363   -0.0130533562152   -0.0000692433036   -0.0027388000611   -0.0113281394073   -0.0095788048736   
-0.0063010062714   -0.0142442380674    0.0184034676439   -0.0082161083653   -0.0150351416268   -0.0065091907570   -0.0033416600986    0.0023983798047   -0.0070118757100   -0.0135821539677   
-0.0077613937439   -0.0132611609275    0.0229908143361   -0.0126420830808   -0.0196499946014   -0.0071064188917   -0.0038731462184   -0.0015195385089   -0.0194196028063   -0.0154654020164   
-0.0112654237475   -0.0124914315240    0.0248569525937   -0.0197282280741   -0.0182167931610   -0.0086675762239   -0.0000816541297   -0.0038734339016   -0.0145540594512   -0.0143098072327   
-0.0041174750868   -0.0098526405128    0.0219421265507   -0.0171491134308   -0.0095967408554   -0.0065970839001   -0.0007944676147   -0.0007710563315   -0.0086694255073   -0.0027247040108   
-0.0099628537953   -0.0153207810520    0.0204597639844   -0.0127808911153   -0.0195129626258   -0.0098360568354   -0.0041601751936   -0.0003086113723   -0.0129205031918   -0.0121575608788   
-0.0036927566307   -0.0066471505829    0.0233569479686   -0.0242182990038   -0.0137205988221   -0.0038513434342   -0.0031701822205   -0.0015377948970   -0.0090778367473   -0.0059992835527   
-0.0092150731787   -0.0155026662730    0.0212320001900   -0.0108689875060   -0.0161728856302   -0.0060976676281    0.0001883028230   -0.0011609879999   -0.0177276227607   -0.0109682540180   
-0.0081049797150   -0.0055861785947    0.0281574924079   -0.0315111382299   -0.0133975170501   -0.0049304054396    0.0001549384721   -0.0020632502289   -0.0157158643629   -0.0181563136869   
-0.0032955648148   -0.0148479165336    0.0168189584389   -0.0014333577304   -0.0206238626533   -0.0115982303757   -0.0012810805543    0.0030641754038   -0.0279085491014   -0.0633917436226   
-0.0068116694775   -0.0176531178909    0.0157532759606   -0.0014088326165   -0.0211776946317   -0.0148583888819   -0.0011443475014    0.0042970131675   -0.0202612389469   -0.0726095612058   
-0.0066406216429   -0.0198334752506    0.0147711450213    0.0033570073851   -0.0285505059457   -0.0152555215548   -0.0031736848113    0.0017236729592   -0.0158634337600   -0.0542225564583   
-0.0010979343583   -0.0143601919658    0.0146695158544   -0.0006586126318   -0.0174309090508   -0.0088416079561   -0.0014439169127    0.0012935169430   -0.0145860913933   -0.0499435395314   
-0.0094893115693   -0.0233150955185    0.0102771653104    0.0095750572827   -0.0280221651482   -0.0186936541927   -0.0025526642706   -0.0017639159619   -0.0169529044430   -0.0428035414374   
-0.0061242015647   -0.0166781340362    0.0157936535866   -0.0012193534596   -0.0207570574838   -0.0084765754442   -0.0022153206566    0.0023845809064   -0.0278460719339   -0.0570840165676   
-0.0029536240556   -0.0157118045360    0.0147923279361   -0.0005362664597   -0.0173244123823   -0.0118888088044    0.0028998541043    0.0008082760698   -0.0140044381763   -0.0487867112954   
-0.0077379009624   -0.0220672280192    0.0120458679151    0.0120725373793   -0.0299279105251   -0.0151419367887   -0.0017357410883   -0.0045176596377   -0.0151170111945   -0.0434067183898   
-0.0087400570761   -0.0201797253742    0.0149477239203    0.0049326332312   -0.0218880079885   -0.0136726122603    0.0002322581169   -0.0047484407854   -0.0234143039625   -0.0553178047282   
-0.0074117081642   -0.0175993794517    0.0163737368515    0.0000283575745   -0.0175920849075   -0.0106114562792   -0.0016379225258   -0.0020523419674   -0.0179612991273   -0.0537398341968   
-0.0085989612335   -0.0165392173943    0.0177217379403   -0.0032980212892   -0.0232011615296   -0.0151850072281   -0.0009560224643   -0.0020877496635   -0.0114431196572   -0.0596325162510   
-0.0052485754178   -0.0162706499109    0.0153977737796   -0.0009075512427   -0.0193963858578   -0.0126875643771   -0.0079804729123    0.0026952991740   -0.0158520356609   -0.0633239122889   
-0.0056679075246   -0.0166626327959    0.0174931740305   -0.0000672451236   -0.0209479837212   -0.0173343201719   -0.0037830457553    0.0014783501374   -0.0301707322067   -0.0673963530424   
-0.0039080723223   -0.0109462544461    0.0206526055929   -0.0112365313346   -0.0132804344073   -0.0113732636829   -0.0023180978736    0.0007800129124   -0.0187929754479   -0.0523868023660   
-0.0019105631686   -0.0111813335827    0.0168570605478   -0.0078466155846   -0.0189692902602   -0.0161563936686   -0.0015559680734    0.0035228861182   -0.0226642347066   -0.0649936480531   
-0.0046181366345   -0.0130961687825    0.0188871118429   -0.0084345775299   -0.0159011358893   -0.0067368295881   -0.0044497373443    0.0000524957172   -0.0330568487663   -0.0644469689886   
-0.0072504989102   -0.0161412415116    0.0179421902982   -0.0053443485886   -0.0230791568529   -0.0128618895219   -0.0035074302589   -0.0006681129532   -0.0207305740061   -0.0708849330398   
-0.0084730526043   -0.0199804802747    0.0167861447066    0.0018155706738   -0.0255785212496   -0.0126020314087   -0.0034810985635   -0.0026968212936   -0.0185917267570   -0.0574744504861   
-0.0029292367629   -0.0156786834980    0.0162782339547   -0.0005308116668   -0.0204195865750   -0.0159175518704   -0.0053230665151    0.0009882182475   -0.0176305998313   -0.0651130770091   
-0.0090935911818   -0.0219961431507    0.0128863891175    0.0078775758400   -0.0221237897473   -0.0218933585766   -0.0012704770357   -0.0031190897496   -0.0087247806627   -0.0320441317049   
-0.0066942563106   -0.0178212577291    0.0138242735894    0.0035141685183   -0.0252197257430   -0.0158273746165   -0.0040656187330   -0.0043253712798   -0.0164879293475   -0.0499182577602   
-0.0060064266458   -0.0188710584108    0.0146986403104    0.0036918120513   -0.0207125955449   -0.0118018138989   -0.0024496891660   -0.0017479401396   -0.0233186216139   -0.0575339481678   
 0.0201368751343   -0.0029689505730    0.0078301902854   -0.0023347871261   -0.0044960339459   -0.0008915301472    0.0089612876795   -0.0056457128604   -0.0042547184414   -0.0111019185768   
 0.0121302437756   -0.0091567735368    0.0059904014684    0.0015711209265   -0.0094348557755   -0.0037481509879    0.0048539678727    0.0006652639675   -0.0051513925732   -0.0150473479279   
-0.0023930482378   -0.0136982695610    0.0162278617003   -0.0027289671225   -0.0152624490305   -0.0117027054409   -0.0008197370430    0.0004634858618   -0.0122498692264   -0.0543522528500   
-0.0062479403537   -0.0188343336617    0.0125621066722    0.0035937105910   -0.0281936349155   -0.0142671554046   -0.0020946420231   -0.0004860597662   -0.0170110182486   -0.0495924684085   
-0.0086281558404   -0.0115157059771    0.0232248433273   -0.0175523151611   -0.0119378168319   -0.0105500725263   -0.0019255810214    0.0005721754288   -0.0072389661414   -0.0081444055414   
-0.0110827732467   -0.0157946990786    0.0222708879306   -0.0097656950288   -0.0167505239245   -0.0114596610391   -0.0022636544207    0.0008400330136   -0.0049026727490   -0.0196242066675   
-0.0098250097456   -0.0163324922152    0.0200679721432   -0.0070985997194   -0.0174635034068   -0.0115747800922   -0.0008356006885   -0.0034338863524   -0.0121103514335   -0.0156659724236   
-0.0043597504025   -0.0094741550915    0.0208951697472   -0.0156674526932   -0.0141584975814   -0.0074219913245   -0.0022000091774    0.0003351749428   -0.0066722976087   -0.0131382928037   
-0.0111826446434   -0.0200361511104    0.0189308773876    0.0010191310424   -0.0217000920663   -0.0128810260059    0.0017616210974    0.0002043074549   -0.0025240783224   -0.0151227994120   
-0.0115632571669   -0.0151290686204    0.0229096793215   -0.0142290264063   -0.0135336123190   -0.0076564329856   -0.0014279733033    0.0005239975473   -0.0068979123309   -0.0019558895296   
-0.0102805881272   -0.0213211895084    0.0157880951971    0.0055592929272   -0.0207541923516   -0.0119680801704   -0.0008080951219    0.0010189552878   -0.0121232776118   -0.0181133261185   
-0.0061084834719   -0.0106061259483    0.0228430926233   -0.0179832318525   -0.0144745080860   -0.0149197981396    0.0013163692308    0.0002511055916   -0.0145842507672   -0.0057604907314   
-0.0089494237151   -0.0145191638442    0.0220205536060   -0.0107804088015   -0.0212140243581   -0.0093528879274   -0.0018542967630    0.0025990577354   -0.0097703871692   -0.0251688395884   
-0.0084926633565   -0.0144857153796    0.0213281724003   -0.0107843474766   -0.0163733905497   -0.0078815614440   -0.0032807694411    0.0003174005295   -0.0037247710325   -0.0104400196043   
-0.0040000999048   -0.0083053953482    0.0210952192608   -0.0193747174566   -0.0113820122039   -0.0060235849727    0.0024371181071    0.0010190463078   -0.0100693553018   -0.0173643359276   
-0.0106710158657   -0.0253824233091    0.0133576554470    0.0137217304406   -0.0195322235491   -0.0168532475496    0.0007752506860   -0.0025983015016   -0.0074797775506   -0.0143511164499   
-0.0116987199802   -0.0118568606093    0.0257321406028   -0.0203396521393   -0.0154085653993   -0.0074037960087   -0.0010156721293    0.0016134635275   -0.0144988800965   -0.0228525846212   
-0.0109913325438   -0.0156092898555    0.0239365745910   -0.0114830836993   -0.0219548035259   -0.0127082827333    0.0002021736942   -0.0006910607247   -0.0055651275727   -0.0164170663289   
-0.0108134281946   -0.0154577364119    0.0215627636058   -0.0088349792689   -0.0209770373134   -0.0096938698090   -0.0034130255540   -0.0006183773914   -0.0037276948087   -0.0120351584302   
-0.0087180598749   -0.0153566560797    0.0191517776765   -0.0077391839151   -0.0242505876488   -0.0097748625669   -0.0006249712908   -0.0031685482760   -0.0098541750274   -0.0032345311830   
-0.0009128982696   -0.0142651588328    0.0148382806502   -0.0009125351646   -0.0174905836114   -0.0127948176137   -0.0007602224349   -0.0047280840846   -0.0145297458298   -0.0584184624712   
-0.0063491577579   -0.0156255810699    0.0165497671056   -0.0041173492810   -0.0282274334034   -0.0145710568490   -0.0032777273054   -0.0003124929953   -0.0224819721904   -0.0722806320449   
-0.0064380766314   -0.0151648539156    0.0162503567966   -0.0028985379965   -0.0200072735839   -0.0137570874178   -0.0054843007323   -0.0009227175249   -0.0377148667703   -0.0732016125422   
-0.0043471134361   -0.0152468598131    0.0167200503388   -0.0030796069807   -0.0173108859337   -0.0132140598877   -0.0011142696447    0.0018069716302   -0.0217464851273   -0.0695120801806   
-0.0008782704546   -0.0137258024552    0.0153768948185   -0.0029962107142   -0.0212724189580   -0.0117723993163   -0.0036021662879    0.0011464628056   -0.0350941917116   -0.0789055256691   
-0.0069113748147   -0.0200959383575    0.0132630363579    0.0081661861257   -0.0225108055569   -0.0134499600036   -0.0003504383563    0.0011714580573   -0.0207218963711   -0.0403408583091   
-0.0057902057421   -0.0185114051373    0.0143109952655    0.0039064085167   -0.0212839235828   -0.0141508867299   -0.0000511909603   -0.0022088414185   -0.0132734128064   -0.0328396015389   
-0.0065710089766   -0.0170256592992    0.0169854475442   -0.0005484257878   -0.0232446907384   -0.0132874395939   -0.0007005569252   -0.0029792608272   -0.0201368440969   -0.0506036798445   
-0.0049998808653   -0.0193635868267    0.0132661023157    0.0066799553709   -0.0219524290791   -0.0159853251237   -0.0032299410345   -0.0022671720795   -0.0155230284292   -0.0546447434446   
-0.0069179824171   -0.0171467214619    0.0189774824616   -0.0015630589856   -0.0250746875387   -0.0147439618307   -0.0033752095385   -0.0002703080004   -0.0239711961335   -0.0566606306992   
-0.0115461140242   -0.0264257119441    0.0117289330622    0.0180561019833    0.0081444500092    0.0059175872509    0.0022040330204   -0.0033435834444    0.0118593176207    0.0400450567159   
-0.0130412718952   -0.0027540615516    0.0349939086613   -0.0450316189956   -0.0051499196014   -0.0016043398933   -0.0015357814277   -0.0024783205289   -0.0086418013086   -0.0129679274321   
 0.0046618098428   -0.0070701015937    0.0167370117835   -0.0126732884739   -0.0077520536989   -0.0029446293916    0.0005199847589   -0.0039613063621   -0.0027485328294   -0.0117419660611   
-0.0110810887260   -0.0097980490325    0.0275860070366   -0.0272422941776   -0.0090483664029   -0.0054207104105   -0.0038706085425    0.0013184038447    0.0012632731508   -0.0194317876693   
-0.0093362680920   -0.0163453824528    0.0180316876865   -0.0058429605298   -0.0150686142997   -0.0090772570340   -0.0009642309898    0.0008078148358   -0.0104822219859   -0.0157282244094   
-0.0105367573910   -0.0098016251282    0.0268225339285   -0.0256374278639   -0.0148973779078   -0.0075611106414    0.0010338429033   -0.0015329558010   -0.0176022317924   -0.0176954261013   
-0.0094089697571   -0.0085298663161    0.0259857102983   -0.0262927792387   -0.0102465449269   -0.0082831750729   -0.0006778618538   -0.0033838659069   -0.0152967259435   -0.0260572348891   
-0.0113057783809   -0.0153011986809    0.0232298962042   -0.0126869323476   -0.0156301148765   -0.0107097487698    0.0004768531001    0.0007972577259   -0.0088299560182   -0.0255716434326   
-0.0104531355331   -0.0187242633225    0.0182969064018   -0.0028851110324   -0.0215220773154   -0.0135131819658    0.0015667368706    0.0002529696191   -0.0130361787915   -0.0142821363682   
-0.0105529939765   -0.0201744430382    0.0177640415284    0.0005794945044   -0.0244843558571   -0.0092140521724   -0.0023180757823   -0.0009803511810   -0.0126664896529   -0.0283993135495   
-0.0094524560667   -0.0134422036759    0.0230324186815   -0.0173148401834   -0.0213753296333   -0.0055266255560   -0.0009576514743   -0.0011867536597   -0.0169953073284   -0.0081515207066   
-0.0114989304142   -0.0143214924190    0.0240940115764   -0.0116631102879   -0.0134234349794   -0.0075794645722   -0.0007983134600   -0.0015049394570   -0.0121436740607   -0.0254418886093   
-0.0099931782519   -0.0150963091690    0.0195969725577   -0.0095867855824   -0.0162073528173   -0.0098911610161   -0.0005957840644    0.0010430039267   -0.0064388704054   -0.0165961661229   
-0.0088366903290   -0.0157664792646    0.0187743604753   -0.0082339882886   -0.0200799999317   -0.0134068180564   -0.0007640145534   -0.0021899244949   -0.0023766011668   -0.0218434396731   
-0.0061760227321   -0.0135862501950    0.0194346772876   -0.0079826417001   -0.0150284874011   -0.0142475061075    0.0018684788042   -0.0024331084604   -0.0089713531946   -0.0156648841325   
-0.0043937930018   -0.0084312561119    0.0229370568815   -0.0170640932452   -0.0135830961943   -0.0037466667584    0.0022671946298   -0.0025426433821   -0.0071084794087   -0.0168936428440   
-0.0054311350342   -0.0116685196004    0.0199986337508   -0.0149755366268   -0.0106008901347   -0.0042713236034   -0.0009132543456   -0.0033132817870   -0.0075933381473   -0.0073114867090   
-0.0070909152314   -0.0126049369786    0.0220431929067   -0.0104000828829   -0.0163734205799   -0.0097935132657   -0.0012020014924   -0.0028124531568   -0.0144676540333   -0.0130932690609   
-0.0070214448359   -0.0025990136374    0.0310674678426   -0.0395852499060   -0.0123072462643   -0.0043915506540    0.0005192257443    0.0031237479851   -0.0107327275154   -0.0055330551472   
-0.0105247245672   -0.0134420413801    0.0246089956502   -0.0173502873451   -0.0186788820724   -0.0076929572521   -0.0004746775782   -0.0030026410587   -0.0036021936020   -0.0119005983581   
-0.0113008266864   -0.0166792627213    0.0224042682401   -0.0105003366988   -0.0190407796680   -0.0154642856580   -0.0030803299680   -0.0007037072837   -0.0172357109657   -0.0235942313012   
-0.0056190121791   -0.0107169063754    0.0232317264507   -0.0171949244768   -0.0155282523650   -0.0074756763888   -0.0013820863981   -0.0014295227621   -0.0003018682627   -0.0057536411648   
-0.0076644677937   -0.0115834882963    0.0212663861211   -0.0168648957016   -0.0130024335156   -0.0073163209434   -0.0046546072848    0.0017721211228   -0.0111514827341   -0.0231858641955   
-0.0103624120872   -0.0099970898778    0.0261006043369   -0.0236579304738   -0.0152398591677   -0.0073262511072   -0.0011467899588   -0.0021556638849   -0.0134638506307   -0.0137510026434   
-0.0102096584728   -0.0165140802380    0.0214110165452   -0.0107807817298   -0.0193358721286   -0.0108956674593   -0.0036274399433   -0.0047385406519    0.0023567819388   -0.0204756479263   
-0.0090530604047   -0.0161544955919    0.0201343504157   -0.0075647636264   -0.0208718623041   -0.0128946523404    0.0020816490486   -0.0025181423529   -0.0075555464401   -0.0236396602639   
-0.0086026303269   -0.0200151702796    0.0156261655024    0.0014197107783   -0.0204648222732   -0.0167624323508   -0.0016370541964   -0.0019262358337   -0.0180722178443   -0.0335148285856   
 0.0007785189259   -0.0065810246585    0.0207954071367   -0.0178784499889   -0.0091880669879   -0.0031085817732    0.0036805724663   -0.0007345633290   -0.0012237396148    0.0000756341135   
-0.0040208585685   -0.0145443153150    0.0169455599928   -0.0045281337632   -0.0191703152510   -0.0093916558279   -0.0046144389957    0.0035889482561   -0.0164718230978   -0.0551911469492   
-0.0019277984744   -0.0145548383583    0.0149183395122    0.0000185045197   -0.0197397239680   -0.0103039055819   -0.0017803507194    0.0011568608767   -0.0188748248401   -0.0434634412937   
-0.0077250801065   -0.0198406545104    0.0161851071805    0.0035118632441   -0.0253675863833   -0.0137287687797   -0.0037930237162   -0.0015395957011   -0.0283703831421   -0.0541813026983   
-0.0036476513651   -0.0136989352731    0.0167074078398   -0.0075569845855   -0.0187873027369   -0.0132554664131   -0.0015745527690   -0.0000037851905   -0.0181799398060   -0.0523433239130   
-0.0038626809865   -0.0158326027254    0.0162954575117   -0.0023352080046   -0.0159970972485   -0.0146674158505   -0.0014001987980    0.0025013418254   -0.0201732549603   -0.0471291274169   
-0.0042175364328   -0.0142880449601    0.0159745616630   -0.0053412132022   -0.0173744859359   -0.0158026990824   -0.0049033455369   -0.0037304265824   -0.0215951619846   -0.0583231771966   
-0.0035632053063   -0.0139710600513    0.0157727082175   -0.0033641496642   -0.0169520673212   -0.0114614796362   -0.0017378645941   -0.0033563038677   -0.0203905434948   -0.0592455420936   
-0.0067025859964   -0.0191769438579    0.0133377581667    0.0042413244094   -0.0252527213604   -0.0139172451640   -0.0023687809074    0.0028455203041   -0.0247764093769   -0.0524648075124   
-0.0076071928781   -0.0157335468086    0.0205502304061   -0.0074253297340   -0.0249396647928   -0.0155142723175   -0.0016500544506   -0.0002716283800   -0.0239577265585   -0.0695904944826   
-0.0057239513943   -0.0148418580121    0.0170808066153   -0.0049780085782   -0.0238224173172   -0.0091950369717   -0.0033223678758    0.0062287969307   -0.0174618339069   -0.0533961974385   
-0.0053790139521   -0.0158003703224    0.0159177842910   -0.0025366817577   -0.0165972385398   -0.0086543558767   -0.0046161352092    0.0006902779445   -0.0163792873073   -0.0428844537306   
-0.0070591025515   -0.0128658608065    0.0215279964805   -0.0141807206468   -0.0146020557965   -0.0116175808602   -0.0041549235685    0.0014769186130   -0.0032975557178   -0.0171954875923   
-0.0104420745722   -0.0161586696031    0.0204310268352   -0.0065896152582   -0.0225238588161   -0.0083770881125   -0.0027476403188   -0.0036433291201   -0.0091426823931   -0.0188529295352   
-0.0111402230768   -0.0044700382315    0.0314006353801   -0.0380150714997   -0.0067854216923    0.0008954556822   -0.0004231773954    0.0019165688124   -0.0080309298774   -0.0111401456998   
-0.0106639232142   -0.0216869643707    0.0152766235630    0.0066200485917   -0.0238001715453   -0.0169567681707   -0.0011600512481   -0.0033418621661   -0.0090529767926   -0.0108946025846   
-0.0102721198643   -0.0255629089428    0.0118029456714    0.0135143474129   -0.0245159255137   -0.0132733274244   -0.0009305521299   -0.0020256552083   -0.0057226297316   -0.0066324820833   
-0.0037200308966   -0.0131869325193    0.0191087687184   -0.0102740150165   -0.0085670128330   -0.0019224045643   -0.0007630150813   -0.0002770713290   -0.0013593910865   -0.0014613169361   
-0.0115985805347   -0.0086623104010    0.0261005257394   -0.0271011753028   -0.0120865382706   -0.0048818262566    0.0026087667134   -0.0007106615658   -0.0056838429880    0.0009308857354   
-0.0114937922362   -0.0029469502323    0.0349599081280   -0.0446868141152   -0.0070499225774   -0.0018596305138   -0.0011701058856    0.0006085334022   -0.0067288047499   -0.0108586610704   
-0.0077945781200   -0.0119834097999    0.0230760302095   -0.0140125657404   -0.0171628875132   -0.0078028694590   -0.0009784956335   -0.0006656703023   -0.0053591612216   -0.0076037644028   
-0.0086761921981   -0.0141713600854    0.0197491822835   -0.0092889796676   -0.0128262032431   -0.0109637040683   -0.0019172832019    0.0016539491306   -0.0029853907062   -0.0066441430274   
-0.0110005381455   -0.0095075768892    0.0287526632688   -0.0246278195444   -0.0100987649734   -0.0098602789343    0.0000889920041    0.0007072146376   -0.0168657859714   -0.0240546238399   
-0.0100666181187   -0.0094869274100    0.0268773135022   -0.0245338919808   -0.0124573890696   -0.0077431400758   -0.0008698465916    0.0026636230785   -0.0102818512449   -0.0245238656741   
-0.0106306277993   -0.0095591871642    0.0274646126450   -0.0276133854385   -0.0126357963685   -0.0085114202216   -0.0017462124073   -0.0015987894831   -0.0087319698501   -0.0159449059525   
-0.0042581584269   -0.0060585953917    0.0246510852520   -0.0264360204998   -0.0115634194671   -0.0066223410119    0.0003499531210    0.0006937074718   -0.0024451554935   -0.0202488862607   
 0.0007304391755   -0.0048021136414    0.0204229012360   -0.0208025683657   -0.0037967325620   -0.0050200146720   -0.0007060115047   -0.0033555947949   -0.0071651031316    0.0016217078946   
-0.0033843678918   -0.0080703503767    0.0232737310400   -0.0203698405995   -0.0118742602506   -0.0057125453048   -0.0005113753441    0.0006480477763   -0.0099091270454   -0.0132818798154   
-0.0107177600523   -0.0189034377247    0.0196691020054   -0.0024828714015   -0.0255428780586   -0.0166814940340   -0.0019112422896    0.0001236885572   -0.0188626031079   -0.0237247531248   
-0.0107134619407   -0.0192488500684    0.0177909253105   -0.0015696828064   -0.0285130077156   -0.0176057020315   -0.0032647504445   -0.0005889782771   -0.0111951646881   -0.0306086673971   
-0.0105931222358   -0.0212328576758    0.0181523246635    0.0013790840244   -0.0165711139199   -0.0147635952488    0.0005743957280    0.0002336774472   -0.0134724715195   -0.0139161072221   
-0.0098218322206   -0.0218563694165    0.0166212356400    0.0051322002746   -0.0291238996367   -0.0165249902250   -0.0030583111623   -0.0022479236513   -0.0133164142302   -0.0223775303382   
 0.0041883713684   -0.0046264325748    0.0179075314851   -0.0179898559062   -0.0071425620332   -0.0018584562374   -0.0022812848392    0.0019115711849   -0.0107260014664   -0.0037334256582   
-0.0109293202603   -0.0115641243738    0.0266315251627   -0.0216160679662   -0.0173960596555   -0.0074211674930    0.0004120842110   -0.0003918984743   -0.0013377792007   -0.0052205453135   
-0.0042100955464   -0.0163669542489    0.0138541271939    0.0004577586265   -0.0145826311998   -0.0091897529288   -0.0004655722590    0.0004268852610   -0.0090089062157   -0.0196291112623   
-0.0104954063553   -0.0212867423570    0.0147226786913    0.0043731607512   -0.0238990409727   -0.0140119017309    0.0003727422720   -0.0029228411862   -0.0051229531288   -0.0171087730681   
-0.0105337141967   -0.0206252293382    0.0166813148729    0.0009189474246   -0.0256897242947   -0.0184151281228   -0.0001913246351   -0.0002332145335   -0.0022126023077   -0.0226222866329   
-0.0104097880118   -0.0183182496673    0.0192996146235   -0.0037539033560   -0.0227822503759   -0.0148096353627   -0.0027261018135   -0.0035301093057   -0.0008915196603   -0.0071868580422   
-0.0081044140112   -0.0064712699784    0.0270064469678   -0.0282241891466   -0.0061410602006   -0.0036619436219    0.0004455667424    0.0008456931570   -0.0095987188054   -0.0050057243378   
-0.0069702901939   -0.0073428519077    0.0264741359030   -0.0242098449850   -0.0119233690056   -0.0071186880916   -0.0025595160500    0.0004761190556   -0.0023456799155   -0.0108556456214   
-0.0105286308078   -0.0114545946456    0.0268704084865   -0.0227900024644   -0.0141190767804   -0.0100270040498   -0.0012550653726   -0.0029231909153   -0.0060916972620   -0.0111428931278   
-0.0097819254490   -0.0112010892306    0.0250456164388   -0.0204430187521   -0.0179392099245   -0.0093065199491   -0.0032351535222   -0.0002217424472   -0.0108891818154   -0.0070841760944   
-0.0097623295491   -0.0260301570218    0.0095976689186    0.0195655903797   -0.0227523472486   -0.0176531357661   -0.0021723204933    0.0009639980357   -0.0083690508747    0.0059531206637   
-0.0094430108114   -0.0261307022774    0.0103078702185    0.0197024074356   -0.0172679672361   -0.0106476911539   -0.0022186120915   -0.0011841595400   -0.0043949864347   -0.0102052798052   
-0.0106365353088   -0.0273338290306    0.0097457554581    0.0191413233692   -0.0207225664845   -0.0157754761446   -0.0015796561616   -0.0041442999877   -0.0013367283031    0.0079095861485   
-0.0101119234415   -0.0265381871262    0.0108440063747    0.0213534431585   -0.0235770492794   -0.0206075918066   -0.0006029448307   -0.0030950694933   -0.0031989036360    0.0010721835333   
-0.0100409820912   -0.0270840087449    0.0093353975658    0.0194400858084   -0.0220350185148   -0.0134706949367   -0.0027546346754   -0.0027170250547    0.0006452220750    0.0085341139443   
-0.0103100249817   -0.0268282470521    0.0104998761560    0.0191073910361   -0.0215744319558   -0.0134720497966   -0.0023145531219   -0.0031451820484    0.0008758689861    0.0066968825115   
-0.0096194564623   -0.0271295799267    0.0097322276888    0.0203877266568   -0.0208285454049   -0.0121026503975   -0.0045838044221    0.0004251467367   -0.0013786359358   -0.0064610958297   
-0.0103107303180   -0.0270749292075    0.0102220637683    0.0183706589203   -0.0241514854945   -0.0156684904908   -0.0016340172291    0.0004096473458    0.0025149971185   -0.0049770264867   
-0.0108568732203   -0.0280340448174    0.0118784594497    0.0196013163574   -0.0195075803259   -0.0134469961144    0.0000125131829   -0.0019990218568   -0.0068823990666    0.0017417553020   
-0.0106367958456   -0.0276664342119    0.0119940544709    0.0205196458158   -0.0216557922856   -0.0126414990716    0.0001701797081   -0.0041653932626    0.0013018208220    0.0098248332562   
-0.0111106524920   -0.0277517379191    0.0119273658315    0.0215947301162   -0.0196546051266   -0.0126280971801    0.0005492186282   -0.0046407570433   -0.0111649912065   -0.0043154728751   
-0.0110124616913   -0.0283545256727    0.0129096469634    0.0218975434633   -0.0180565719713   -0.0168524857818   -0.0006340789069   -0.0052313349557   -0.0053774553977    0.0016652286248   
-0.0108974172996   -0.0281704500535    0.0128674614169    0.0214455005067   -0.0174629500483   -0.0125903434763   -0.0029930695667   -0.0034485540482   -0.0116359251203   -0.0008486891968   
-0.0110807576207   -0.0285935744622    0.0122956913507    0.0205751140186   -0.0194473442784   -0.0129097440526   -0.0005294026102   -0.0049997892690   -0.0068538298639   -0.0027945551844   
-0.0113436618658   -0.0282092762275    0.0127740386526    0.0205893527914   -0.0169432402187   -0.0126942778195   -0.0012580223141   -0.0037966865765   -0.0076143857170    0.0000192483056   
-0.0113887270397   -0.0274932334033    0.0125568839186    0.0215661201236   -0.0154305231809   -0.0107748342394   -0.0001438137871   -0.0053934175056   -0.0165208977495    0.0048811150995   
-0.0104013624187   -0.0268611223040    0.0111003842860    0.0201550184869   -0.0222748149607   -0.0168026128635   -0.0015077997922   -0.0042667507517   -0.0068358935416   -0.0026934650099   
-0.0101738471979   -0.0262708966632    0.0106658541115    0.0202592550154   -0.0225417584132   -0.0139753610917   -0.0030875562952   -0.0031199184996   -0.0000545616645    0.0041289374788   
-0.0094315984568   -0.0265140078364    0.0094735754861    0.0183151292431   -0.0224848983360   -0.0157867026106   -0.0026289925418   -0.0011233700568    0.0004877033352   -0.0090223660787   
-0.0100353579439   -0.0269634446732    0.0106587532041    0.0201651009714   -0.0224541030172   -0.0197501418917   -0.0006031206366   -0.0040869980242   -0.0072484706929   -0.0025642733231   
-0.0100571250472   -0.0263454834202    0.0100866158940    0.0208524811151   -0.0179903186359   -0.0155688733062   -0.0043209819565   -0.0017265407170   -0.0085302141700    0.0014091153632   
-0.0098461815338   -0.0267432274449    0.0100436843435    0.0199152424432   -0.0246592222626   -0.0123120458446   -0.0039184085664    0.0009224274075   -0.0056210962870    0.0000755520283   
-0.0101554107369   -0.0269520627311    0.0118648325288    0.0203818027288   -0.0160732229875   -0.0111027356220   -0.0017166904455   -0.0037947829157   -0.0029161692225    0.0245065834093   
-0.0105129681446   -0.0271592228920    0.0106945504722    0.0194667522456   -0.0199992369865   -0.0089566910239   -0.0005470307686   -0.0019273482265    0.0112128403428    0.0160508587214   
-0.0094708867298   -0.0162523012919    0.0193526295495   -0.0072684034881   -0.0190845825987   -0.0119430224320   -0.0021835697097   -0.0002551542990   -0.0116063485757   -0.0315948321979   
 0.0057995183352   -0.0057049241610    0.0165091821724   -0.0137362663585   -0.0079007460206   -0.0078368552761   -0.0017585457146    0.0019290548159   -0.0083493681358   -0.0162151608702   
-0.0021971098780   -0.0066565573307    0.0210390874871   -0.0210379197947   -0.0113145038956   -0.0100914836859    0.0007884266195   -0.0024906530550   -0.0024522598877   -0.0083937978812   
-0.0137756773702    0.0017215224788    0.0408351132292   -0.0594052908027   -0.0001898048977    0.0035625188360   -0.0003262639762   -0.0013983453090    0.0158396199444    0.0143637605233   
-0.0123339835510   -0.0072217806257    0.0308957326189   -0.0337503836861   -0.0061551374671   -0.0034685487011    0.0000755624215    0.0033424379263   -0.0092956655769   -0.0007293624995   
-0.0137044936579    0.0001331584397    0.0398512551368   -0.0564189437581   -0.0015451443865    0.0015997229744   -0.0007180714187   -0.0009278437104    0.0081535684906    0.0124852477807   
-0.0153174088881    0.0116094401933    0.0553011827414   -0.0919876903262    0.0083755020205    0.0192904899623    0.0008761671618   -0.0001138848054    0.0129348127529    0.0330728819302   
-0.0099739372143   -0.0073622697962    0.0290441715790   -0.0329572393339   -0.0096769556110   -0.0014901860693    0.0004463277527    0.0006408634445    0.0066411426357    0.0062067798258   
-0.0130759655898   -0.0020217244207    0.0385358320734   -0.0509587678044   -0.0055759123787    0.0063681124066   -0.0003987361557    0.0026531922272    0.0061398915090    0.0121932393255   
-0.0104716599439   -0.0100409211556   -0.0295824501803   -0.0121027946375    0.0001786187342    0.0002482212815   -0.0026578054367    0.0001447361755    0.0093151891191    0.0070631018096   
-0.0109173903158   -0.0099439736615   -0.0274251831839   -0.0100891862172    0.0012235483853   -0.0013272145004   -0.0005874915563   -0.0022502431548    0.0105756349107    0.0116432861618   
-0.0109141379681   -0.0107329883408   -0.0266131485603   -0.0114128735290   -0.0000542019350    0.0003596174078   -0.0017086067306   -0.0006825830396    0.0133856264433    0.0173867221833   
-0.0104230722379   -0.0123815764445   -0.0267283031251   -0.0080577945520    0.0006065577258   -0.0047108102676    0.0005530838318   -0.0032805719463    0.0120800704188    0.0193799004785   
-0.0152249231218    0.0332879687214    0.0031697337671    0.0166200109299   -0.0208234438379    0.0273414421346   -0.0007110055858   -0.0009305496339   -0.0042237702643   -0.0031646434027   
-0.0151155829890    0.0324664018665    0.0011119713423    0.0150875746601   -0.0203513896338    0.0357407683388   -0.0029965187840    0.0004507285569   -0.0002977514353    0.0003014434956   
-0.0149162640506    0.0332381871672    0.0021473628224    0.0166258392201   -0.0233692415873    0.0369260490466   -0.0004157002976    0.0012837558390   -0.0017685916549    0.0047546729285   
-0.0151624404624    0.0328344904131    0.0027656169940    0.0152611615901   -0.0222429329481    0.0331392316544   -0.0005635771610    0.0024544547256   -0.0033802277974   -0.0017034414113   
-0.0149828290153    0.0327316412473    0.0017108056952    0.0154572487187   -0.0213943227499    0.0272802541765   -0.0010659162034    0.0007348593407   -0.0006469397243    0.0028035222766   
-0.0151429862792    0.0335972297201    0.0028780357199    0.0163555660350   -0.0211192008354    0.0304971777124    0.0011676709888   -0.0006057859509    0.0019153251937   -0.0028193184128   
-0.0098551301522   -0.0260549141741    0.0104490513267    0.0192565169894   -0.0227851763179   -0.0113372113830   -0.0010652633520    0.0011720889240   -0.0012818583935    0.0036572282877   
-0.0102117564968   -0.0265450516938    0.0096868328129    0.0197029269089   -0.0191522241879   -0.0122160415566   -0.0017177928439   -0.0023341657480    0.0069002448426    0.0031909180838   
-0.0105851692832   -0.0269548713289    0.0103322647692    0.0199685342291   -0.0216953496282   -0.0114818827609    0.0013893141529   -0.0031020576645   -0.0005749324954    0.0011075013969   
-0.0106704851864   -0.0272918722962    0.0108752686873    0.0204405631845   -0.0163302525454   -0.0082547382091    0.0004461089716   -0.0073250606114    0.0040726761788    0.0108542448587   
-0.0105189926363   -0.0269988898315    0.0094693872354    0.0193236589237   -0.0210773193390   -0.0119911299177   -0.0036768326741   -0.0033132898559    0.0039550813719    0.0002321191112   
-0.0099373669957   -0.0266866541098    0.0109465025039    0.0193288741607   -0.0227448681226   -0.0152678534346   -0.0008422405973   -0.0013693827451   -0.0046146564581    0.0063555601295   
-0.0099682913700   -0.0271844238809    0.0108480993497    0.0213070852516   -0.0253729236755   -0.0154133494934   -0.0013601797956   -0.0022292666529   -0.0081611015689   -0.0059744360058   
-0.0096892288112   -0.0268701792755    0.0102202809004    0.0210082524346   -0.0186234379891   -0.0120974320018   -0.0026383183556    0.0027715549559    0.0071683004736   -0.0077552844764   
-0.0105865093266   -0.0272205529919    0.0091909034978    0.0194895270899   -0.0228135849066   -0.0177968899959   -0.0006226650626   -0.0022392369013   -0.0004560046176   -0.0070119859350   
-0.0103438708713   -0.0270143709684    0.0088366283269    0.0201290613903   -0.0190157356851   -0.0167474152822    0.0007788737424   -0.0031042392445   -0.0103085640071    0.0022371067609   
-0.0103417307408   -0.0261413019850    0.0101657599915    0.0198434248815   -0.0205963581228   -0.0150952990344   -0.0012506627169   -0.0045069611947   -0.0030655157152   -0.0007153574033   
-0.0101232107328   -0.0262424895749    0.0111666597282    0.0186449342836   -0.0211436609778   -0.0154885482281   -0.0028498691662   -0.0003728975661   -0.0056708847538    0.0032960524867   
-0.0102080216143   -0.0273305268681    0.0093027066740    0.0196324590761   -0.0215647649013   -0.0115574513367   -0.0019320869370   -0.0033240792595   -0.0115270087332    0.0070736693316   
-0.0101355353056   -0.0265170510968    0.0110390645902    0.0199821325000   -0.0209650143809   -0.0136848227207   -0.0010588653372   -0.0052379309002    0.0025214909189   -0.0018374839825   
-0.0096025591121   -0.0269474487358    0.0114906116784    0.0191396836329   -0.0230076204404   -0.0181190265987   -0.0023348679255   -0.0000516254615    0.0028161347668   -0.0032014352141   
-0.0100613135022   -0.0263829819969    0.0112928057342    0.0198352880136   -0.0277389812330   -0.0187958699157    0.0001736210176   -0.0019350946714   -0.0083214991946    0.0019692759805   
-0.0104076435365   -0.0271800020969    0.0108252281986    0.0206827823326   -0.0192482395774   -0.0151493767878    0.0005256518054   -0.0055748404640    0.0049970654217    0.0128956692014   
-0.0098347197994   -0.0259023062344    0.0097266033292    0.0186879615364   -0.0288440880476   -0.0194999656922   -0.0008905905340   -0.0021835976505    0.0049602057552    0.0037416842221   
-0.0076922267041   -0.0264200083421    0.0094024595532    0.0185027745833   -0.0299304715606   -0.0167484481453   -0.0020190554555   -0.0005273661178   -0.0102871602540   -0.0067225207498   
-0.0087727114804   -0.0262304687680    0.0095744416833    0.0198514948999   -0.0297678352539   -0.0205419038833   -0.0015370609590   -0.0017343388462   -0.0040773075706   -0.0004222146073   
-0.0106825650585   -0.0278231366916    0.0108160844904    0.0198362655712   -0.0264467552912   -0.0141073244972    0.0022555252583   -0.0056494698746    0.0038602223218    0.0012178302854   
-0.0101971842569   -0.0270710307084    0.0104576010018    0.0209021378883   -0.0214191792661   -0.0119459550253    0.0005007714193   -0.0025074388879    0.0084499065120   -0.0181330429632   
-0.0094403508070   -0.0257785012925    0.0089064616223    0.0187028839428   -0.0201607965291   -0.0079915661226   -0.0004300732014    0.0002872881988    0.0002061926469   -0.0017436806684   
-0.0087977003174   -0.0261920031971    0.0102102416043    0.0192160430486   -0.0177562167332   -0.0109838693759    0.0015075722620   -0.0032464954478   -0.0117231957596   -0.0116302091639   
-0.0101217304796   -0.0272081318980    0.0101591344523    0.0209532602711   -0.0243294664913   -0.0161764885376   -0.0012977770634   -0.0012833124655   -0.0058742336592    0.0055328401599   
-0.0103929968431   -0.0272923464398    0.0103779409479    0.0181075922183   -0.0186172742685   -0.0118665194313   -0.0011302998199   -0.0026068774560    0.0068181091503   -0.0009522420104   
-0.0105985219848   -0.0276788290897    0.0108003706789    0.0202680563967   -0.0241064919567   -0.0147867414060   -0.0021295416787   -0.0073655737413    0.0028023309543    0.0165401607664   
-0.0106568823837   -0.0273131436791    0.0099983154171    0.0201046916128   -0.0203422596348   -0.0200892540178   -0.0002766106650   -0.0055820133503   -0.0019903589140    0.0075836029854   
-0.0107602794371   -0.0280880898881    0.0128452728100    0.0215219313729   -0.0221706490227   -0.0135866045410   -0.0014791245406    0.0002144610031   -0.0071870181235   -0.0071234019477   
-0.0104548062235   -0.0271336636986    0.0104900170417    0.0214091247092   -0.0230846005389   -0.0132992398949   -0.0005941059030    0.0000796506009   -0.0062874676985    0.0002710599988   
-0.0103317933475   -0.0275153588524    0.0114132501702    0.0203855373961   -0.0241405378158   -0.0125771155278   -0.0009427529920    0.0014505721575   -0.0019547204767    0.0001560313655   
-0.0102416239373   -0.0272553677129    0.0117169601455    0.0194494886435   -0.0211035453518   -0.0130001208936   -0.0022344399357   -0.0017711258695   -0.0004558111814   -0.0051353752509   
-0.0107733712595   -0.0277408785133    0.0103706081271    0.0198698480325   -0.0218713693631   -0.0150551865484   -0.0015262666387   -0.0026469105710    0.0025408377924    0.0158186102977   
-0.0108078331861   -0.0274718643610    0.0114449302258    0.0202508487144   -0.0179604769424   -0.0146979233959   -0.0026806237201   -0.0041331781393   -0.0056097637305   -0.0072862908432   
-0.0096794024311   -0.0264092495527    0.0103852259001    0.0190167255549   -0.0197354908766   -0.0122820800297   -0.0012989001077   -0.0002392779041   -0.0030679143053   -0.0098445024574   
-0.0101132280794   -0.0269824678649    0.0101263650880    0.0187656988499   -0.0164992188194   -0.0108710130035   -0.0007314537177    0.0006626089736    0.0011892596354    0.0145796000912   
-0.0081770376927   -0.0261659224090    0.0097972755274    0.0189204004705   -0.0250977874736   -0.0172818681379   -0.0028299068163   -0.0007355240912   -0.0037774641189   -0.0115114818901   
-0.0085585379418   -0.0255541995571    0.0101266072558    0.0195738580438   -0.0276880147455   -0.0173883514804    0.0000851365428   -0.0018887803294   -0.0087567422610    0.0008326011871   
-0.0098688844310   -0.0260000609718    0.0093568232245    0.0171330535850   -0.0218830689289   -0.0181982340052   -0.0031591958716   -0.0017497104525   -0.0054545657186   -0.0023388354135   
-0.0100060423393   -0.0269912376413    0.0094644897893    0.0200280531336   -0.0257946407205   -0.0167132793441   -0.0030382778819   -0.0067600334147    0.0017826065964   -0.0042659915745   
-0.0112226598126   -0.0276964642299    0.0124550741897    0.0200984588415   -0.0213068721663   -0.0135453280369   -0.0030912685014   -0.0038664667793   -0.0143809370855   -0.0069879907112   
-0.0112991645362   -0.0284617452347    0.0130324528148    0.0212682193836   -0.0229453515992   -0.0183157088445    0.0000779303932   -0.0050263792421   -0.0142311400257    0.0051463132549   
-0.0093854256707   -0.0262285905393    0.0090774292819    0.0186331126485   -0.0219272085180   -0.0135188603886   -0.0019459777401    0.0010111727959   -0.0079588682797    0.0001154388321   
-0.0096351173341   -0.0266937318632    0.0113548874738    0.0214356759720   -0.0223800237864   -0.0152653298610   -0.0011868888110   -0.0005456014422   -0.0043993343646   -0.0031586696177   
-0.0098329001750   -0.0266410330380    0.0107142242466    0.0200915034715   -0.0163661225145   -0.0109183553431    0.0002638558898   -0.0016668732292   -0.0063152087605   -0.0111832931497   
-0.0102583914338   -0.0259399948901    0.0095019171708    0.0190034698878   -0.0196593725061   -0.0080956475077   -0.0003613930674   -0.0002782885762   -0.0126443034381   -0.0054959816088   
-0.0099019887025   -0.0268638544742    0.0101514138042    0.0192286189264   -0.0199905427721   -0.0124585295641   -0.0015141847608   -0.0022228352368   -0.0043487060213   -0.0013053108287   
-0.0098855023152   -0.0270110562765    0.0081890082371    0.0203098598452   -0.0191616395775   -0.0099407415914   -0.0019681142668    0.0006797105800   -0.0059387974633    0.0029490093092   
-0.0106458938780   -0.0272797285494    0.0110764033085    0.0211683940194   -0.0233703469256   -0.0148601095082   -0.0022387803727   -0.0020841937927   -0.0075374629855    0.0033587322628   
-0.0104746570381   -0.0274460095739    0.0101644491249    0.0183595145510   -0.0236271262516   -0.0173722268286    0.0009073491035   -0.0023517244954    0.0003755053197    0.0097471110864   
-0.0101754616127   -0.0262756682167    0.0104986880577    0.0209586513405   -0.0250280658852   -0.0165748162827   -0.0029258489650   -0.0039853867088    0.0016566118229    0.0072499116598   
-0.0100678154059   -0.0260161051717    0.0079657915744    0.0191715479424   -0.0201753641806   -0.0153717854724   -0.0002375583328   -0.0005753145971    0.0077649260490   -0.0054952541082   
-0.0102565971522   -0.0280023072467    0.0108892156596    0.0205192456119   -0.0231376056953   -0.0150036697541   -0.0004547895627   -0.0054282713866   -0.0025959610704   -0.0027568028690   
-0.0105261204616   -0.0280595827062    0.0100160308517    0.0207536439067   -0.0146137794092   -0.0099504499954   -0.0001452748966   -0.0026632552481    0.0009711903468    0.0207307890113   
-0.0100986847336   -0.0272661081110    0.0097735852654    0.0185873494019   -0.0225038612557   -0.0148236522527   -0.0010785814525   -0.0008749043154   -0.0058533728168   -0.0112495055222   
-0.0096984199313   -0.0266928452172    0.0098442734913    0.0189347277106   -0.0204873139059   -0.0173723422307   -0.0017164041021   -0.0048262653558    0.0074326257868    0.0110597974083   
-0.0099182124842   -0.0270173431327    0.0105645406503    0.0197337924790   -0.0250046798162   -0.0145859025184   -0.0001185052467   -0.0017637264670   -0.0119333646882   -0.0049408112370   
-0.0097562692346   -0.0269277898905    0.0104773347558    0.0212059891240   -0.0229524937827   -0.0188358715117   -0.0007566618477   -0.0030498020603   -0.0095164306179    0.0023273013000   
-0.0102765095227   -0.0269798010781    0.0119927550584    0.0196495837313   -0.0224002717846   -0.0147212641933   -0.0007785120833   -0.0010002581634   -0.0005216040987   -0.0033714867755   
-0.0107854937919   -0.0280160596643    0.0116898545390    0.0199347452853   -0.0198785545279   -0.0152551256087   -0.0004830859327   -0.0018183341478   -0.0011932303511   -0.0020818392906   
-0.0104201867469   -0.0277614124347    0.0103923913601    0.0210178807591   -0.0220472771261   -0.0151059576710   -0.0010689318701   -0.0057724255136   -0.0014456107359   -0.0018600597483   
-0.0107475222815   -0.0283195146424    0.0115735690407    0.0210184645829   -0.0181346995370   -0.0138426560851   -0.0011754062694   -0.0055120151194   -0.0030899933308    0.0099601762114   
-0.0110201432025   -0.0266570078376    0.0099467709510    0.0182740917112   -0.0213641330177   -0.0133445288133   -0.0039736302360   -0.0065199753767   -0.0008647611117    0.0065284443476   
-0.0107192981117   -0.0272338108703    0.0114143601527    0.0201961002089   -0.0189206688795   -0.0124702611757   -0.0031509785325   -0.0023782257182   -0.0003058884421    0.0028134855532   
-0.0107097862177   -0.0275169320568    0.0109335963154    0.0216099199697   -0.0186040916630   -0.0119987705957   -0.0019004995970   -0.0000620825727    0.0023488234040    0.0059001814956   
-0.0103541107382   -0.0274324397841    0.0105202714450    0.0196799385185   -0.0216209497530   -0.0173234302462   -0.0019596114499   -0.0023755628451    0.0019291635411   -0.0020294726146   
-0.0098053632465   -0.0269105487098    0.0102632178415    0.0193865151376   -0.0218697462360   -0.0125501050099   -0.0013927526591   -0.0031075181522   -0.0039669230697   -0.0084702744492   
-0.0103212115678   -0.0268634839779    0.0109596080648    0.0204676002877   -0.0227832815121   -0.0159533825261   -0.0018892583596   -0.0019406562060    0.0038703436782    0.0032255218873   
-0.0108552509245   -0.0278570041954    0.0107256561527    0.0206529817532   -0.0143309783782   -0.0086909115794   -0.0019632261508   -0.0032692157506    0.0041072271144    0.0007077965966   
-0.0108170409816   -0.0276273661191    0.0107573480831    0.0198714048222   -0.0183937720805   -0.0138548043796    0.0004554631776   -0.0026989748525   -0.0021724816744    0.0034498661078   
-0.0115503651015   -0.0273167386909    0.0121135206497    0.0191375797356    0.0026884770815    0.0038047686696   -0.0004870455330   -0.0024543393683    0.0061880472392    0.0398778743948   
-0.0115418891474   -0.0271751084273    0.0099131634540    0.0175624446597    0.0063047639967    0.0066601233281    0.0004048583210   -0.0029472565391    0.0103080844442    0.0338871106891   
-0.0113394366086   -0.0274809322959    0.0099360191197    0.0182597064497    0.0071795063378    0.0026550325051   -0.0003013278546   -0.0027081946602    0.0228826122234    0.0468218690756   
-0.0153086631652    0.0344714609060    0.0028470351235    0.0184782296493   -0.0263881082339    0.0444823526436   -0.0023245789134    0.0017446586489   -0.0004692079524   -0.0016882416112   
-0.0149131822939    0.0334996349069    0.0020512202036    0.0168561499637   -0.0269594700831    0.0378415707685   -0.0019744044511    0.0001736297972   -0.0059751425533   -0.0064322142896   
-0.0152808115308    0.0337481361842    0.0028997994948    0.0163663521825   -0.0289724574082    0.0429105644473   -0.0030419830849    0.0027064613537    0.0040940667243   -0.0158668521476   
-0.0150257003548    0.0336066871601    0.0024656854357    0.0164223130233   -0.0324785056871    0.0474904431829   -0.0015408109295    0.0011794850156   -0.0086266499089   -0.0031926920018   
-0.0154454049267    0.0332390774273    0.0050729373084    0.0141801228474   -0.0048312332607    0.0021934409988    0.0010085756342   -0.0021359179019    0.0025154842664    0.0002520855107   
-0.0154430756357    0.0346069311685    0.0032831770166    0.0170562510748   -0.0287411939349    0.0425996026313   -0.0004901194339   -0.0015892001919    0.0015015428711   -0.0055936626764   
-0.0151053082077    0.0337160854805    0.0039375645786    0.0177490453313   -0.0254213110672    0.0376210073117   -0.0030843762655   -0.0021065516620   -0.0017579230206   -0.0068335597918   
-0.0149676302449    0.0335001763527    0.0022712369204    0.0170251209656   -0.0268708125469    0.0442508716124   -0.0022421720234    0.0020055825350   -0.0035850774862   -0.0016196940184   
-0.0149933817097    0.0336415584013    0.0029661068586    0.0159579965532   -0.0240948231416    0.0354158510941   -0.0023398581490   -0.0000929770244   -0.0021598102322   -0.0007928989038   
-0.0150954952442    0.0335029155520    0.0028332981954    0.0164518846021   -0.0282815199960    0.0428105146528   -0.0014535984432    0.0006126260073   -0.0001264745257   -0.0052336557872   
-0.0151894192165    0.0335051347370    0.0027624115462    0.0177327795593   -0.0274435336202    0.0405858660523   -0.0027519147278    0.0026871973668   -0.0039030565897    0.0035092267969   
-0.0149747857002    0.0338007425498    0.0033345214721    0.0178535686707   -0.0306483218699    0.0466824201861   -0.0031266245399   -0.0017410997710    0.0007355288982   -0.0035904594839   
-0.0149983321219    0.0334874208091    0.0025032736817    0.0174192344311   -0.0276441255624    0.0426613284963   -0.0001531898646    0.0017024193269   -0.0060531707149   -0.0120518928160   
-0.0153808814047    0.0334929207080    0.0029789172113    0.0178098429093   -0.0256263991121    0.0367951769306    0.0005729492924    0.0030329672112   -0.0058327895090   -0.0023665497296   
-0.0152268480688    0.0335899804379    0.0025282671872    0.0183384406665   -0.0291939560091    0.0455198947663   -0.0014498216427    0.0027260434052   -0.0036194181470   -0.0041233946869   
-0.0151501095768    0.0334007224250    0.0024150066318    0.0164173992084   -0.0277878349547    0.0457103009497   -0.0036871840720    0.0006114443913   -0.0065545410479   -0.0076674897965   
-0.0152453583372    0.0338705751129    0.0034137797377    0.0183214902672   -0.0333011820010    0.0474257259786   -0.0038582629893   -0.0004442607929   -0.0003472227158   -0.0052518899627   
-0.0152701378549    0.0338941160695    0.0034838748775    0.0159957651529   -0.0299662443800    0.0424783024254   -0.0012097663557   -0.0017172384519   -0.0062850204887   -0.0026025873940   
-0.0150155763484    0.0339698575698    0.0025959727332    0.0172778581472   -0.0251552157097    0.0385118054943    0.0004828473601   -0.0007335849240   -0.0015131909734   -0.0015438927291   
-0.0149772257942    0.0335216164739    0.0024698900031    0.0157302750467   -0.0279121722348    0.0435881861879   -0.0001862927695    0.0041720444561   -0.0059728209904   -0.0061690868517   
-0.0150614790025    0.0338985163004    0.0034031684816    0.0183974540925   -0.0303519982109    0.0443778666335   -0.0033800571950    0.0028483039607    0.0027968446832    0.0046526311894   
-0.0148389205743    0.0334651610365    0.0023710629704    0.0179617358933   -0.0283379487148    0.0444993070352   -0.0004302739920    0.0015718349112   -0.0072650900773   -0.0028072108170   
-0.0151457912287    0.0329301481962    0.0015977634332    0.0164260063731   -0.0197389956799    0.0294544465890   -0.0016126963174    0.0015781257621   -0.0045672254192    0.0008554226153   
-0.0150749932525    0.0325986228677    0.0025912149087    0.0164569153991   -0.0268858931529    0.0346928914822   -0.0018351890947    0.0023437719464    0.0023274300722    0.0027497288740   
-0.0151272664965    0.0326103292756    0.0018449249102    0.0177239665193   -0.0219613764749    0.0318583251790   -0.0024445590557    0.0009708551746    0.0011044999634   -0.0018464262317   
-0.0151016334100    0.0324745129107    0.0010767354883    0.0157708157043   -0.0238279000519    0.0316803203560   -0.0023076886956    0.0019184123077   -0.0031317700030    0.0045219338347   
-0.0149857742062    0.0322647408493    0.0022449839240    0.0147851761638   -0.0224524308653    0.0340124887810   -0.0025464433224    0.0013316699456   -0.0024210474480   -0.0009840312511   
-0.0150664688120    0.0324593345848    0.0026944745877    0.0158396802989   -0.0197212453698    0.0315864140738   -0.0010419994263   -0.0025933475946    0.0020295765985   -0.0039464887545   
-0.0149219939088    0.0323907638670    0.0011825893305    0.0167282301230   -0.0202559435516    0.0293272497852   -0.0014809249268    0.0002733872787   -0.0039129833632    0.0021771253491   
-0.0149665814285    0.0322117241882    0.0014454990060    0.0155970905577   -0.0231628917169    0.0372650113286   -0.0026647606463   -0.0000343879423    0.0006522623694    0.0010061985635   
-0.0151215048013    0.0332899316807    0.0016954572528    0.0152333044658   -0.0198899979892    0.0350552143793   -0.0021484134406   -0.0018510103845   -0.0026238216048    0.0020181557252   
-0.0152463194476    0.0323475932853    0.0012248714271    0.0164134512776   -0.0229491141680    0.0326113155581   -0.0038585770323    0.0008548628263   -0.0024264186663   -0.0033014666996   
-0.0148245797021    0.0327745137955    0.0038627155408    0.0146635928646   -0.0212120108048    0.0336085159825    0.0006865263491   -0.0007853951800   -0.0023553903732    0.0000825639165   
-0.0151134511930    0.0334891705228    0.0032276590848    0.0156876078410   -0.0253527552895    0.0352534498196   -0.0019347834595   -0.0001098214359    0.0044468320361   -0.0084505047833   
-0.0152835231014    0.0329158610727    0.0015757832040    0.0156016582592   -0.0205056385127    0.0337594797740   -0.0042758969113   -0.0016447619870    0.0016961598186   -0.0007572297027   
-0.0149308544952    0.0329144010266    0.0014983856803    0.0157934548246   -0.0214820078876    0.0334380332651    0.0002032733658    0.0005704986330   -0.0013746332329   -0.0075144886894   
-0.0148149388935    0.0322916667862    0.0014901952379    0.0163305468875   -0.0206276877292    0.0317152964117    0.0008262756807    0.0010799998838    0.0008751698917   -0.0000385281303   
-0.0152224269371    0.0329738527173    0.0026030823088    0.0158723294669   -0.0175078065655    0.0322339835389    0.0013856887070    0.0002102062728    0.0001089451304   -0.0114962941806   
-0.0151991914260    0.0336389285341    0.0026736626292    0.0158670714520   -0.0207517372813    0.0345562542363   -0.0010387188888    0.0024333346706   -0.0003617302011    0.0027294012345   
-0.0151467499795    0.0333257009943    0.0038037082819    0.0167079361425   -0.0230873892335    0.0347669509736   -0.0029804333485    0.0008865946430    0.0007426777090    0.0025068512005   
-0.0150484893751    0.0332476381048    0.0027119217091    0.0154770637701   -0.0259190072389    0.0369855860237   -0.0017996324502    0.0010173802775    0.0003950910431   -0.0020208432386   
-0.0152056729926    0.0326922439966    0.0005463594264    0.0152526374258   -0.0209978305527    0.0316456236095   -0.0010705430951    0.0002669042335   -0.0000700443681    0.0029293032837   
-0.0151696431917    0.0331108381606    0.0019489623034    0.0159062753848   -0.0184071712076    0.0303162291762   -0.0003083365775    0.0001218388490   -0.0044278597976    0.0027999424418   
-0.0152473134037    0.0334372573312    0.0022370873521    0.0156618232618   -0.0177290142011    0.0310584241520   -0.0021056372306   -0.0011544290148   -0.0041482555928   -0.0022958288176   
-0.0148450640740    0.0331774988607    0.0020065299222    0.0162284522260   -0.0201463176906    0.0296407152988   -0.0015770133553    0.0010835934492   -0.0053398004726    0.0002981308627   
-0.0152178551652    0.0329386938829    0.0024569771136    0.0167084436852   -0.0187460254410    0.0338355577912   -0.0006027351035    0.0034043392634   -0.0006974597351   -0.0055453710839   
-0.0150763560442    0.0320953650476    0.0013165439233    0.0147324655418   -0.0234887058161    0.0336999134570   -0.0020983681237    0.0001769936946    0.0003525309813    0.0003559448014   
-0.0149479234657    0.0323614872029    0.0019784992796    0.0154616523956   -0.0228943572559    0.0284305732033   -0.0020541600560    0.0003246186221   -0.0015416663442   -0.0043759800003   
-0.0153969559585    0.0330239543052    0.0022346004214    0.0164477196458   -0.0259479837223    0.0374756918635   -0.0009142608756   -0.0010106532725   -0.0012534550747    0.0015386120340   
-0.0151012727009    0.0333722203288    0.0027605849965    0.0166606695304   -0.0214205502852    0.0365431732761   -0.0020963314422    0.0003656551853   -0.0061522060264   -0.0023123754694   
-0.0150859819234    0.0334754746633    0.0034174451038    0.0161416397057   -0.0215710604640    0.0345313027465    0.0018088287324    0.0006800705935    0.0041459585905   -0.0064121194503   
-0.0149729846375    0.0328341012847    0.0011578634119    0.0155114287204   -0.0231909779299    0.0335459370265   -0.0018174607827    0.0016749342267   -0.0071468928103    0.0015725702251   
-0.0152422399039    0.0325982824659    0.0029027499878    0.0131733555929   -0.0159343060302    0.0236262307836    0.0013932785409    0.0013776214136    0.0014916530058    0.0004546317399   
-0.0150692711164    0.0326006394675    0.0026566815796    0.0166249995450   -0.0195943875703    0.0269630468594   -0.0030369402110   -0.0013162132338   -0.0013848461498   -0.0060569967360   
-0.0151219149501    0.0327982541983    0.0027011011110    0.0146703776759   -0.0210365213824    0.0316360549295   -0.0012124828358    0.0016541896196    0.0013451511845   -0.0048321346923   
-0.0151706838296    0.0323282748370    0.0019335331671    0.0154895007649   -0.0207766650582    0.0320413612706   -0.0016029583582   -0.0010513129596    0.0013954745917   -0.0046694680887   
 0.0273959112534   -0.0003273967996    0.0015513706138    0.0026415562437    0.0035016466783    0.0004406391017    0.0038850467980   -0.0143630319233    0.0103537182322    0.0039634965637   
 0.0140484842255    0.0013701170303   -0.0131919720133   -0.0049222477479    0.0006944767285    0.0031904077980    0.0035012280284   -0.0151317604722   -0.0125992318819    0.0036178033965   
 0.0337854326820    0.0029218330459    0.0007820409801    0.0013781926071    0.0025754024449    0.0026287344213    0.0104682518208   -0.0183471270799    0.0012066531230    0.0073603921878   
 0.0288256565008   -0.0002624339988    0.0013706196211    0.0023226041522    0.0030937908518    0.0026567716020    0.0020177752695   -0.0249482351352    0.0021678397808    0.0096629965874   
 0.0324395641150    0.0019927962123    0.0008306750408    0.0011360927660    0.0008431679091    0.0011730829305    0.0029232360022   -0.0169580685151    0.0009272046574    0.0019188464753   
 0.0296944637066    0.0004599104781    0.0013860151734    0.0009363827414    0.0030367781404    0.0010323746764    0.0037024387670   -0.0166457436771    0.0038896246697    0.0100812982799   
 0.0338647962441    0.0030874380115    0.0007779266831    0.0001944464989    0.0004848455793    0.0026869465557    0.0064940482278   -0.0161460652125    0.0018561314257    0.0030848089046   
 0.0292230888380    0.0001443658589    0.0021259743769    0.0020563341037   -0.0003319755960    0.0013185294050    0.0053899756975   -0.0230504560410    0.0036479446452    0.0045819471424   
-0.0109703224869    0.0045295021471    0.0420237472241   -0.0658191770512    0.0020365790011    0.0078044156655    0.0026699116398    0.0012804384096    0.0033982804084    0.0067299105348   
-0.0079135372700   -0.0002200483226    0.0343727776945   -0.0482599941761   -0.0075465684807    0.0033509348877    0.0033898119560    0.0015694729140    0.0066467863670    0.0081843881790   
 0.0316286837654    0.0015814631714    0.0008026500995    0.0032662098089    0.0029714460415    0.0015054122356    0.0035709456464   -0.0190907677138    0.0006393926159    0.0100647008988   
 0.0339181779732    0.0035574664055    0.0003169388030    0.0003424945759    0.0040021482765    0.0009641352473    0.0063824222748   -0.0216150824218   -0.0029317476109    0.0087714263732   
 0.0309297488852    0.0006749194746    0.0009926961415    0.0019205181710    0.0032393522470    0.0047330196852    0.0069980007098   -0.0165688263473    0.0017232592365    0.0133322336306   
 0.0280441660492   -0.0009230768644    0.0020479125934    0.0023230932457   -0.0010815288567    0.0047407638706    0.0065262522595   -0.0161985212144    0.0010824889309    0.0116327445554   
 0.0316771614340    0.0016621979893    0.0002866147045    0.0011190690246   -0.0007090117338    0.0016037923563   -0.0010137562517   -0.0201342219123   -0.0003182519160   -0.0016953535194   
-0.0142269608092    0.0081752400565    0.0497415103863   -0.0809821752119    0.0073551036773    0.0139708500961   -0.0010278803100    0.0007322242535    0.0186873401710    0.0316468034706   
-0.0143529410949    0.0045235817617    0.0452294684545   -0.0704794395165    0.0001661261633    0.0072122618028   -0.0010432330781    0.0021240657079    0.0042600810917    0.0120227661865   
-0.0156485219735    0.0126731446152    0.0556563724731   -0.0955090756140    0.0102342234611    0.0196580027325    0.0011215356370    0.0024937317283    0.0136194247517    0.0327247731430   
-0.0142903312937    0.0044677196317    0.0447877357883   -0.0677858870907    0.0011020301410    0.0044362038353    0.0000606014350   -0.0018963871050    0.0065634150376    0.0106768008790   
-0.0152549759435    0.0119165236729    0.0543922101765   -0.0887644656294    0.0069244603760    0.0157748403068    0.0021539747882   -0.0006987397061    0.0152829473873    0.0262514266925   
-0.0090703767552    0.0080773970552    0.0386731404846   -0.0611400229164    0.0040074815268    0.0103824493196    0.0018619122001   -0.0029739859450    0.0082841694969    0.0179836425272   
-0.0159828850913    0.0140698961665    0.0566607056199   -0.0955290220878    0.0104722580823    0.0183777524302    0.0021743443726    0.0027153955053    0.0135746374869    0.0255004539236   
-0.0155219470888    0.0112041314528    0.0532637384167   -0.0888476185598    0.0089934809054    0.0180631740425    0.0031892235440    0.0000530177570    0.0154756633465    0.0237390200225   
-0.0144935924507    0.0049389037784    0.0473793515312   -0.0758180736788    0.0001811323772    0.0106022708891    0.0020229063140   -0.0008796035389    0.0090173783388    0.0154828041622   
-0.0097098020047    0.0047449562023    0.0377623981482   -0.0542780070271   -0.0004037502886    0.0079026025316    0.0000910303382   -0.0006093991576    0.0054630360858   -0.0011685142726   
-0.0139451978363    0.0032772182902    0.0443327523372   -0.0675890070092   -0.0007407118593    0.0113099357393   -0.0012211907342    0.0029589088315    0.0084480311882    0.0179175769836   
-0.0123627808589    0.0011477922158    0.0391371720795   -0.0568087333030    0.0001758121964    0.0058111804384    0.0023431783632    0.0008006391896    0.0099947088069    0.0228901156189   
-0.0155466527865    0.0137111635789    0.0559670110974   -0.0954056787440    0.0117039749724    0.0147700879432    0.0004341572604    0.0014955325406    0.0078344876792    0.0274626225512   
-0.0139745150388    0.0043755043080    0.0461096137112   -0.0706349465003    0.0045723358367    0.0135223002248    0.0010924823687   -0.0014635676953    0.0032370178421    0.0239395424897   
-0.0118477345389    0.0085439380182    0.0458625936106   -0.0745516444586    0.0056985944927    0.0075817146710    0.0000760434791    0.0011959115058    0.0016594289304    0.0128291134087   
-0.0144796423507    0.0073647017171    0.0478683128148   -0.0786876813149    0.0034589661425    0.0070522572801   -0.0000974644477    0.0017222871668    0.0083381717792    0.0202001002779   
-0.0145335628798    0.0179291459698    0.0310950653649   -0.0415893013454    0.0003539470160    0.0064885961156    0.0011287319770    0.0002089720501    0.0092599713024    0.0164361901673   
-0.0144461574406    0.0054826633783    0.0464855807138   -0.0715555467552    0.0036828057414    0.0089951163524    0.0002923363703    0.0007678987891    0.0130246701394    0.0219871655227   
-0.0124150734074   -0.0002875421957    0.0367041005537   -0.0503709688707   -0.0043496108391   -0.0022484508653   -0.0013132023396   -0.0024745619294   -0.0042743818366    0.0005530973489   
-0.0061271076751    0.0085381918505    0.0369214603256   -0.0599283759833   -0.0007081023879    0.0105833115338    0.0010352649488   -0.0030848536353    0.0126243917501    0.0142727726308   
-0.0123612322678    0.0097658074840    0.0484735368697   -0.0791787006322    0.0042921966513    0.0087835543999   -0.0012257639852   -0.0011191356792   -0.0011473957645    0.0097844216278   
-0.0145109753681    0.0133290419758    0.0521718755859   -0.0927013218743    0.0069806925096    0.0125569183917    0.0022934270262   -0.0003644779683   -0.0005520298266    0.0119493924786   
-0.0144561972355    0.0094574941007    0.0501869954254   -0.0836483552066    0.0043977917276    0.0117966514749    0.0024311874987    0.0013347526119    0.0041657114909    0.0243641218813   
-0.0150829372624    0.0107333108253    0.0510159418296   -0.0844318248257    0.0060857715199    0.0147789708476    0.0019412775559    0.0024869340884    0.0139009775798    0.0223629808210   
 0.0320149775332    0.0008260365388    0.0021609053689    0.0020468111088    0.0019526021346    0.0005813913695    0.0114545866432   -0.0188038802502    0.0000895309454    0.0045979743948   
 0.0285283489179    0.0000988984658    0.0021833157098    0.0018932822520   -0.0008259143417    0.0064234110719    0.0029203446465   -0.0211890947335    0.0034910283455    0.0116677123832   
-0.0159030490187    0.0138937359914    0.0552881379336   -0.0949342516345    0.0108792840694    0.0162200360463    0.0012918952697    0.0011582240124    0.0147659511675    0.0202746376472   
-0.0096257377604    0.0004802944124    0.0353732411706   -0.0502577048333   -0.0028350416559    0.0024643039664    0.0016727648177    0.0012268475177    0.0057161811543    0.0047625956400   
-0.0132151210232   -0.0003812003799    0.0390507274616   -0.0541834129623   -0.0034310339785    0.0062101573600    0.0013909731273   -0.0009046370691    0.0131530121427    0.0106069329910   
-0.0156486253011    0.0128434855586    0.0537081858689   -0.0892664061076    0.0095997317538    0.0110472951603    0.0015840378811    0.0025283148000    0.0128305681022    0.0235435173151   
-0.0138230534763    0.0003776349438    0.0399080073236   -0.0563457659434   -0.0001063138674    0.0043728981892    0.0002943332334    0.0012490361324    0.0139395436127    0.0198646104411   
-0.0060024791693    0.0015461442720    0.0349014257528   -0.0483583113958    0.0025901786819    0.0028191743689   -0.0024640886710   -0.0038892706838    0.0013060624543    0.0104684811950   
-0.0133623283881    0.0073118398207    0.0474378813651   -0.0753047571342    0.0063086341505    0.0129930674565    0.0016850459947    0.0017177596514    0.0114888771231    0.0241720472011   
-0.0151716921229    0.0128955846696    0.0538460440809   -0.0900504589193    0.0048995595592    0.0123490558888    0.0012019672134   -0.0011170686261    0.0054826096393    0.0090214456600   
-0.0135450172221    0.0009457819125    0.0414356836092   -0.0602052364068   -0.0005703442432    0.0096073999897    0.0007733155047    0.0022856695459    0.0097678084683    0.0128695200636   
-0.0142869775419    0.0057166231897    0.0477033272954   -0.0741594237421   -0.0004098340292    0.0086385203774   -0.0000282277899    0.0000451121658    0.0092964724866    0.0133089549574   
-0.0136149184801    0.0022046960050    0.0409570128245   -0.0627936626127   -0.0010727405137    0.0093079494921    0.0011880048726    0.0031595191947    0.0117447281451    0.0202134462944   
-0.0129673418118    0.0036704745178    0.0424628545096   -0.0666563972776   -0.0006592811233    0.0064161303583    0.0005560227825    0.0008881155693    0.0053822064217    0.0138715554166   
-0.0144992565770    0.0053543810163    0.0453428793937   -0.0691736113938    0.0034880875405    0.0078636916773    0.0004008593223    0.0004860400538    0.0111394466263    0.0287561774126   
 0.0316815399354    0.0014035057828    0.0015431343887    0.0013441389807    0.0023987184411   -0.0014036255152   -0.0003962884530   -0.0163659989258   -0.0012459064488   -0.0024689226757   
 0.0293589867732   -0.0004415927794    0.0030513376857    0.0032263105557    0.0005643681537    0.0015717759973    0.0059920336332   -0.0255073140061    0.0051179175029    0.0100468245258   
 0.0148129590367   -0.0106102851720    0.0046956012323    0.0071580834553    0.0048477796129    0.0030256439643   -0.0005010710879   -0.0099010517672    0.0035490222480    0.0228584713998   
 0.0279184826684   -0.0006868349099    0.0027650346467    0.0025379953048    0.0043761467519    0.0001912081851    0.0057796971447   -0.0236163868204    0.0020663924415   -0.0018481582412   
 0.0317617081773    0.0016571437247    0.0014434179260    0.0024889822428   -0.0004898056056    0.0011318671082   -0.0013630369603   -0.0177476390482   -0.0047309556721   -0.0038972317889   
-0.0135608897707    0.0043966050327    0.0444756375318   -0.0670657799618    0.0002405070710    0.0112395562621   -0.0005714151735   -0.0033556734687    0.0105222504714    0.0276745456871   
-0.0153902221411    0.0104602874644    0.0508382494300   -0.0860854123219    0.0094597415858    0.0132537671184    0.0016515138939    0.0020406159803    0.0151518907557    0.0214951682434   
-0.0148641731158    0.0092279006292    0.0496769921611   -0.0831999009556    0.0083700766143    0.0123859854457    0.0019350070420    0.0003147176908    0.0095412056774    0.0172716301132   
-0.0142573333142    0.0051491171217    0.0453579227535   -0.0703239794618    0.0024362137152    0.0115742797348    0.0003766206612    0.0018105586817    0.0041738378857    0.0161137161477   
-0.0144019691030    0.0069758178011    0.0486057686148   -0.0751022122533    0.0017240384172    0.0129887826121    0.0014251752811    0.0011176933126    0.0110954819871    0.0262472393002   
 0.0057744788138   -0.0024187851281    0.0209484353056   -0.0253790977941   -0.0061691878725    0.0002330953716    0.0037830871240   -0.0039095908175    0.0030023639749    0.0064959599564   
-0.0144662595017    0.0079654404743    0.0478887252627   -0.0762808033690    0.0050429841542    0.0127674675631   -0.0009688310546   -0.0011917369320   -0.0003504537859    0.0016201572814   
 0.0282130794758   -0.0008330699591    0.0021807066905    0.0031653765112    0.0016415268391    0.0009559207165    0.0042358609324   -0.0228730184301    0.0124438349934    0.0066564503765   
 0.0279846771498   -0.0012090668321    0.0020326725699    0.0033932185478    0.0037653171513    0.0026450126247    0.0033919521357   -0.0185875632062    0.0018011666462    0.0028705858398   
 0.0318008968932    0.0015566090167    0.0013166739135    0.0024302145182    0.0045074065310    0.0021012391093    0.0004212169257   -0.0178532574357    0.0008095695330    0.0097299744876   
 0.0336108217729    0.0030036325590    0.0001228600188    0.0007764989286    0.0039455343847    0.0043959327305    0.0073656552461   -0.0218922668370   -0.0000538456904    0.0022085611502   
 0.0298645937525   -0.0001625702512    0.0011055787704    0.0029915022191    0.0005517766910    0.0036002480074    0.0013673040261   -0.0153697997612   -0.0034196423886    0.0094333224558   
-0.0145316157454    0.0294531253483   -0.0018445244615    0.0121625509735   -0.0214988786864    0.0334039694260   -0.0018105051577    0.0037296971662   -0.0067528611145   -0.0015128070301   
-0.0149752692005    0.0318462589068    0.0021360634941    0.0155363002136   -0.0212561996033    0.0334097966360    0.0000887829068    0.0023564520305    0.0023602149735   -0.0001409349334   
-0.0151487424071    0.0325792108233    0.0027743508961    0.0160104119090   -0.0200441436086    0.0310886460040    0.0008670429486    0.0012970430159    0.0004300460515    0.0010483433825   
-0.0148278530355    0.0324485010142    0.0018282281272    0.0156540494313   -0.0247524239678    0.0378401007839   -0.0027378947659    0.0013586296542    0.0026118436881   -0.0050610963784   
-0.0148831021506    0.0330507899369    0.0026087199098    0.0150007764522   -0.0254338371232    0.0369812891306    0.0000960596227    0.0018348225054   -0.0026041746613   -0.0075279552621   
-0.0153338963868    0.0333349301763    0.0030214499812    0.0161699846125   -0.0243050353928    0.0325390211737   -0.0004814483125   -0.0001593938504    0.0006429067714    0.0000519173903   
-0.0151224536788    0.0334744714056    0.0032276314556    0.0163475469559   -0.0211528427399    0.0352289529698    0.0000694004081    0.0006092440337   -0.0024350683939   -0.0005315737383   
-0.0151549452470    0.0326257775402    0.0022047923437    0.0175218211462   -0.0245446558858    0.0363047792289   -0.0008192244427   -0.0003350364566   -0.0008033901283   -0.0057937949550   
-0.0152097135662    0.0341776633638    0.0039033302971    0.0162880830577   -0.0120330262356    0.0191271992570    0.0015873587661    0.0003945865162    0.0027612540905   -0.0018355831788   
-0.0151020186529    0.0335983329967    0.0030710362432    0.0167558806570   -0.0222000320311    0.0272823880583   -0.0020862190848    0.0014308625607    0.0052587342791    0.0054579129725   
-0.0153382262923    0.0335349887520    0.0046324920201    0.0166797240915   -0.0141803842484    0.0205015495658   -0.0004883322334    0.0014354228825   -0.0016603315377   -0.0022184331555   
-0.0150130360942    0.0325673187350    0.0022682068003    0.0157450631899   -0.0229517721742    0.0316530814210   -0.0023849827031    0.0013648442969   -0.0001137640682    0.0022292051122   
-0.0152088698315    0.0327237802723    0.0019558710082    0.0158168398630   -0.0192587128344    0.0312803412920   -0.0013532778874    0.0009494766594   -0.0002288286545    0.0040397535412   
-0.0152066143321    0.0330066080868    0.0021752101620    0.0166878529905   -0.0240818938473    0.0356802632677   -0.0006607222346    0.0003205758039   -0.0043389676155   -0.0027744738903   
-0.0150858802653    0.0323906360440    0.0016101402376    0.0167350238766   -0.0214800038973    0.0353162696688   -0.0012584794026    0.0035230171056   -0.0027466316121    0.0001345212438   
-0.0149869529768    0.0329787439796    0.0024088248939    0.0150702297114   -0.0246232436165    0.0397657190049   -0.0015780883498    0.0020978850184   -0.0030964661091    0.0058066676255   
-0.0149733233852    0.0327348800105    0.0022536390590    0.0158378872757   -0.0195664663230    0.0338986580167    0.0000566203212    0.0024543793348   -0.0001992265557    0.0010442096715   
 0.0344251727386    0.0035667277770    0.0011881463816    0.0003702837102    0.0025234612377    0.0014884108978    0.0050411681074   -0.0182336961562    0.0051854232720    0.0039296398475   
 0.0343148647090    0.0030834041594    0.0008947162549   -0.0002205513844    0.0018618396705    0.0052511319797    0.0056986550481   -0.0210680660012    0.0019289235226   -0.0019070157555   
 0.0319233275818    0.0018263178499    0.0011387093286    0.0013262763049    0.0019072466674    0.0037273421634    0.0061855676862   -0.0140361948264    0.0057717324368    0.0072327797232   
 0.0292080490534   -0.0000473209231    0.0017012788352    0.0026456207728    0.0022024849838    0.0029810174765    0.0030042026511   -0.0179131338560    0.0005929002120    0.0000355091198   
-0.0147192747143    0.0326635658771    0.0017189828093    0.0144595968432   -0.0222760148282    0.0318884545825   -0.0009756596474   -0.0003993982593   -0.0004660765883   -0.0053967224036   
-0.0144093447406    0.0309032777169    0.0015698846610    0.0142445633355   -0.0195463369265    0.0325237791717   -0.0000587941136    0.0017247776027   -0.0019055016615    0.0014588607609   
-0.0152995360807    0.0331165402559    0.0022173176599    0.0152368956936   -0.0210848776708    0.0327554474110   -0.0022350497691   -0.0003182530314    0.0011258045616   -0.0041980438459   
-0.0152123224298    0.0328756390467    0.0023423935905    0.0146893166989   -0.0221801678110    0.0343439327541   -0.0018485870781   -0.0007589429170    0.0059534051743    0.0030156392315   
-0.0149861634132    0.0329901100710    0.0037151160164    0.0154509150355   -0.0242780516250    0.0331306574172   -0.0016940899983    0.0020092998843    0.0001060166054    0.0023837101811   
-0.0149232500596    0.0325994577320    0.0021984404774    0.0169324272213   -0.0218886276774    0.0342064068167   -0.0006285434805    0.0026452629392   -0.0034403292166   -0.0055629409695   
-0.0148134785117    0.0320164341552    0.0014170973405    0.0146226649684   -0.0195473333463    0.0317429913340   -0.0010797099983    0.0001852332490   -0.0005385076448   -0.0071146183946   
-0.0150287123037    0.0326612941135    0.0013259985226    0.0160832457695   -0.0221613461561    0.0321500242472    0.0003078797065    0.0009683629736   -0.0027220696421   -0.0027211966873   
-0.0151017392144    0.0322809686619    0.0016131685197    0.0141737053022   -0.0200214658357    0.0321583818429   -0.0008327606912   -0.0013238837545   -0.0029681783129   -0.0108635089061   
-0.0153473550282    0.0330282475799    0.0038744482983    0.0168838264047   -0.0216301400988    0.0329764625286   -0.0019253140754   -0.0007966588875    0.0025508540048   -0.0025007883310   
-0.0149587095140    0.0325612154969    0.0012556628101    0.0159908882250   -0.0213862254520    0.0319522317610   -0.0022888440537   -0.0005547407066    0.0000593536658    0.0011518094987   
-0.0152050215764    0.0332531538167    0.0025415037110    0.0159933209878   -0.0236791578933    0.0369419521597   -0.0007049290883    0.0011934710304   -0.0014624838316    0.0058141876479   
-0.0151100934875    0.0333225747911    0.0017256937818    0.0150782624907   -0.0254327784254    0.0348185569244   -0.0022797207098    0.0002396855988    0.0002543188690   -0.0082551005678   
-0.0150113796083    0.0331997116073    0.0032280748312    0.0172742073510   -0.0236464294695    0.0355969516685   -0.0000896736182   -0.0001372229074   -0.0082037521104   -0.0059693080825   
-0.0155101868038    0.0330930561135    0.0023268189695    0.0163268922205   -0.0246351473157    0.0342658315472   -0.0006021392921    0.0004788542189   -0.0029254720952    0.0038364926182   
-0.0151615536830    0.0331155369290    0.0037739826428    0.0163118207452   -0.0131818925518    0.0163209117149    0.0010978380992   -0.0004780694071    0.0038393833922   -0.0010532911024   
-0.0150123353545    0.0326903797990    0.0022448534047    0.0142779006197   -0.0243574276542    0.0322515119795   -0.0011647569282    0.0024526466623   -0.0017252290111    0.0001439719058   
-0.0151160972326    0.0329415920166    0.0011626007261    0.0160440143516   -0.0231284465840    0.0330145879464    0.0007268413493   -0.0027005728024    0.0018059779767    0.0062650779202   
-0.0152757944510    0.0326551952206    0.0013618176165    0.0148961176516   -0.0226620746531    0.0339641004630   -0.0019742607631   -0.0006472955725   -0.0060608132493    0.0025644994169   
-0.0148646754169    0.0331564843025    0.0020373296752    0.0159439137550   -0.0206211657458    0.0359488597422   -0.0015866143132    0.0007457139217   -0.0000787089871    0.0002694203709   
-0.0149743711158    0.0337102516578    0.0021867351056    0.0169191066143   -0.0244503061363    0.0369127619797   -0.0009476264903    0.0000767221280   -0.0068309012930    0.0039797913391   
-0.0132556954858    0.0003849632045    0.0402684019798   -0.0581966375690   -0.0001510741139    0.0052453064279   -0.0013546207459    0.0010539349360    0.0115945220784    0.0036887982331   
-0.0075288556005   -0.0000547867301    0.0345229410987   -0.0486388390392   -0.0035638187078    0.0031510481303    0.0014929904871    0.0044826007431    0.0061558636634    0.0092555977274   
 0.0321307079647    0.0022455470551    0.0006816125877    0.0016800541166    0.0007243315572    0.0012780680894    0.0049133858702   -0.0226350864199    0.0005238398049    0.0000707141200   
-0.0142615836787    0.0081564698049    0.0480908474423   -0.0772631879911    0.0059283955362    0.0112855808731    0.0002656333741    0.0003043001438    0.0020304721109    0.0273771374297   
-0.0148619790731    0.0104961005483    0.0510869099149   -0.0850818291689    0.0026258560937    0.0140829685961   -0.0002779073035    0.0005535322137    0.0109357038312    0.0193396906893   
-0.0156636204954    0.0120037912531    0.0526143950032   -0.0899258595813    0.0059984145439    0.0193309080974   -0.0016787591865    0.0009860640650    0.0109816450871    0.0200192336548   
 0.0337251773054    0.0030090160588    0.0001013551438    0.0000979777649    0.0028753124910    0.0028179659464    0.0003491949536   -0.0117168479110    0.0060182162525    0.0047012637346   
 0.0269837050838   -0.0019475970602    0.0012435199089    0.0036336391022   -0.0017631242769    0.0018135013209    0.0020121234043   -0.0162692119382   -0.0038174068086    0.0156677257777   
 0.0318052438687    0.0019663295058    0.0011221573763    0.0017567340330    0.0041167018583    0.0027782965646    0.0080931518558   -0.0244351081822   -0.0005097012764    0.0057869787923   
-0.0152267940133    0.0324320593914    0.0021996877138    0.0155416034927   -0.0217612263172    0.0345791249070   -0.0007725792980    0.0008738160306    0.0007329216806   -0.0038884963764   
-0.0151102314250    0.0323412462566    0.0020519889855    0.0152812221440   -0.0196485301432    0.0304364719539    0.0004571309471    0.0014573074628   -0.0003296258931    0.0022410900745   
-0.0149687885717    0.0324128638771    0.0012956272967    0.0160044104354   -0.0247638397788    0.0309932612822   -0.0016550762888   -0.0003870646809   -0.0022668107077   -0.0027176815513   
-0.0147304306315    0.0335867003022    0.0029723512894    0.0152656014648   -0.0099604848914    0.0159475162844   -0.0002796395115   -0.0005712903152    0.0020151521796    0.0030243446193   
-0.0152114795208    0.0335155003400    0.0032854629564    0.0159503812928   -0.0244079288707    0.0374171254640   -0.0027068974265   -0.0004437085534   -0.0011804918223   -0.0042015227223   
-0.0150734449124    0.0325312899844    0.0020589471399    0.0155326398817   -0.0239013657592    0.0322435326713    0.0001571374711    0.0025044726562    0.0003861413268   -0.0013909265711   
-0.0154352537008    0.0322534166752    0.0011391414508    0.0146450589762   -0.0222711594146    0.0301145110273    0.0004204437967   -0.0018481674085    0.0028056166743   -0.0017613994330   
-0.0145001093138    0.0292814470529   -0.0015180987666    0.0120315621154   -0.0234707920103    0.0338609205460   -0.0012147065736    0.0023470535663   -0.0034358035423   -0.0015033693544   
-0.0149472904335    0.0327479427802    0.0013345974357    0.0158480028074   -0.0207412079340    0.0381784052488    0.0011019043527   -0.0003152111630   -0.0000181241084   -0.0049445752996   
-0.0150636969945    0.0331956017789    0.0025948274560    0.0167516813667   -0.0218077969640    0.0349998452968   -0.0029014497623    0.0015740917930   -0.0031499393612    0.0001975791857   
-0.0147706896647    0.0322570806593    0.0006249151622    0.0159283368600   -0.0203970778572    0.0314611475501   -0.0012815005222    0.0010186531081   -0.0026387286585   -0.0061124587168   
-0.0154290863161    0.0333632505073    0.0016840963409    0.0169381139419   -0.0220803176660    0.0325081238837   -0.0007001794099   -0.0005700843990    0.0009740695661   -0.0024767445033   
-0.0147940477058    0.0324722390748    0.0019899744087    0.0156989848301   -0.0223407926553    0.0350787594449   -0.0033047761881    0.0012787477121    0.0008647223432   -0.0055038419248   
-0.0150582005524    0.0325275686119    0.0030428820157    0.0162179607828   -0.0213033729496    0.0346020194465   -0.0026802854441   -0.0000068071816    0.0023344268075   -0.0023261633463   
-0.0151490865692    0.0327305909354    0.0020348512887    0.0158470991231   -0.0212945771936    0.0273428720873   -0.0026905110813   -0.0018388045056    0.0043220783763    0.0019800044220   
-0.0151266396132    0.0328812614370    0.0012148902197    0.0168075669076   -0.0214903030441    0.0297577379522   -0.0013376399207    0.0023485692138   -0.0013820667771   -0.0058182117523   
-0.0148717166720    0.0273664978488    0.0026856483084    0.0155592375635   -0.0201590566280    0.0251171287518   -0.0022588135297   -0.0001655482836    0.0022678398196   -0.0003324731648   
 0.0270466644665   -0.0018141225227    0.0010985873060    0.0028113599851    0.0026408271154    0.0038716702006    0.0034232524053   -0.0165218616785    0.0032715926255    0.0082141781825   
 0.0321952388692    0.0020130170770    0.0012372754345    0.0013463985390    0.0037790514662    0.0048431014245   -0.0013062643526   -0.0167413845938    0.0017031124283    0.0083032684624   
-0.0148848648812    0.0092112830109    0.0513652591403   -0.0829185961484    0.0063033213025    0.0133114584283    0.0014743185653   -0.0023058753127    0.0154310028111    0.0370683843894   
-0.0151742766019    0.0108580479571    0.0537677729575   -0.0861677869217    0.0098371056743    0.0130681769996    0.0005051734733   -0.0015702488946    0.0104834018333    0.0219714095545   
-0.0156105633906    0.0114796085420    0.0545090107119   -0.0913809496641    0.0106239558652    0.0148289610383    0.0006530385509    0.0022335747799    0.0105189374464    0.0255099405279   
-0.0148762537690    0.0328628445512    0.0016444047018    0.0169210154561   -0.0299577782893    0.0463304424410   -0.0004284792422    0.0026106337728   -0.0069992566371   -0.0060791452216   
-0.0151378682505    0.0332645580361    0.0028264095422    0.0160924537636   -0.0302740267527    0.0475667340643   -0.0003558945360    0.0006323825583   -0.0047911259337   -0.0042911936051   
-0.0150353400457    0.0328034741045    0.0018938639192    0.0155455893059   -0.0266126271293    0.0430684203345   -0.0005386109529    0.0036261904916   -0.0086923146070   -0.0007303825215   
-0.0155264592681    0.0337162237063    0.0030603244032    0.0166220426522   -0.0306426018504    0.0422878254488   -0.0029175822374    0.0004443455711   -0.0023027219599   -0.0007042288417   
-0.0152005759671    0.0341365093931    0.0038609096239    0.0170026958232   -0.0249637286005    0.0403100703981   -0.0007995436523   -0.0014071761459   -0.0020587646050    0.0017847013434   
-0.0150561683807    0.0336612979549    0.0025309659187    0.0171832607713   -0.0289667613450    0.0445684750869   -0.0005077796530    0.0019889230275   -0.0073478363618   -0.0058005926581   
-0.0150968482871    0.0331418033810    0.0024144934125    0.0167079111011   -0.0237316906203    0.0378408962522    0.0005018904727    0.0013034974179   -0.0020290008357   -0.0051295849433   
-0.0151099640709    0.0328812696762    0.0024140278341    0.0156124747416   -0.0235290696799    0.0369225661971   -0.0006431077997    0.0022689167153   -0.0089597291992   -0.0030652966209   
-0.0151399870766    0.0338324279918    0.0032957676011    0.0166571706207   -0.0297307576855    0.0432642446712   -0.0014016899625   -0.0023410235816    0.0029572454687   -0.0064664919285   
-0.0149217367896    0.0339197278195    0.0009202692493    0.0180060819010   -0.0314929913238    0.0463860456801   -0.0007482246086    0.0021182166404   -0.0024769676038   -0.0014705429917   
-0.0149539436500    0.0333680353516    0.0021267735895    0.0163632217865   -0.0277090919321    0.0397053331976   -0.0017929106586   -0.0006231702302   -0.0014811315921   -0.0104363020971   
-0.0152757248598    0.0342953337993    0.0015951370200    0.0176110068981   -0.0276064374502    0.0393396757115   -0.0001077578335    0.0023625195930    0.0014973130987   -0.0063150159466   
-0.0148819648545    0.0336783320474    0.0020505159184    0.0162342190192   -0.0318464830301    0.0484005956266   -0.0000276747762    0.0030489859661   -0.0037964264378   -0.0072948153287   
-0.0152930289819    0.0338212115664    0.0028886207598    0.0172919323399   -0.0289215960778    0.0437395699369   -0.0006897993757    0.0002953750745   -0.0071293517092   -0.0019816517069   
-0.0152651344054    0.0336542983738    0.0035183618737    0.0176612483075   -0.0291473331637    0.0421985619699   -0.0025602870174    0.0014853817970   -0.0030435897068    0.0028496510560   
-0.0150879252582    0.0336130790995    0.0039442525260    0.0179598670804   -0.0292957219958    0.0416950216182   -0.0017139119266    0.0027141412511   -0.0009452004457   -0.0075057822862   
-0.0152120640111    0.0333728687987    0.0028183140638    0.0178037676254   -0.0274007394282    0.0397931707773   -0.0031747524757   -0.0011104883442   -0.0058285591604   -0.0033911482947   
-0.0149325765738    0.0337489569078    0.0030965025914    0.0156806963459   -0.0290794392474    0.0475979496290   -0.0001952862671    0.0018107585673    0.0016315603383   -0.0054096506878   
-0.0151802627779    0.0339969292077    0.0035076666652    0.0168249845967   -0.0314821739504    0.0508151922147   -0.0002402184047    0.0018718276705   -0.0051635686037    0.0034154387446   
-0.0150790456666    0.0334711028059    0.0024124566308    0.0177556000244   -0.0266553494032    0.0424978679290   -0.0005979053049    0.0013107559332    0.0019806432046   -0.0017918829607   
-0.0114056938087   -0.0275861988385    0.0107459209520    0.0196203903823    0.0077311256467    0.0070813993612   -0.0002883973301   -0.0011863676501    0.0235967828497    0.0345667585145   
-0.0102531192062   -0.0272802650222    0.0105101080775    0.0193979258232   -0.0222621461551   -0.0169396061989   -0.0025019318261   -0.0029220609267   -0.0047590189824    0.0028917032174   
-0.0105052563092   -0.0269306722601    0.0091808042353    0.0192252900160   -0.0146063588838   -0.0102679058837    0.0009728006009   -0.0047534951901   -0.0003837135032   -0.0046277062683   
-0.0103447490683   -0.0274769597139    0.0108942747201    0.0211617887660   -0.0209597627409   -0.0178209848914   -0.0001884221789   -0.0026782517282    0.0009539344288   -0.0032442224992   
-0.0105020907331   -0.0272530518325    0.0104115571499    0.0190662919423   -0.0173702011774   -0.0105253325481   -0.0011152495823   -0.0034859277923   -0.0070883543282    0.0125381409091   
-0.0109335241128   -0.0273617572970    0.0107766803782    0.0185821515729   -0.0151257599827   -0.0063769356673    0.0001738265544   -0.0029034222647   -0.0032935718076   -0.0006246195364   
-0.0109201664516   -0.0280225661280    0.0097954842775    0.0205891807741   -0.0164771110779   -0.0109248898563   -0.0027265378574   -0.0050121339556   -0.0033824704179    0.0021691808945   
-0.0108227564692   -0.0277447878938    0.0106576621824    0.0183122313983   -0.0147587173879   -0.0137482451473   -0.0019500259915    0.0014193221583   -0.0013709884066    0.0014135023823   
-0.0101522530711   -0.0276464709255    0.0114168998896    0.0205917220149   -0.0221800877002   -0.0146695696019    0.0006606075204   -0.0008623651323   -0.0084231611798   -0.0018687792945   
-0.0098094349649   -0.0266913663704    0.0101940283347    0.0183890840491   -0.0221669249813   -0.0190421345009    0.0014801359702   -0.0042292028042   -0.0085775001265   -0.0064567462493   
-0.0103433047827   -0.0267788467867    0.0099231056360    0.0181602802505   -0.0224127439581   -0.0163055230075    0.0010154276150   -0.0039386537833   -0.0053072153419   -0.0041523123453   
-0.0104525306894   -0.0272549924815    0.0100986105810    0.0196866525329   -0.0193601869301   -0.0113870377883   -0.0011759819114   -0.0035963062397   -0.0001761164970    0.0043656391649   
-0.0097456625154   -0.0274385806630    0.0107244802708    0.0197483211384   -0.0259594558447   -0.0162001910607   -0.0037197100909   -0.0010443607633   -0.0097894869396   -0.0000488710009   
-0.0096180466056   -0.0258552569750    0.0076101576938    0.0162347598299   -0.0236656407508   -0.0147083101338   -0.0014033049116    0.0009957343360   -0.0083031530461   -0.0058845296712   
-0.0150930590052    0.0329382035002    0.0030532653055    0.0165058584964   -0.0264867918007    0.0382704038843   -0.0010543339221    0.0012628371890   -0.0071407402564   -0.0041511534683   
-0.0131999769727    0.0008572566706    0.0392196939756   -0.0556934139519    0.0004072672704    0.0052610865004    0.0003625667972   -0.0015538441881    0.0070154157174    0.0126460696445   
-0.0130718944398   -0.0046736328872    0.0345037034279   -0.0453748565173   -0.0050227973150    0.0034556565919    0.0005809484795   -0.0009956531602    0.0076452583480    0.0165963209346   
 0.0314735924694    0.0021627985134    0.0010205212949    0.0008681748121    0.0016670416910    0.0017155210443    0.0061433897512   -0.0174923548834    0.0066129025006    0.0056428319522   
 0.0248708152759   -0.0021897830489    0.0038479295662    0.0009587542995    0.0018774625163    0.0031417032485    0.0064043130930   -0.0177103175225   -0.0046513733473    0.0092312562954   
-0.0156604097509    0.0133126092919    0.0542690244192   -0.0934122395821    0.0098091623922    0.0166133918324    0.0022074983408   -0.0021377788560    0.0175981652312    0.0272652881876   
-0.0145024011456    0.0074412788800    0.0481267945684   -0.0762439593052    0.0033774602842    0.0114171769533   -0.0001463848261    0.0019430452909    0.0048019607167    0.0248947538697   
-0.0142985002050    0.0054279679101    0.0462110541781   -0.0709023950757   -0.0019441821634    0.0107115369697   -0.0006724796756   -0.0013691215199    0.0022804959254    0.0150170131560   
-0.0152087328060    0.0108696706288    0.0536043854763   -0.0899988732552    0.0094093862805    0.0184779943904    0.0041649753074   -0.0011371925212    0.0108231588930    0.0288925595879   
-0.0151116389074    0.0120041946301    0.0520300219630   -0.0867736944390    0.0072607214642    0.0093962732233   -0.0021420170630    0.0005991201200    0.0023547419287    0.0033641032975   
-0.0152734745045    0.0133376422505    0.0547678302944   -0.0939665047607    0.0083823189394    0.0174872633955    0.0009489676196   -0.0004291448151    0.0170661717431    0.0437088630347   
-0.0157980870960    0.0142232456690    0.0578594245187   -0.1003675017887    0.0134159856124    0.0216988217082    0.0017007973735    0.0015250459754    0.0143448146617    0.0352564320145   
-0.0022866817228    0.0055900639020    0.0343342335439   -0.0556940665084    0.0023255957368    0.0135393824191    0.0045228289760   -0.0081626472880    0.0094232341017    0.0150532794937   
-0.0155511345405    0.0120781256274    0.0538063008306   -0.0911498377999    0.0075537378569    0.0188820420954    0.0011596220676    0.0029819456458    0.0119520501390    0.0249900872903   
-0.0142092048114    0.0013693621375    0.0395151731822   -0.0586558983188   -0.0032438841609    0.0070837778152    0.0029154896251   -0.0018271637414    0.0073767034856    0.0094879262216   
-0.0146559208159    0.0104352416683    0.0506753464653   -0.0857223899519    0.0046454957595    0.0128467468583    0.0003710205349    0.0005537970975    0.0077399547802    0.0135017229837   
 0.0338125965396    0.0026855282135    0.0009570675203    0.0011021440747    0.0040983743949    0.0068321140353    0.0082281482231   -0.0259832501790    0.0014772934551   -0.0018776338935   
 0.0259322773466   -0.0022758309491    0.0021101153659    0.0035868385399    0.0033151448285    0.0038451167650    0.0020204368785   -0.0159284285461    0.0001439736263    0.0156636869863   
 0.0259509849032   -0.0022314480819    0.0023577862542    0.0033333549452    0.0007141687000    0.0026151925786    0.0071571627428   -0.0201719281380    0.0078708338789    0.0035181150913   
 0.0279515162316   -0.0008572383380    0.0017106826647    0.0041557960420    0.0028376993563    0.0004694483946    0.0025528324173   -0.0122057604557    0.0016277174911    0.0112048210217   
-0.0140025932480    0.0060249965013    0.0466703966647   -0.0725508300833    0.0009977288852    0.0090816232900    0.0000058363767   -0.0004482520388    0.0096036101025    0.0164387707524   
-0.0140940306676    0.0041782714280    0.0439990330701   -0.0675185987756    0.0017513357661    0.0067245168854   -0.0003608969268    0.0012146277904    0.0066989911254    0.0265554299987   
-0.0155576835079    0.0132386431021    0.0550584134258   -0.0938912862908    0.0056620269140    0.0134284453120    0.0016687697548    0.0031494965934    0.0163887415657    0.0301485194184   
-0.0153386900794    0.0078984926267    0.0501790341781   -0.0814066329780    0.0086872789017    0.0135605715572    0.0008512045049   -0.0034160954626    0.0128198935616    0.0277713310050   
-0.0130724080933   -0.0012686622324    0.0386805029833   -0.0512630329242    0.0010224113871    0.0048040365157   -0.0022552303754    0.0029753793164    0.0142949778052    0.0133506672174   
-0.0150514722192    0.0084925295162    0.0499877335292   -0.0802971681233    0.0055564400950    0.0122608290059    0.0000699989292    0.0022574248296    0.0105115733169    0.0248897117723   
-0.0142433978006    0.0061562731217    0.0470532718028   -0.0768450698565    0.0046156741435    0.0087554519614    0.0010108535146    0.0006905867794    0.0076723786978    0.0206574531943   
-0.0119405231159    0.0074081714972    0.0437074837413   -0.0696940650326   -0.0010988571878    0.0102292975658    0.0007956699534   -0.0010011914556    0.0049592027111    0.0149506029161   
 0.0322321115602    0.0021134632672   -0.0003081199323    0.0004485306571    0.0022455912158    0.0021813963460   -0.0012091473346   -0.0171786719699    0.0016891501635    0.0112402979561   
 0.0305861064187    0.0006053996267    0.0015837197249    0.0019492264096    0.0014932410928    0.0052263135328    0.0080945540875   -0.0257249439827    0.0004153795301    0.0000184680953   
 0.0304370206836    0.0006905228418    0.0011153710721    0.0013697086002    0.0051847702986    0.0022136984002    0.0028416893909   -0.0157986821728    0.0004043860506   -0.0015005115675   
-0.0134814732365   -0.0012962781419    0.0371775614170   -0.0522393408858   -0.0016201735292    0.0014310979746    0.0000711675432   -0.0001445682323    0.0014818409589    0.0134526850063   
 0.0321624631468    0.0015972804645    0.0008871309108    0.0015818003513    0.0017147112587    0.0025525452591    0.0009954253758   -0.0249348823338   -0.0050285505274    0.0035548632048   
 0.0293091904106   -0.0001580462095    0.0013010311904    0.0012927817738    0.0029360841353    0.0051819410960    0.0029502294273   -0.0218966364593   -0.0033724548513    0.0105501786146   
 0.0327166930152    0.0024896172892    0.0009260823042    0.0023825785992    0.0018781065038    0.0047873800390    0.0069032644842   -0.0237781531471    0.0025440550411    0.0039752077269   
 0.0327453908667    0.0027717641315   -0.0003702281983    0.0018696034368   -0.0006843637843    0.0044433819225    0.0124339332267   -0.0235650015253   -0.0015859729069   -0.0018265085750   
 0.0294869158074   -0.0002329167298    0.0009048193505    0.0029650425233    0.0026248665342    0.0062521663746    0.0087417564565   -0.0217873940068    0.0043960598189    0.0024556868065   
 0.0320430316495    0.0015260456545    0.0009338084244    0.0027071736464    0.0054893043046    0.0030453179651    0.0059751290706   -0.0216489326750    0.0041434095738    0.0070548611918   
 0.0338386096861    0.0035062791074   -0.0000647038818    0.0007098775366    0.0021395586854    0.0039296146196    0.0033013292944   -0.0205846560094    0.0014324585019    0.0053202126914   
 0.0303076596875    0.0008427699200    0.0008296554689    0.0016490046946    0.0058172405841    0.0012920840516    0.0059355122177   -0.0184106520738    0.0034901343627    0.0061434342757   
 0.0311204269396    0.0011388950208    0.0016885730725    0.0022977643070    0.0043058255090    0.0027334049189   -0.0010540232095   -0.0203263739261   -0.0037671529378    0.0015602299850   
 0.0238306701736   -0.0034700550879    0.0029165469807    0.0051598251697    0.0042698069369    0.0049071341480    0.0049342611746   -0.0180979136194    0.0024456034920    0.0018142922312   
 0.0299704598600    0.0004171628630    0.0019123248843    0.0021455287835    0.0015650001776    0.0007900447207    0.0094484034866   -0.0219502368427    0.0023103489505    0.0083664508420   
 0.0342256625115    0.0028539050735    0.0015006567317    0.0005442817110   -0.0006531883444    0.0039231917615    0.0064167871282   -0.0234326640358   -0.0028935704981    0.0062319326712   
 0.0251237446343   -0.0030958373859    0.0027042801095    0.0033245206864    0.0018795039889    0.0027576142247    0.0051029929553   -0.0144522152765   -0.0009530869006   -0.0009694736955   
-0.0101114068275    0.0000033937985    0.0279987608545   -0.0335886036565   -0.0067294190171    0.0076701697310    0.0015026561725   -0.0022459616117    0.0058364872081    0.0107309888045   
-0.0144119916548    0.0076706827384    0.0475966748208   -0.0792648368339    0.0036202700095    0.0160946374709    0.0037981888260    0.0030081499893    0.0099819121018    0.0192281729237   
-0.0150001918553    0.0329898869361    0.0021049478173    0.0171355428994   -0.0243385095307    0.0453725056683   -0.0012738836048    0.0015985498041   -0.0009980806266   -0.0119072702437   
-0.0149202553923    0.0337865493437    0.0026221209897    0.0166896248946   -0.0290011842923    0.0439344831889   -0.0021957237565    0.0008043823777   -0.0032050059402   -0.0007856387107   
-0.0152374790690    0.0335276067613    0.0014962900293    0.0172386307874   -0.0264064672344    0.0423758943002   -0.0021322817781    0.0010422289823   -0.0041536511187   -0.0089480005377   
-0.0151321221810    0.0339029721352    0.0029910068958    0.0180034781827   -0.0303582789773    0.0461643654312   -0.0021625083799   -0.0005740960644    0.0019001374057   -0.0052524082301   
-0.0149681140128    0.0335445676372    0.0023550303352    0.0173146736811   -0.0262390667112    0.0371948971658   -0.0029354347662    0.0018982276732   -0.0038833883900   -0.0046732676582   
-0.0145842380645    0.0339851542656    0.0026085911469    0.0165360797768   -0.0294054032717    0.0479166017907   -0.0017154039596    0.0020319364026   -0.0035310345002   -0.0006372045569   
-0.0152101243189    0.0336722085395    0.0029023669761    0.0172315055813   -0.0298025901048    0.0438738289654   -0.0000941892176    0.0017924021247   -0.0081797859184   -0.0037075942004   
-0.0152386240236    0.0338882157540    0.0028924982304    0.0183126582400   -0.0328659684759    0.0470924516143   -0.0020882002496    0.0021937352363   -0.0010668389114   -0.0058713849199   
-0.0149298423311    0.0338161855570    0.0026072563494    0.0167716194794   -0.0293333185051    0.0431419012994   -0.0004589573262   -0.0013822099082    0.0024017173199   -0.0034483923935   
-0.0152218804322    0.0331654704065    0.0020470166315    0.0177961350058   -0.0283448727990    0.0420601621115   -0.0029373741915    0.0002071363600   -0.0001183412306   -0.0023983484420   
-0.0151255320642    0.0339285446611    0.0021818687361    0.0180921019542   -0.0299185313014    0.0493132824789   -0.0029878069305    0.0026060985062    0.0031451482657    0.0005803046538   
-0.0151731626194    0.0330041854671    0.0027115228088    0.0157072183024   -0.0280159317360    0.0445856310083   -0.0028952367006   -0.0013454555453   -0.0064491400177   -0.0060423162490   
-0.0150798888103    0.0341082234702    0.0036616498385    0.0174598252987   -0.0286635807946    0.0443146202576   -0.0015018758892    0.0008476855575   -0.0032433118427   -0.0093701794959   
-0.0149480986090    0.0331827857159    0.0022196436089    0.0177561577473   -0.0284130346148    0.0417996998267   -0.0011064217119    0.0003656361616   -0.0066202717170   -0.0006659234984   
-0.0152346942824    0.0335486080796    0.0014519909932    0.0153974088233   -0.0318627172268    0.0453655957405   -0.0011563723827    0.0024296119089    0.0000330511349   -0.0065876925666   
-0.0152548019388    0.0337262641443    0.0027160130520    0.0187317598488   -0.0274681382188    0.0464574699312   -0.0012022121405    0.0006466274305   -0.0053475822520   -0.0058568793576   
-0.0148272825053    0.0340421682727    0.0038825991559    0.0181527923027   -0.0316171725649    0.0463181705407   -0.0037913338808   -0.0009605278368   -0.0008640111774    0.0001883835845   
-0.0150513616210    0.0327477964769    0.0024374606856    0.0161702746951   -0.0229025133922    0.0374099371031    0.0004334782883    0.0006955397613   -0.0040791460034   -0.0019006195505   
-0.0153109675077    0.0342948483365    0.0019414034755    0.0167349175221   -0.0288558161560    0.0424615721262   -0.0028841611797    0.0021717467329   -0.0021814399608   -0.0014065896268   
-0.0151142835821    0.0333532305829    0.0021391739351    0.0173812323816   -0.0291162021817    0.0449191573245   -0.0007032726263    0.0018276375129   -0.0025133877840   -0.0011597869880   
-0.0153752718181    0.0337262938727    0.0034679685107    0.0176529016486   -0.0275499610169    0.0467060917084   -0.0004076666553    0.0022238373529   -0.0018345250855    0.0002203642391   
-0.0153287417699    0.0339687337574    0.0030411445802    0.0168211530408   -0.0262298736064    0.0426938786321   -0.0015506432572    0.0000415105525    0.0001342900175   -0.0069661834814   
-0.0149325536286    0.0327955025099    0.0030268943976    0.0169591794943   -0.0325579089763    0.0443392879945   -0.0006067968935    0.0026973256715   -0.0060988625368   -0.0091630756915   
-0.0150122337502    0.0333913196097    0.0027879898909    0.0167970036738   -0.0306857010123    0.0435440820417   -0.0032361634915    0.0006737253872   -0.0043797758750   -0.0034722073997   
-0.0154396165529    0.0341220564083    0.0029907802451    0.0177234836977   -0.0282932473195    0.0466508718238   -0.0010177811300    0.0018569065756   -0.0099648932403    0.0000241716000   
-0.0152170965481    0.0332287767642    0.0020045101966    0.0167464108556   -0.0262543805373    0.0384830341674   -0.0033624962444   -0.0014817463351   -0.0002620708920   -0.0056349706374   
-0.0152495675629    0.0332072418198    0.0023039140279    0.0162035090370   -0.0275576953434    0.0419070034946   -0.0029036435554   -0.0001622575177   -0.0084455458643    0.0024273028744   
-0.0149633723070    0.0340867075142    0.0016442197564    0.0177996474650   -0.0320761196378    0.0434172379761   -0.0025697216195    0.0015436422509    0.0017885165998   -0.0067598019549   
-0.0149189917352    0.0336473687876    0.0038151421019    0.0160970587860   -0.0281501838190    0.0384661789349   -0.0028658981151    0.0000239444053   -0.0009524465470   -0.0065703408538   
-0.0151130105333    0.0335652728943    0.0033121190326    0.0179579760952   -0.0303276555066    0.0461871000550   -0.0027637305815    0.0026629715741   -0.0073501851571   -0.0036527201595   
-0.0155520824207    0.0335538078528    0.0027672248715    0.0189962433487   -0.0258613796358    0.0394162892035   -0.0013669574175   -0.0013869067489   -0.0001671852575   -0.0015886039394   
-0.0148464525702    0.0337307097421    0.0022637010280    0.0167414395859   -0.0277549145510    0.0440684671339   -0.0002939521351    0.0024942268310   -0.0019524054612   -0.0084198478613   
-0.0151596915712    0.0336047531313    0.0029147802492    0.0170859025094   -0.0323881212807    0.0505943582343   -0.0023918439087    0.0012753074523   -0.0076705763106    0.0002373538415   
-0.0153748048462    0.0333319858392    0.0028328939912    0.0173837909362   -0.0273079766306    0.0459257585976   -0.0025489198481    0.0021027002560   -0.0011417951058   -0.0043691620169   
-0.0153375322257    0.0334085552591    0.0026505429194    0.0175202577694   -0.0273159596801    0.0444887452510   -0.0030303903995    0.0015041204325   -0.0037133653982   -0.0060266910574   
 0.0321374083702    0.0024696741626    0.0006961790562    0.0012002884891    0.0002048117975    0.0013579547211    0.0072286022244   -0.0219241646385   -0.0003445928807   -0.0067976844088   
 0.0155987690824   -0.0094256525603    0.0050647433571    0.0099397796793    0.0016246629779    0.0005804502224   -0.0003133256315   -0.0080456789302    0.0058119681742    0.0170709519284   
-0.0108543961664   -0.0017235588820    0.0347157222822   -0.0482461029068   -0.0003527234974    0.0026258280963    0.0000103514527   -0.0006997851880   -0.0044438774702    0.0022656132734   
 0.0312363210197    0.0012195196380    0.0011239388941    0.0026492558382    0.0034323051334    0.0016726963383    0.0010095316039   -0.0197191439274    0.0097326409765    0.0128953938635   
 0.0312874721971    0.0009979056580    0.0006292894189    0.0021294453724    0.0018946478997   -0.0008299890921    0.0059462167394   -0.0218340235423   -0.0040297397576    0.0044460822929   
 0.0296812711466    0.0012676513538    0.0009308289926    0.0023114476594    0.0023393277751    0.0039729991474    0.0040378661837   -0.0151205359187    0.0018417742020    0.0121494836086   
 0.0325179720612    0.0023833762801    0.0007880652012    0.0011360097581    0.0027685615342    0.0036074367743    0.0039834532393   -0.0192995034111   -0.0011550065306   -0.0004801745160   
 0.0342150459539    0.0038263643701    0.0004727218319    0.0001420089262    0.0007816029450    0.0017758639732    0.0057809568042   -0.0240900236282   -0.0032365398955    0.0016892567874   
 0.0275611148351   -0.0015834701803    0.0024178367734    0.0032083044914    0.0022057213934    0.0008091877323    0.0011841719242   -0.0148127225685    0.0016439872084    0.0078056983008   
 0.0327633464361    0.0026392478418    0.0011097974606    0.0017878195027    0.0051058309141    0.0014113451306    0.0069117456208   -0.0295828092441    0.0032408112491    0.0084215771647   
 0.0316740160742    0.0014121037915    0.0011625641388    0.0025734012594    0.0001577837140    0.0027151352043    0.0051449813823   -0.0174059729496    0.0048662444268    0.0089865688480   
 0.0284314599927   -0.0000516553611    0.0007024528992    0.0021261387936    0.0030717938881    0.0052743213220    0.0079956262336   -0.0177491798762    0.0018249699976    0.0185101817732   
 0.0340706983070    0.0037020476655    0.0002417217860    0.0001171907583    0.0004367107041   -0.0019594023915   -0.0629463767519    0.0372602647241   -0.0018420695670   -0.0105051973883   
 0.0332341884935    0.0021443442044    0.0015695196757    0.0014489045147   -0.0032455744165   -0.0067773160326   -0.0679086436916    0.0417664653181   -0.0049685039489   -0.0126972415442   
 0.0349233989727    0.0036183998739    0.0002458656469    0.0003224861190    0.0021760842879   -0.0000529308858   -0.0635268877376    0.0339688434731   -0.0019904412818    0.0041456439611   
 0.0348697670928    0.0036018630873   -0.0003396844164    0.0005828743402   -0.0004908311368   -0.0063150030337   -0.0654787228833    0.0305533980477   -0.0011858905666    0.0004971718376   
 0.0323983725071    0.0017181460075    0.0004835165266    0.0017635735534    0.0020819215438   -0.0007286224532    0.0035568020076   -0.0221359545005   -0.0063926614755    0.0050078015853   
 0.0318371708134    0.0015659166923    0.0013898352694    0.0014715586516    0.0037230664511    0.0040655695168    0.0046610192254   -0.0204526653808    0.0069435854582    0.0071614565438   
 0.0279422910827   -0.0007475748964    0.0022504136492    0.0027561841462    0.0030553803449    0.0016740890039    0.0018867394695   -0.0211049342414   -0.0018224920875   -0.0008113666576   
 0.0287986741879   -0.0000607768609    0.0018877849042    0.0022802070622    0.0007992272482    0.0030294988011    0.0007364896503   -0.0224583271915    0.0004564687288    0.0055997963915   
 0.0310999502411    0.0017960573177    0.0012238227847    0.0025517243672    0.0057393602456    0.0041496785380    0.0017682537372   -0.0192846942075   -0.0004980062671   -0.0010300074521   
 0.0306726201970    0.0007955480270    0.0006425122926    0.0029279339994    0.0067658293279    0.0005456394337    0.0057567248720   -0.0218165838527   -0.0024704510191    0.0048000147057   
 0.0229541970327   -0.0042787709384    0.0028315555626    0.0047187092278    0.0030112199881    0.0017212133863    0.0080579646235   -0.0115238883799    0.0086395172938    0.0086519125777   
 0.0293331036868    0.0003161674444    0.0016951140297    0.0020331516523    0.0042192552805    0.0038694961378    0.0065131447496   -0.0201629121198   -0.0044807007228    0.0010849621129   
-0.0112688200476   -0.0118162563775   -0.0260984089985   -0.0085126215069    0.0008688338530    0.0023107525818   -0.0024650867568   -0.0043588331639    0.0048213798945    0.0103750551086   
-0.0108013158068   -0.0097301154399   -0.0299864316891   -0.0117318773795   -0.0002127060983    0.0038118336650    0.0004911513859   -0.0041021751437   -0.0117319673242    0.0146190255701   
-0.0101035061547   -0.0106061098663   -0.0285189694538   -0.0107313460623    0.0000193998233    0.0027238669952   -0.0011755774271   -0.0022755178050   -0.0028695380205    0.0088403562368   
-0.0108760640173   -0.0111943641792   -0.0254553502655   -0.0088666144333   -0.0014069370747   -0.0003041383007   -0.0001880388518   -0.0024683324538    0.0056536846738    0.0108483704496   
 0.0316701306989    0.0014960500577    0.0011782107316    0.0021583787729    0.0016781049317    0.0062640990804    0.0035942848821   -0.0252135424334   -0.0003701210620    0.0115933127258   
 0.0328623921283    0.0024445663798    0.0015834203817   -0.0003073270208    0.0000604096148    0.0034487988006    0.0062044010948   -0.0210447044172    0.0004269046453   -0.0067504454403   
 0.0258203457400   -0.0024881948671    0.0021828812664    0.0034001422789    0.0040591708016    0.0041388257496    0.0051241433932   -0.0169049467964   -0.0038340755045    0.0100672990260   
 0.0268216742585   -0.0008533279127    0.0023210548664    0.0038475328259    0.0032535193285    0.0045753029772   -0.0024975433053   -0.0174927810261    0.0006947282860    0.0154539546632   
 0.0306929867072    0.0010759009983    0.0014782648805    0.0018355792527    0.0045631336410    0.0018664803303    0.0086908700261   -0.0263794225193    0.0021841355932    0.0013610837320   
 0.0315304738158    0.0023576853728    0.0013321500645    0.0019707046435    0.0014522310405    0.0010571945347    0.0047797421514   -0.0164601651446   -0.0011595450604    0.0036191092894   
 0.0322484296509    0.0028233866349    0.0010241616054    0.0016815557630    0.0010612540642   -0.0011552530370    0.0102870437910   -0.0232539497449   -0.0024241533851   -0.0042882165145   
-0.0150831480502    0.0328901324718    0.0019312074273    0.0159225015210   -0.0200932027141    0.0268248244801   -0.0010845906852    0.0023964403821    0.0058437267006   -0.0019408277797   
-0.0154472721921    0.0333610801704    0.0026036878701    0.0178355581476   -0.0263951963367    0.0395890742458   -0.0012938162241    0.0011495140286   -0.0014819393337    0.0016315352872   
-0.0151605099142    0.0327273729072    0.0024386206945    0.0151845068379   -0.0240409607060    0.0317064487910   -0.0019635121170   -0.0016767441525    0.0016537335107   -0.0005727397036   
-0.0150444789434    0.0331093798805    0.0019297523482    0.0158526108275   -0.0227789390314    0.0339528514631   -0.0020042096108   -0.0000130386101   -0.0005038337206    0.0024173007302   
 0.0265784423268   -0.0018772290109    0.0025854123980    0.0035408450009    0.0017100781721    0.0024491684814    0.0032333002018   -0.0221076932553    0.0038461411986    0.0051564656232   
 0.0332232731562    0.0025017905967    0.0002087127612    0.0016210931559    0.0028032949117    0.0021540045020    0.0019296840198   -0.0191569499326    0.0060424847334    0.0126945848644   
 0.0266917255642   -0.0018236846395    0.0010397879879    0.0035171764316    0.0041944408216    0.0006273583375    0.0105209865627   -0.0196697748808    0.0006155493176   -0.0006235090577   
 0.0310792999633    0.0015360334692    0.0004579963510    0.0014113037836    0.0024131093903    0.0056304209054    0.0115548438572   -0.0269319944102    0.0034877007720    0.0101408856680   
 0.0316744274169    0.0018474878011    0.0015029463717    0.0005878597661    0.0015819289103    0.0006244781254    0.0078642815415   -0.0181560386777    0.0007160200275    0.0053232060683   
 0.0335592633238    0.0024726057473    0.0003403257380    0.0003893192234    0.0013110497540    0.0032839171454    0.0095699037159   -0.0223394407240   -0.0027087445546   -0.0067297947979   
 0.0301245807938    0.0008971694154    0.0014826251568    0.0022174548919    0.0000847506104    0.0022137169590    0.0078516253027   -0.0193842467549    0.0022121017454    0.0106209361920   
 0.0303225383965    0.0009459322250    0.0009227166255    0.0016730389746    0.0031560192313   -0.0008583967441    0.0072912860383   -0.0158463845494    0.0073616988210    0.0000707086546   
 0.0328711699318    0.0021634101512    0.0001798601755    0.0008874742917    0.0048763414181    0.0053443555058    0.0071593856111   -0.0258566952591    0.0021284206794    0.0063604717100   
 0.0306927109497    0.0013589553216    0.0019792207123    0.0015807754916   -0.0000985059748    0.0020393456238    0.0039099159073   -0.0166113191461    0.0016476141108    0.0030342363601   
 0.0334374701591    0.0030215544332    0.0001663636644    0.0007848231100   -0.0009642214782   -0.0049712622506   -0.0556217015478    0.0319488601247    0.0086258717829   -0.0051906571961   
 0.0343665500610    0.0034710936716   -0.0003022214333   -0.0000008043476    0.0025325400395   -0.0030412801441   -0.0528982911551    0.0245274118886    0.0062401013064   -0.0043123025998   
 0.0336540235511    0.0030402884715   -0.0001670209683    0.0002116040732    0.0018970588315   -0.0035946387304   -0.0596027266505    0.0292899941820   -0.0006901628992   -0.0011325646077   
 0.0344897778839    0.0036652195900    0.0001594223746   -0.0003682689943   -0.0004127813505   -0.0032197021344   -0.0527491825062    0.0245540660273    0.0096464265562   -0.0094681429542   
 0.0348682608443    0.0035315185002   -0.0001736985356    0.0011824489615    0.0017492584391   -0.0042117963040   -0.0625809700780    0.0267003926504    0.0050461821915   -0.0074844329820   
 0.0342885151323    0.0031036289757    0.0001045389225    0.0007604435559    0.0000839110973   -0.0041874366007   -0.0615808006329    0.0318759451674   -0.0003481770933   -0.0078741965055   
 0.0334244837347    0.0022878398850    0.0014749636496    0.0017208692930   -0.0019611556964   -0.0035323139309   -0.0566787859089    0.0322279787686   -0.0040100647442   -0.0072952670802   
 0.0255794951584   -0.0028241426824    0.0027075991531    0.0046459127534    0.0047188248378    0.0015974830980    0.0031271853473   -0.0155960147885    0.0064967625754    0.0182253427413   
 0.0286796227702   -0.0003548323756    0.0023116345612    0.0035760990617    0.0031492132479    0.0004461132301    0.0066538198991   -0.0188663338741    0.0053267059508    0.0142040556314   
 0.0344522948449    0.0034177171601    0.0003055653646    0.0007868309809    0.0007074446049   -0.0041794630734   -0.0622428679260    0.0361266808264    0.0030480638835   -0.0089292433602   
 0.0349158771644    0.0034622352801   -0.0000542825504    0.0003798800915   -0.0001394765946   -0.0031534907094   -0.0666530043905    0.0386346063414   -0.0011335281783   -0.0020216978198   
 0.0351046811106    0.0032364243393    0.0001533120768   -0.0005273811088    0.0011500581323   -0.0000676119145   -0.0714023069219    0.0431636793184    0.0039808215278   -0.0003110227231   
 0.0340634048768    0.0033369073576   -0.0004968576049    0.0009720285986   -0.0015093681295   -0.0058367514521   -0.0665792907850    0.0323196878203    0.0022618843712   -0.0113200523137   
 0.0343032997493    0.0031689168523    0.0000519159776    0.0006141757780   -0.0001803673773   -0.0018940835734   -0.0586210568059    0.0298477493215    0.0070292588072    0.0014757309508   
 0.0341728663795    0.0034937553997    0.0003853585392    0.0000210789378   -0.0003424821266   -0.0048467113185   -0.0593843672852    0.0338203184031    0.0037894746487   -0.0103313307714   
 0.0343237551410    0.0034664833294    0.0003902443506    0.0005793157355    0.0004854360862   -0.0015981904904   -0.0587324733219    0.0361978213226    0.0052224900656   -0.0087274737156   
 0.0346043670568    0.0030894878837    0.0006433951735    0.0001567987323    0.0020187950856   -0.0023820864971   -0.0655559052889    0.0330789324330   -0.0008602240801   -0.0059068827856   
-0.0106016207000   -0.0129772215953   -0.0271301544463   -0.0101890995161    0.0003984536528   -0.0054142820477    0.0015221924486   -0.0034513816718    0.0120542788928    0.0138800762008   
-0.0107935527100   -0.0072644944322   -0.0326115504798   -0.0135503770758    0.0032859314209    0.0002200608600    0.0001237161260   -0.0012359195960   -0.0029568907704    0.0074995574513   
-0.0103124646969   -0.0082056017624   -0.0318909193699   -0.0125839678805    0.0028790619893   -0.0014096112517   -0.0000582031383   -0.0011627457684    0.0044549542665    0.0005017501172   
-0.0105038793899   -0.0109532142608   -0.0287760653444   -0.0105175821839   -0.0019476339752   -0.0043236730793   -0.0023934927770    0.0006219355462    0.0163739635111    0.0180560061255   
-0.0107413118477   -0.0118594782928   -0.0252930022143   -0.0086591988594    0.0051335744689   -0.0013872166195    0.0007692931923   -0.0040581212793    0.0084737691319    0.0150299575347   
 0.0343375273361    0.0031591854465    0.0001802458047    0.0002493080323    0.0004582524327   -0.0009853412464   -0.0647960771066    0.0335322361493   -0.0004823077445   -0.0061632822280   
 0.0349435265832    0.0036343832134   -0.0001917252699    0.0002641472910   -0.0000686639991   -0.0034745803230   -0.0759523184315    0.0440709561512    0.0022522158965   -0.0118802509812   
 0.0332306044198    0.0025613778811    0.0003841654848    0.0017464323952   -0.0006811879366   -0.0047596579916   -0.0603809131651    0.0279384183494   -0.0021760766674   -0.0044761778306   
 0.0327081290476    0.0019438925722    0.0007181393347    0.0014742362704   -0.0032930517334   -0.0069777515046   -0.0598487749773    0.0351854795034    0.0036217845687   -0.0108449546591   
 0.0347626001829    0.0039529463338    0.0001137424080    0.0006903683629   -0.0012354375869   -0.0012888208351   -0.0592359519117    0.0309712599965    0.0057627152800   -0.0043889122707   
 0.0348005971809    0.0037898865085   -0.0000678337099    0.0001993236560    0.0014025299320   -0.0036107412846   -0.0600452809537    0.0379525945124    0.0045665133577   -0.0037642521728   
 0.0348687168234    0.0032465776811    0.0013635755501    0.0005136796964    0.0003140275023   -0.0031711353315   -0.0700596537450    0.0447547229485    0.0060521445766   -0.0077137367225   
 0.0347757803387    0.0037030729722   -0.0004977628891    0.0000750859658   -0.0006648395374   -0.0014803699385   -0.0677976808471    0.0357381495413    0.0024295575278   -0.0069737637267   
 0.0346845727071    0.0040342867023    0.0002662103595    0.0007998460979    0.0002595648921   -0.0012569189220   -0.0632273063478    0.0351626376342    0.0018559037053    0.0024850171713   
 0.0345986405134    0.0035128879620    0.0002772629789    0.0005819449097    0.0000418886992   -0.0020093336539   -0.0648667787804    0.0329134623540    0.0057589300587    0.0002325570442   
 0.0341636751609    0.0025697710642    0.0009549022472    0.0009289326465   -0.0033030475236   -0.0042693188080   -0.0546682671050    0.0267373281778   -0.0020809225393   -0.0010856542265   
 0.0343277224993    0.0034799365172    0.0006848479908    0.0008211084718    0.0007423101759   -0.0040484434179   -0.0441118059220    0.0271979296838    0.0027028040658    0.0055149643200   
 0.0340657768436    0.0033898785886   -0.0002417587317    0.0011245358939    0.0013878076087   -0.0020390713526   -0.0624363883283    0.0431694513891    0.0046735249728   -0.0031631563740   
 0.0341890858152    0.0031783400139    0.0003095311580    0.0013593438080    0.0007576326896   -0.0048295119456   -0.0552762505399    0.0289789871610    0.0031189593394   -0.0055690516646   
 0.0342652684565    0.0037467495857   -0.0001490215339   -0.0005390108783   -0.0003826803973   -0.0019046509187   -0.0724099052417    0.0482563713796   -0.0035481133977   -0.0068747510999   
 0.0347488581654    0.0034340361780    0.0007007831914    0.0012586729384    0.0010697446909   -0.0054143326062   -0.0718178603953    0.0418435570248   -0.0031144982093   -0.0088111364046   
-0.0103397527797   -0.0123127729330   -0.0220515763760   -0.0103886313796    0.0007704333626   -0.0006974783814   -0.0028659711255    0.0007966270600    0.0177276715186    0.0135099105307   
-0.0104697555067   -0.0128406079241   -0.0235443828695   -0.0091715934036    0.0026826994788    0.0030073041298    0.0016036788429   -0.0037328398636    0.0212953387484    0.0215479681692   
-0.0108201329458   -0.0101598243600   -0.0276429483859   -0.0110875920721    0.0073874949327    0.0016786689702   -0.0003493071029    0.0005175936945    0.0000274647785    0.0149655371887   
-0.0106555893308   -0.0106204669616   -0.0267790576118   -0.0115500981513    0.0069364274676   -0.0025098819066   -0.0000501513015    0.0000924704361    0.0065541896161    0.0143709989226   
-0.0105664192782   -0.0126452978296   -0.0249265988248   -0.0096047171136   -0.0020144306036    0.0007195962842    0.0013280550630    0.0009062516173    0.0125466881383    0.0132687558774   
-0.0105299302619   -0.0127153844029   -0.0236150697890   -0.0082008912220    0.0005772706491   -0.0013140203830   -0.0005702154545   -0.0019810094586    0.0097207084065    0.0111943850493   
-0.0106504928044   -0.0087101067074   -0.0299548966278   -0.0111612263018    0.0006890685783   -0.0029201160708   -0.0006225032356   -0.0023368763876    0.0054467265419    0.0026639490950   
-0.0107458472225   -0.0090594447719   -0.0290495017428   -0.0124347357582   -0.0015394440061   -0.0008663855141    0.0031905684366   -0.0038413164029    0.0098703996205    0.0125397243759   
-0.0110801761327   -0.0099698492172   -0.0281454229206   -0.0118720301769    0.0022517734282    0.0026316591100   -0.0008726813497   -0.0030171631384    0.0048087962904    0.0137089338708   
-0.0107046541337   -0.0092705439175   -0.0284832197195   -0.0119408872427    0.0079540206304    0.0021971515864    0.0007345734410   -0.0012957887304    0.0021684223454    0.0144268780886   
 0.0344988438068    0.0034959807739    0.0002743029239    0.0005662187225    0.0015654865472   -0.0030219418377   -0.0699175514497    0.0368196519845    0.0036636067402    0.0010919106735   
 0.0340823313421    0.0034267344150    0.0003377403305    0.0007918283187   -0.0003475127754   -0.0030192097193   -0.0662786908516    0.0375326319062    0.0034353758761   -0.0151498421344   
 0.0345745016362    0.0031953480440   -0.0006743799364    0.0000163519703   -0.0005088964678   -0.0021524029163   -0.0628049762593    0.0307860762373   -0.0016970987420   -0.0075337982548   
 0.0337305192573    0.0029815007451    0.0007797885240    0.0020714674313   -0.0023762609100   -0.0046395858905   -0.0589018409314    0.0300847755614    0.0044649655462   -0.0029200685617   
 0.0337129456560    0.0030633781147   -0.0004077050317    0.0009341922755   -0.0015344731415   -0.0036307331722   -0.0597466266298    0.0341301108159   -0.0030049367421   -0.0119489249643   
 0.0344018408933    0.0032221348433   -0.0002883014056    0.0004104673497    0.0023071256377   -0.0036145404175   -0.0600087483609    0.0319047561903   -0.0002216037563   -0.0083069829471   
-0.0107893034328   -0.0118509883666   -0.0256587954439   -0.0084648519386    0.0020289716773    0.0020582159423    0.0008781386946    0.0007729363137   -0.0069247693147    0.0116357936036   
-0.0106235545669   -0.0118928595808   -0.0253598110131   -0.0080274895417    0.0067338271657    0.0015180872092    0.0037923574827    0.0007756672556   -0.0017713697558    0.0142499979924   
-0.0103300675798   -0.0068788142489   -0.0355118747427   -0.0143303784220    0.0031600219322   -0.0018737917200   -0.0020079970153    0.0026310346243   -0.0368885977534    0.0279584796772   
-0.0106814610810   -0.0068547807966   -0.0358064332471   -0.0158102026686    0.0014411475864    0.0024503186515   -0.0006561383147   -0.0022376495818   -0.0364066598412    0.0320002613820   
-0.0105716524122   -0.0052672475904   -0.0391039023246   -0.0175213974755    0.0017079378993   -0.0014778034005   -0.0011502696159    0.0004125952036   -0.0524351884097    0.0334982489036   
-0.0109402520634   -0.0054545433525   -0.0362273475639   -0.0146295590951    0.0019827356720   -0.0007639395113    0.0003672983987   -0.0005601143714   -0.0389600970665    0.0229480030530   
-0.0101872374320   -0.0126850598611   -0.0252457756047   -0.0091370374033    0.0001652959505    0.0004840283764   -0.0003472395759   -0.0019014562904   -0.0011660283363    0.0190166172358   
-0.0105018235065   -0.0122156787531   -0.0248505723249   -0.0098561636740    0.0007633522023   -0.0019357590179    0.0006091885867   -0.0006679246312    0.0059328407593    0.0126095610082   
-0.0104014608244   -0.0133487325283   -0.0252785960691   -0.0081955298827   -0.0013806446359   -0.0016663450591    0.0002874460336   -0.0001332790416    0.0159306434811    0.0204375270766   
-0.0109302872795   -0.0082378483970   -0.0294861180289   -0.0127731488449    0.0069333305595   -0.0005489331116   -0.0008129803694    0.0006655010169    0.0065732266531    0.0056222369882   
-0.0105676189741   -0.0115343265401   -0.0261845530773   -0.0104647327286   -0.0024218895814   -0.0021964286402   -0.0014956017984   -0.0040915871067    0.0083604148364    0.0173392463824   
-0.0105606342226   -0.0123025960936   -0.0246246885135   -0.0100704489538    0.0042727162419    0.0020737248690    0.0005486350334    0.0011644659057    0.0044328467765    0.0176412947977   
-0.0108772560860   -0.0110562864830   -0.0257701930066   -0.0099834710457    0.0023419750455    0.0011127561812   -0.0022107191508   -0.0008336098795    0.0082449955296    0.0144159528726   
 0.0335783113885    0.0032932081865    0.0004938177506    0.0011039474177   -0.0006035657292   -0.0054869712490   -0.0622832657408    0.0312325202995    0.0008294636023   -0.0065905399901   
 0.0348870060075    0.0037174112580   -0.0000695726693    0.0006060621767    0.0006646223081   -0.0059641424610   -0.0671650893156    0.0369016510163    0.0128816454509   -0.0050086026914   
 0.0344993585912    0.0036590530233    0.0009971718216    0.0004827250194   -0.0002719259083   -0.0049042726976   -0.0591598368355    0.0314407666262    0.0018236503018   -0.0064773038866   
 0.0345541683455    0.0036048843886    0.0007070961538    0.0002595797168   -0.0013902009144   -0.0045523613969   -0.0593454729321    0.0349193786792    0.0019736482488   -0.0022553254277   
 0.0341876272734    0.0032567138419    0.0005146799993    0.0010375464382    0.0000829934676   -0.0028503086957   -0.0640823227489    0.0364042167238    0.0010759443741    0.0039119819944   
 0.0347743828251    0.0035975812411    0.0007617967543    0.0005732339812   -0.0007553248458   -0.0018157347877   -0.0532397436980    0.0246697265664    0.0050144001748   -0.0065915661967   
-0.0109101003946   -0.0045995514879   -0.0361436310686   -0.0166326363106    0.0046844491431    0.0050342174409   -0.0018106008846   -0.0004968798703   -0.0433841774548    0.0363466361148   
-0.0106672826624   -0.0044532303782   -0.0373030507854   -0.0166285488007    0.0006834833147   -0.0002461731010   -0.0010798957514   -0.0010815364630   -0.0394800901084    0.0398190827724   
-0.0105667713815   -0.0046429721186   -0.0364463183949   -0.0155134153629    0.0053757163748    0.0012442526811   -0.0017761121331   -0.0009345455654   -0.0384615496084    0.0384569895706   
-0.0108018301985   -0.0040959996906   -0.0366682732417   -0.0163536202095    0.0023697973124   -0.0019620460361   -0.0020183046585   -0.0013376502579   -0.0415429958781    0.0310647951992   
-0.0104584628719   -0.0088975034353   -0.0309273142896   -0.0117917206398   -0.0028142236115   -0.0001537103848    0.0004120092507    0.0002382549126   -0.0066626178669    0.0161696708326   
-0.0103939686231   -0.0110888837718   -0.0289633932776   -0.0141681875717   -0.0028070979967    0.0011400548365    0.0007757810947    0.0003920926094    0.0104169243885    0.0126920804512   
-0.0108663683220   -0.0111840166929   -0.0242655131323   -0.0092005178067    0.0026633842400    0.0005260599951   -0.0003298489322    0.0030510118637    0.0151837712958    0.0187011183097   
-0.0107048575733   -0.0110994076613   -0.0252115797359   -0.0109972512169    0.0011713250474   -0.0009232569778    0.0008914667152   -0.0018438143552    0.0123268114292    0.0222876145752   
-0.0107119995661   -0.0115808298270   -0.0255548859020   -0.0083652542605    0.0025915349204   -0.0007580868655   -0.0013254369141   -0.0008565319379    0.0121986453582    0.0210311877254   
 0.0346397665929    0.0032038249218    0.0002451621962   -0.0001894385024    0.0001375734371   -0.0015204758092   -0.0686678140499    0.0371307420451   -0.0031204579660   -0.0065948878705   
 0.0343034867636    0.0033597443471    0.0003882941347    0.0005901768660   -0.0014883621334   -0.0024600986881   -0.0667324866045    0.0333664513892    0.0073773879224   -0.0049899037332   
 0.0347251468355    0.0032581014812    0.0002686475401    0.0010480808092    0.0007891715526   -0.0041193810938   -0.0604264838401    0.0269348878488    0.0008428621917   -0.0011978270717   
 0.0343537363743    0.0035698440424    0.0009332710720    0.0009104644317   -0.0022239569540   -0.0041270215803   -0.0578169374780    0.0268466628292   -0.0036281286044   -0.0112041611191   
 0.0344593605086    0.0036184858574    0.0011405367995    0.0003649502878    0.0002814262198   -0.0018075091098   -0.0687309348633    0.0321273373700    0.0054776479556   -0.0027247647259   
 0.0346780040253    0.0036111533271   -0.0003070280144    0.0002360973703    0.0010390323245   -0.0007918935954   -0.0584597227141    0.0375159908858    0.0034165122330    0.0089650341550   
 0.0343221183564    0.0037296066208    0.0000293375575    0.0001744969190    0.0000242877998   -0.0022798238984   -0.0558707848174    0.0277095653088    0.0034212979713   -0.0015737958456   
 0.0346987123332    0.0035666852222    0.0005233544439    0.0005227426721    0.0024801438000   -0.0017726101321   -0.0589803468533    0.0298822029903    0.0009139197863   -0.0038777289927   
 0.0347479868654    0.0040142984484   -0.0004106108941    0.0009750903064    0.0014074843893    0.0004288878309   -0.0644684801110    0.0366863792449   -0.0007603510749   -0.0078493046734   
-0.0105470692173   -0.0070794736058   -0.0329542785063   -0.0129009878914   -0.0011334243622   -0.0043096985991    0.0004135322839    0.0005210928423   -0.0301721920769    0.0189294797055   
-0.0107966800830   -0.0053770755337   -0.0353839613419   -0.0161350881232    0.0022199996622   -0.0019375425984   -0.0020810235294    0.0021209236548   -0.0377560256845    0.0334009211029   
-0.0107966143918   -0.0048300206444   -0.0355860531628   -0.0161635196563    0.0029934257252   -0.0017257804468   -0.0007057530375    0.0020853333030   -0.0357079204290    0.0393346725802   
-0.0110115516673   -0.0056551070876   -0.0353521608473   -0.0152309448534    0.0016804802731    0.0005680295807   -0.0015626461184    0.0000085855413   -0.0470424262751    0.0355761784433   
-0.0107099404043   -0.0050356148799   -0.0366208887622   -0.0155138547685   -0.0021132451292    0.0024333000198   -0.0000883716145    0.0009479213321   -0.0421097263473    0.0358560474097   
-0.0106916802204   -0.0061415389457   -0.0361900620889   -0.0171303681844    0.0010309978023   -0.0022563867033   -0.0020895439285   -0.0012332601788   -0.0311972480456    0.0325251452575   
-0.0107227842206   -0.0047471985773   -0.0378538566151   -0.0163549643555    0.0036824998959   -0.0000143601765    0.0013232790125   -0.0015450867117   -0.0411505486967    0.0318888823942   
-0.0106945849717   -0.0049077366572   -0.0365105895130   -0.0162996279064    0.0008161310257    0.0015272342027   -0.0012126079323   -0.0016516644695   -0.0465555353309    0.0345520439589   
-0.0106536824111   -0.0049778791826   -0.0355332050807   -0.0148475566579    0.0039765484325   -0.0000981112749    0.0001769818201   -0.0012656953764   -0.0301907825835    0.0357299360613   
-0.0108128351513   -0.0047186717717   -0.0359785425029   -0.0166673648026    0.0030423510746   -0.0001873649900   -0.0009358573487    0.0020797949976   -0.0428040216836    0.0283117746059   
-0.0108506348262   -0.0050080056180   -0.0366422808932   -0.0164411538499    0.0037546352240    0.0010526759450   -0.0000746675937   -0.0003951538665   -0.0367425650434    0.0458251892931   
-0.0106663048887   -0.0051832224635   -0.0379866017694   -0.0154369775104    0.0040092325191    0.0024409326727   -0.0009908862079    0.0019936545905   -0.0543161366895    0.0316862812980   
 0.0348876162248    0.0036672859058    0.0002565449367   -0.0001362029501   -0.0001317996054   -0.0015819669393   -0.0617550676949    0.0345718105855   -0.0049723304844   -0.0062497440253   
 0.0341343061548    0.0032153306755   -0.0003735131752    0.0012810335082    0.0027841948644   -0.0026440467652   -0.0592278027067    0.0326604368876    0.0006216202620   -0.0005538388774   
 0.0349050467137    0.0038931441795   -0.0001509828395    0.0000080741748    0.0007376007483   -0.0009042428913   -0.0684215943414    0.0412547839305    0.0120420972457   -0.0016692346372   
 0.0351300140585    0.0039423558541   -0.0000251703798    0.0007153792009   -0.0006584236906    0.0000912348533   -0.0683184536407    0.0417605969232    0.0058084895246   -0.0019405404109   
 0.0338959760856    0.0030453873095    0.0009375516278    0.0006644056786   -0.0010099289792   -0.0050190433357   -0.0568029445782    0.0335420197781    0.0013822386674   -0.0046058706326   
 0.0340105335106    0.0031146218577    0.0009571923658    0.0009157821592   -0.0003581592171   -0.0041802271447   -0.0634749784287    0.0339945843875    0.0014513843561   -0.0024125164887   
 0.0315793292931    0.0012737852244    0.0018220000215    0.0028590992879   -0.0051398462386   -0.0071016269007   -0.0478382787440    0.0279543519088   -0.0008242786826   -0.0131043205687   
 0.0345856299087    0.0037721701640   -0.0006752850764    0.0002584897603   -0.0009649844569   -0.0009077751616   -0.0606257014875    0.0335204806847    0.0022222611767   -0.0057406095108   
 0.0345509478196    0.0034431555667    0.0005777899996    0.0004709502247   -0.0032950340500   -0.0024697398032   -0.0698825655823    0.0367925316246    0.0001112912008   -0.0076903795165   
 0.0347512378309    0.0037141557405   -0.0003922411314   -0.0000088687972   -0.0002792319945   -0.0014086784769   -0.0601636014989    0.0305314500435   -0.0004329390978   -0.0045642687853   
 0.0342836379436    0.0035557893433    0.0010028521212    0.0012213361386    0.0021409973736   -0.0032616972341   -0.0602935343626    0.0324275993876    0.0039488375774   -0.0110973667643   
 0.0337665546954    0.0030493282354    0.0007911097047    0.0010848829412    0.0004223742239   -0.0031205056090   -0.0575028684746    0.0384775461240   -0.0019729507268   -0.0111469410287   
 0.0350746175099    0.0036060912948    0.0000957204974    0.0008789674360    0.0015172647268   -0.0007495191162   -0.0645345567488    0.0330766412743    0.0028936815168   -0.0006568477908   
 0.0349398423897    0.0038269575988    0.0003573178237   -0.0002219499166    0.0007315514831   -0.0032256579008   -0.0624764229720    0.0340321950214    0.0024870529538   -0.0028520351747   
 0.0342650165083    0.0034938263554   -0.0002914340014   -0.0005296381242   -0.0004208821618   -0.0029113465117   -0.0664839057765    0.0381177464357    0.0024546615124   -0.0127578847038   
 0.0341000751082    0.0031441491502   -0.0005646462523    0.0002350821585   -0.0007908286380   -0.0015750320369   -0.0659271370582    0.0382855351215   -0.0011274745123   -0.0016041726941   
 0.0342457114701    0.0033918135985   -0.0003937940265    0.0005855019901    0.0013213617904   -0.0039503965413   -0.0677256159992    0.0403996523541    0.0017085651504   -0.0045195347684   
 0.0341320586618    0.0029920686373    0.0005304182181    0.0014969862417   -0.0005970000660   -0.0051627837661   -0.0583434768208    0.0314163904385    0.0042603299712   -0.0059874077070   
 0.0346945630561    0.0033908521179    0.0010534468133    0.0004473829890    0.0005021488680   -0.0015653935692   -0.0420074169070    0.0134362700904    0.0002404760921   -0.0043163345837   
 0.0339095707237    0.0027890104483   -0.0004442399017    0.0004179514183   -0.0029317626835   -0.0040760438858   -0.0701239224013    0.0396084078039   -0.0030681343925   -0.0073780264422   
 0.0347589005643    0.0033765839154    0.0001830155509    0.0005094486911    0.0004572991125   -0.0039172839263   -0.0542379632780    0.0281365299015    0.0007003359865    0.0025731047681   
 0.0339994497320    0.0036233466745   -0.0004480098158    0.0000809604052   -0.0020333308742   -0.0040052330663   -0.0668444455971    0.0374740039730   -0.0006702541476   -0.0028207842124   
 0.0342845186967    0.0037002688033    0.0004902254685    0.0003095681227    0.0021455157898   -0.0012881643213   -0.0643826780382    0.0357497013274    0.0069234848204   -0.0023848935437   
 0.0341272304218    0.0034485117091    0.0016159137333    0.0002619118029   -0.0021077603631   -0.0042532068146   -0.0710059826902    0.0440525754002    0.0056551343539   -0.0073217149397   
 0.0344618006187    0.0032210310674    0.0001267682590    0.0004092294264    0.0003441405816   -0.0023242392792   -0.0554988320188    0.0293579338448   -0.0009720796249   -0.0098619581281   
 0.0341495579084    0.0039854331774    0.0002839967949   -0.0000116798211    0.0017962567876   -0.0026510913168   -0.0689920357550    0.0394298386737    0.0061696716747   -0.0080966268619   
 0.0344704369007    0.0034440003693   -0.0001430423321    0.0002839602537    0.0009588136531   -0.0044534813240   -0.0610979727282    0.0372180497738   -0.0017910203238   -0.0040048730060   
 0.0350228625350    0.0038565022950    0.0000454635453    0.0011042570144    0.0008986329116   -0.0026525373690   -0.0593211123119    0.0279240380734   -0.0025636452763    0.0013903358073   
 0.0343000587237    0.0033095465869    0.0000244030945    0.0002047247843   -0.0015757595440   -0.0024291505386   -0.0610596475082    0.0360172309018    0.0025691012948    0.0024941912330   
 0.0343940320545    0.0032498864264   -0.0003327914122    0.0003262252849    0.0001448757918   -0.0041301687578   -0.0598551242529    0.0388336784686    0.0039789365415   -0.0064476402581   
 0.0338859879017    0.0033810494113   -0.0006564331769    0.0009238669008    0.0016631441510   -0.0041436396431   -0.0638734280562    0.0397608074040    0.0027626606516   -0.0134395246838   
 0.0348115177654    0.0038689302359   -0.0002610962484    0.0004747952163   -0.0011249518264   -0.0026182901520   -0.0700674039859    0.0435496393401   -0.0030470846348   -0.0137643856236   
 0.0343742866748    0.0032541449789    0.0002335380107    0.0001949914646    0.0013687447373   -0.0020263302861   -0.0616089943088    0.0366131309236    0.0028764784020   -0.0029956022126   
 0.0339614555148    0.0033712486012    0.0003789585215    0.0006708241644    0.0008171053257   -0.0025378823966   -0.0536579254866    0.0276226350288    0.0011439979142   -0.0069811579328   
 0.0342175244102    0.0034768503071    0.0009810890070    0.0009413875733   -0.0013274462340   -0.0058529919455   -0.0557166275566    0.0267903418040    0.0024657966429   -0.0064299376096   
 0.0346570362233    0.0037209518785    0.0007261366994    0.0005201569582   -0.0019501345356   -0.0042064097072   -0.0737997966089    0.0440546371791    0.0041316136220   -0.0098801729325   
 0.0344081303885    0.0035825320762    0.0006587922803    0.0002990112766    0.0010982196727   -0.0056016309552   -0.0731065645218    0.0469651273524    0.0074242339295   -0.0104014975612   
 0.0359580336977    0.0041394811062    0.0003361280267    0.0002963941679    0.0057070436450    0.0050740372123    0.0194214948530   -0.0464692469255    0.0004675888038   -0.0092018241076   
 0.0356491988242    0.0040391568121    0.0003690266089   -0.0004618124525    0.0031055609075    0.0022396364154    0.0184072930671   -0.0497982425825   -0.0026908437961   -0.0102632333197   
 0.0357473330886    0.0040284659374    0.0005792897870   -0.0010983743367    0.0014570693235    0.0046404614091    0.0185139503714   -0.0462492179882   -0.0004677579065   -0.0066878801615   
 0.0356530760645    0.0041652314241   -0.0005649955858   -0.0001432371256    0.0034990254937    0.0023537335413    0.0202555117683   -0.0428214807762   -0.0037052413163   -0.0005181481295   
 0.0355535564253    0.0039869713933   -0.0002695649909    0.0008336775870    0.0035238990965    0.0061424658900    0.0188908561017   -0.0483198967568    0.0041639867021    0.0004063403149   
 0.0355873572915    0.0039468993516   -0.0000209387188    0.0004167282991    0.0032403371272    0.0057281801172    0.0216583490017   -0.0454395729373   -0.0077881454359   -0.0081508929096   
 0.0357357364067    0.0039781379838    0.0005291070714   -0.0009125999754    0.0024402882239    0.0043240684885    0.0230640983741   -0.0467997880122    0.0016640553089   -0.0078984263450   
 0.0358041567563    0.0042895320117   -0.0000146409311    0.0001908449706    0.0013862313923    0.0051463715594    0.0212362368104   -0.0379552608280    0.0025990202619   -0.0080660350989   
 0.0355069383778    0.0040279739021    0.0009807977760   -0.0003195938800    0.0032260829612    0.0019540473217    0.0173589321037   -0.0460025954397    0.0028836909694   -0.0078099035721   
 0.0354980735819    0.0041433820074    0.0007885128658   -0.0000379884888    0.0034311766157    0.0022664960140    0.0233527674456   -0.0480599664968   -0.0076062145034   -0.0110784289489   
 0.0355051415425    0.0037630162461    0.0001720162896    0.0007726910282    0.0028972809938    0.0038556325418    0.0171214656155   -0.0464513326454    0.0002163882182   -0.0031231505357   
 0.0357901158208    0.0041456262064    0.0005414307571    0.0003122496760    0.0059375602143    0.0038900351364    0.0173240503931   -0.0393069085419   -0.0038970734645   -0.0061495240892   
 0.0359008002523    0.0037109743990   -0.0000692181132    0.0008591463436    0.0047830798280    0.0057471818793    0.0205225925057   -0.0422264503955    0.0016427151084   -0.0031771378189   
 0.0358570445281    0.0040063158957    0.0009929035119   -0.0000924804939    0.0023228639804    0.0044826048402    0.0187813175825   -0.0452473758084    0.0010475031130   -0.0085404206775   
 0.0358079111134    0.0039685134672    0.0003912513186    0.0007057156214    0.0029896693310    0.0044080153050    0.0195814486055   -0.0492065731008   -0.0035929182754   -0.0112002076205   
 0.0355028927832    0.0041178104518    0.0007108531682    0.0003623040402    0.0067081170592    0.0032183136463    0.0157742611016   -0.0422043959780   -0.0020895783815   -0.0046110350465   
 0.0356404953010    0.0041352207644    0.0006629065348    0.0007372881899    0.0008217723026    0.0044376011737    0.0226070790015   -0.0503778712498    0.0004614219210   -0.0071405569135   
 0.0355614999938    0.0036976454986    0.0003777714263   -0.0003337861916    0.0004721085613    0.0042713637092    0.0219077450990   -0.0280530563944   -0.0025676299174   -0.0104961098394   
 0.0355509005971    0.0040560222416    0.0003751641560   -0.0002767410476    0.0031738801986    0.0019524591353    0.0193115784326   -0.0426949102192    0.0000286806718   -0.0062380798223   
 0.0344686492387    0.0035773519746    0.0005094333515    0.0009818020219    0.0006943017839   -0.0013828960008   -0.0647966437280    0.0368199965661    0.0014810935610   -0.0051058781857   
 0.0341921164101    0.0031306964173   -0.0000668894866    0.0006216180929    0.0013427464676   -0.0025547024496   -0.0638150525041    0.0353249288890    0.0023566608520   -0.0066063114216   
-0.0111691239046   -0.0017848220216   -0.0334651938415   -0.0143157875928   -0.0013907478019    0.0043535730938   -0.0004539151666   -0.0009962446902   -0.0125244546996   -0.0025097346028   
-0.0111257989500   -0.0016668205668   -0.0338696967490   -0.0159106070318    0.0037147529134    0.0028491312902    0.0011909706988   -0.0002307783768   -0.0127072764374   -0.0108000060606   
-0.0112832077988   -0.0016094689594   -0.0318757972265   -0.0132953016207   -0.0003007429273   -0.0003680727113   -0.0038268497965   -0.0007214427624   -0.0117038216251    0.0000979353185   
-0.0108365694300   -0.0008951058411   -0.0342436430292   -0.0134517083419   -0.0010093850905   -0.0011358437290   -0.0022814440317   -0.0017806812665   -0.0107865560263   -0.0035844374031   
-0.0108594892252   -0.0051143546040   -0.0352889472551   -0.0165207798453    0.0056509851148   -0.0009849857012    0.0004714022909    0.0010655527908   -0.0418969164887    0.0335223269957   
-0.0104273219485   -0.0054753320389   -0.0351179973236   -0.0170652031386   -0.0000830485305   -0.0016388326063    0.0005474219247    0.0020067643378   -0.0438298432674    0.0275503550674   
-0.0105664821094   -0.0058753006018   -0.0360322697570   -0.0152949398493    0.0031943926557    0.0007707430276   -0.0000831744394    0.0036966111113   -0.0352806619618    0.0434713640132   
-0.0105235658175   -0.0047529737191   -0.0373577142489   -0.0154321292527    0.0046615563461    0.0009550931541    0.0012947029168    0.0006392801646   -0.0406164984408    0.0313960627155   
-0.0107760104063   -0.0050938064903   -0.0368571487958   -0.0164890707084    0.0038900235912    0.0008150958891    0.0011613518222    0.0005468625686   -0.0376012317052    0.0338260700145   
-0.0106537958732   -0.0071770363159   -0.0341121189486   -0.0159008973337    0.0021803491397    0.0035178206891   -0.0009559108601    0.0033552811043   -0.0413345606696    0.0325797875987   
 0.0345283794774    0.0033517173845    0.0003131761859   -0.0004223678094   -0.0002383620405   -0.0009833902846   -0.0616408603030    0.0351224035432    0.0040610986127   -0.0037069280540   
 0.0350104062013    0.0039775574925    0.0010723058028    0.0009341372100    0.0024314107969   -0.0019305394024   -0.0590607552881    0.0365665366669    0.0022040089002    0.0004845938687   
 0.0348382737693    0.0036748821608   -0.0006008345946   -0.0002088793487    0.0001900399824   -0.0011905021615   -0.0628799014607    0.0347206277608    0.0043043447606    0.0038410937319   
 0.0345248307972    0.0036144091982    0.0001369236557    0.0001553746152   -0.0010696292570   -0.0010104430815   -0.0604255343146    0.0337303404815    0.0070004551298   -0.0039412319240   
 0.0351110784662    0.0036132683507    0.0001426855718    0.0013794299361    0.0002583676458   -0.0025588591686   -0.0552118591991    0.0237855429184   -0.0001791602586   -0.0081843315712   
 0.0350036200148    0.0034885753135    0.0000682105244    0.0007956437582    0.0016638914591   -0.0002470212736   -0.0335991129694    0.0066734264010   -0.0035180513611    0.0070071080713   
 0.0336976756569    0.0038507916604    0.0001535501339    0.0008013418307   -0.0023791667916   -0.0047223546677   -0.0561520478731    0.0319969637765   -0.0021324221629   -0.0001322232095   
 0.0340648232225    0.0033164852165   -0.0003321928221    0.0003570629855   -0.0013199264988   -0.0033757721480   -0.0579610218868    0.0322395913414   -0.0006688379362   -0.0042709087238   
 0.0345476798292    0.0036117802743    0.0009931165220    0.0000685459792    0.0008196969016   -0.0051846678206   -0.0630065478279    0.0402345876655    0.0009328141908   -0.0010864214752   
 0.0346119593410    0.0035434124103    0.0006724958773    0.0007008896585   -0.0033622730703   -0.0036571266719   -0.0656592294169    0.0403404225270    0.0061595006750   -0.0069911961652   
 0.0354547642488    0.0038614200940    0.0000309201870    0.0005586231672    0.0023081528319   -0.0004639925443   -0.0286537065010    0.0119516223865    0.0011729353460    0.0201016922690   
 0.0355564381440    0.0044957456773    0.0004652202792    0.0003782913961    0.0027028672659    0.0008802276959   -0.0391503059787    0.0065503937734    0.0048597670061    0.0196141154024   
 0.0353072933770    0.0036213646416    0.0000725458538   -0.0001836495990    0.0040204386498   -0.0003486644333   -0.0288406787440    0.0146100322165    0.0001010057804    0.0184412400386   
 0.0355185357108    0.0039779225692    0.0005117755617   -0.0000802188321    0.0032658185288    0.0016431959864   -0.0373122429040    0.0124141032284   -0.0028024730978    0.0164975043039   
 0.0352046174270    0.0038323958168   -0.0001961778614    0.0007757565807    0.0029938160493    0.0013321349238   -0.0381006494280   -0.0007366448002    0.0012476943590    0.0140178211754   
 0.0355191601052    0.0040194065887    0.0000347528038   -0.0002583879316    0.0009709507741    0.0030703131486   -0.0331403191855    0.0062537039606    0.0057288135812    0.0182087443475   
 0.0355800950096    0.0039181461778   -0.0001156633730   -0.0001493323947    0.0045534057790    0.0015632978226   -0.0354219858557    0.0064567815131    0.0018056841529    0.0165399108845   
 0.0352215991952    0.0042836032111   -0.0002908455321   -0.0010442132343    0.0022120302485   -0.0023638040124   -0.0389948439919    0.0114039562229    0.0092976528878    0.0146390424412   
 0.0355577575070    0.0042199870147    0.0002691080920    0.0000859645693    0.0017918445332    0.0010577629254   -0.0297073489844    0.0056081654297    0.0045698437616    0.0205473080903   
 0.0353615849657    0.0038148091641   -0.0003294312452   -0.0008553779807    0.0015669719877   -0.0022892740714   -0.0318515072895    0.0070359591079    0.0003195700723    0.0130539954101   
 0.0354904180903    0.0041934663798    0.0005096879234   -0.0000733896174    0.0050440725897    0.0003447749360   -0.0353176806564    0.0046852445090   -0.0011271410602    0.0159178784626   
 0.0355376608167    0.0041876382854    0.0006187609768    0.0001415149430   -0.0002766378691    0.0017969981665   -0.0364255922460    0.0093973252499    0.0004605527526    0.0197819824619   
 0.0351745459027    0.0037507741786    0.0005357254430    0.0001817444518    0.0017008430561    0.0017656286601   -0.0382057314035    0.0091913367050   -0.0015164635273    0.0158955611063   
 0.0358937672670    0.0039010953462    0.0001384885627    0.0002320869841    0.0022155751231    0.0004508916273   -0.0369319218824    0.0061840938791    0.0001910155818    0.0218098647707   
 0.0356015001617    0.0038901266153    0.0000929671588    0.0001859381498    0.0009717911702   -0.0010663339596   -0.0340977592693    0.0044870081065    0.0060830037573    0.0138356052568   
 0.0353804783425    0.0038232056491    0.0008502021588   -0.0001369970925    0.0019783402573    0.0027191401070   -0.0356068485403    0.0040946379773    0.0046898789435    0.0161618785260   
 0.0355385677374    0.0042767723918    0.0004506649573   -0.0003303253404    0.0039887073754    0.0020917853585   -0.0334672033737    0.0095499933437   -0.0023795375104    0.0184962187832   
 0.0357146290210    0.0041584706272    0.0004929040958   -0.0000497014860    0.0019564550466    0.0006219736979   -0.0296137449038    0.0042851369537   -0.0014013871817    0.0140076118959   
 0.0354244071521    0.0038465640986    0.0011049150050   -0.0002471546560    0.0046119659264    0.0012610080008   -0.0403123190448    0.0119928376551    0.0008194981023    0.0165670097233   
 0.0353989686683    0.0040217208642   -0.0003275285195   -0.0003112864322    0.0023631414146    0.0021499612918   -0.0351364337467    0.0115064856291    0.0041757295736    0.0141284515993   
 0.0354194476027    0.0040612169802   -0.0000419139950   -0.0000920005574    0.0007577258853   -0.0012916113694   -0.0297025707070    0.0034615132930   -0.0024295038169    0.0125187799400   
 0.0351707947681    0.0038973894847    0.0007737168855   -0.0000628073462    0.0003466126421    0.0011021481703   -0.0300775332279   -0.0000957912771   -0.0039064092360    0.0154859171614   
 0.0349360008254    0.0035091979110    0.0002946115218    0.0003005965834    0.0018423136115   -0.0017222687269   -0.0406295689435    0.0107071707199    0.0022581671174    0.0068655341367   
 0.0355554721548    0.0037173847031    0.0000735384583   -0.0000591174134    0.0026616992113    0.0010034467575   -0.0340916329111    0.0058628431955    0.0028612070773    0.0214098286734   
 0.0353682033022    0.0042327458181    0.0006588949165   -0.0002845104643    0.0048706945347    0.0025564701561   -0.0370319374351    0.0094087322167    0.0006591899405    0.0121582689855   
 0.0354065512949    0.0040777825182    0.0004786197391   -0.0008875749343    0.0024219967724   -0.0011384679821   -0.0337902822446    0.0068903007617   -0.0049245457859    0.0158274586453   
 0.0358136681893    0.0039555799711    0.0010719465655    0.0007942712302    0.0037189530864    0.0038735625098   -0.0335870275165    0.0085687760256   -0.0013524736562    0.0254075406271   
 0.0361167707544    0.0042949299612    0.0006453719642   -0.0001124814275    0.0036294451968    0.0054061680577    0.0263017043022   -0.0489727203757    0.0035032531089   -0.0109770429773   
 0.0355133137127    0.0041706956190    0.0002292749446   -0.0002839421035    0.0037992594830    0.0036791395777    0.0194526399509   -0.0473955738705   -0.0005920077394   -0.0102430494091   
 0.0356614932776    0.0042693959536    0.0001344060378   -0.0002361072924    0.0058085988829    0.0059875513714    0.0173603513890   -0.0454300811223    0.0011869986349   -0.0079661685031   
 0.0360655940241    0.0039471357837    0.0002524088880    0.0006910122113    0.0018274616405    0.0058116946126    0.0220195862954   -0.0489927105089   -0.0021774619748   -0.0102793181170   
 0.0358245047581    0.0040035687913    0.0001745261684   -0.0006816980996    0.0056254634328    0.0047194101516    0.0208488601831   -0.0509023319389   -0.0001554903034   -0.0098305275215   
 0.0357041057742    0.0041627538078   -0.0000652477717   -0.0003298918845    0.0037766250712    0.0038891526980    0.0192167981566   -0.0444302263067   -0.0029353479890   -0.0084110541356   
 0.0357988544532    0.0045028314821    0.0004626252168   -0.0005181483931    0.0012809153314    0.0051815825567    0.0220920295840   -0.0371421973421   -0.0061090624625   -0.0088170626309   
 0.0357389488661    0.0038415198865    0.0008505956195    0.0009882444518    0.0011392073775    0.0045969937591    0.0223705652434   -0.0406482673542   -0.0081702629867   -0.0038271406338   
 0.0356786197271    0.0042459974364   -0.0003825512609   -0.0005815495859    0.0049870506460    0.0039052608705    0.0217294305418   -0.0506652468752   -0.0080503098160   -0.0101520587674   
 0.0358769562152    0.0041756123878    0.0002596831029    0.0000787677476    0.0018906159505    0.0046882268338    0.0176761262754   -0.0460478193473   -0.0004511674798   -0.0016241614648   
 0.0358089265757    0.0039076538054   -0.0008124701402    0.0003541562395    0.0011750567400    0.0040400269325    0.0227611512643   -0.0437652506702   -0.0039368945368   -0.0037591403476   
 0.0358193988247    0.0036092042597   -0.0006407929596   -0.0002405830522    0.0020552131234    0.0044864815241    0.0204169505383   -0.0466577739626    0.0004787723419   -0.0066309479383   
 0.0357136012978    0.0037282347612    0.0001804269572   -0.0000593490538    0.0021246970908    0.0034644445021    0.0190638196150   -0.0455471311699   -0.0004262870612   -0.0094960998004   
 0.0359065727113    0.0044204723292   -0.0000875899973    0.0002058108557    0.0016519776727    0.0027572075431    0.0236723013872   -0.0465553961275   -0.0036798981545   -0.0017413235245   
 0.0358043775237    0.0043207306513    0.0004846767516   -0.0002267856742    0.0026137187666    0.0037338844677    0.0237583041743   -0.0482831898592   -0.0016129214524   -0.0102167651594   
 0.0359128554882    0.0042715567254    0.0004437783738   -0.0003713421773    0.0031892159314    0.0036721527855    0.0189479323977   -0.0453237497829   -0.0061078624312   -0.0081414074845   
 0.0358853484599    0.0040450591698    0.0007704265198    0.0008088304183    0.0056488029015    0.0053897414334    0.0194117622668   -0.0478831072271   -0.0046693620410   -0.0075975230340   
 0.0358441167776    0.0044939501738    0.0012452379110    0.0002793351231    0.0017394420470    0.0032001780492    0.0199571308949   -0.0487152242800   -0.0078383469962   -0.0153396589148   
 0.0361671890124    0.0040609810147    0.0010698288135    0.0011127895678    0.0029445898276    0.0049695637610    0.0216979328626   -0.0484959397013   -0.0000979299039   -0.0026823286696   
 0.0354289990700    0.0046301286628    0.0005656268605    0.0007625237957    0.0046858619391    0.0042117806555    0.0196258011569   -0.0463650245513   -0.0021005284282   -0.0072010875593   
 0.0358324671178    0.0039224798632    0.0009374687378    0.0000244749855    0.0015550520838    0.0028494143633    0.0157663009675   -0.0434343351276   -0.0006071909708    0.0015391684310   
 0.0356265634512    0.0041129452146    0.0012270623055    0.0001444643356    0.0042318930368    0.0016695444926    0.0141692993776   -0.0502909810775   -0.0036376977926   -0.0075984125875   
 0.0359497104681    0.0043041147917    0.0006574653042    0.0007075838900    0.0053075881854    0.0003844910391    0.0208464319810   -0.0393263193736    0.0043722536516   -0.0029917947621   
 0.0355469503929    0.0040015533186    0.0006235533644   -0.0003054641773    0.0034520399773    0.0062374836908    0.0232638071731   -0.0499932260835   -0.0091616151534   -0.0097798132371   
 0.0356584424829    0.0039333105605    0.0003369445677    0.0001815506988    0.0020331030834    0.0068087485086    0.0243895799486   -0.0467007419110    0.0008580147030   -0.0078080466253   
 0.0360159161913    0.0040754486576   -0.0000426656076    0.0000688229904    0.0043440051008    0.0011470529045    0.0178169297145   -0.0436027814582   -0.0070507274298   -0.0092811445142   
 0.0360933173354    0.0041741403263   -0.0003892407646    0.0001398958950    0.0009475502353    0.0039379906693    0.0211119878197   -0.0437820058128   -0.0046889450691   -0.0044898000587   
 0.0355894319445    0.0041584658206    0.0001594498477    0.0012361668510    0.0022594101292    0.0018741501037    0.0184614856581   -0.0439197813817   -0.0016172251761    0.0006547289257   
 0.0356470117575    0.0040272376902   -0.0004350701943    0.0003453182426    0.0061775225520    0.0043069783914    0.0230440322560   -0.0467243423201   -0.0002509082897   -0.0089852025782   
 0.0356825035641    0.0040717992261    0.0009228222147    0.0005744770373    0.0048954772084    0.0035378005903    0.0246041636564   -0.0492132260602   -0.0054494043297   -0.0094015991181   
 0.0359417597644    0.0044335377889    0.0011445294802   -0.0004054461250    0.0051960372102    0.0039494564676    0.0218663914090   -0.0498216534849   -0.0021159024680   -0.0074777691081   
 0.0354774353433    0.0039909758152   -0.0007141664227    0.0004615791805    0.0027633893706    0.0004304594358    0.0216283279800   -0.0395396444402    0.0002481125018   -0.0081852962475   
 0.0357193222539    0.0041173038557    0.0005095655387    0.0004629778290    0.0019778479715    0.0046384016592    0.0224037821224   -0.0432666238326    0.0026457211137   -0.0045078210671   
 0.0354301270090    0.0038305214313    0.0010266337204    0.0016481277526    0.0024217359159    0.0038597824201    0.0180124208090   -0.0375281766347   -0.0047239516526   -0.0079530223058   
 0.0359344902922    0.0039693596709    0.0002542932751    0.0004365027520    0.0010994366430    0.0066074832102    0.0190874242873   -0.0516197042157   -0.0087916624373   -0.0065821553241   
 0.0356861375116    0.0043289750906    0.0001810258174    0.0010704115839    0.0028649750119    0.0049559127771    0.0188677070971   -0.0424087205902   -0.0019061062283   -0.0085763462750   
 0.0354592201398    0.0041066177578    0.0017355654780   -0.0002098733440    0.0024316744290    0.0020069227308    0.0243367920582   -0.0442229939597   -0.0017661584029   -0.0088371074711   
 0.0353785543388    0.0044942652435    0.0009884743519   -0.0005423723927    0.0038530209806    0.0049631639233    0.0229126796985   -0.0447157454488   -0.0013008115297   -0.0123223254771   
 0.0355392608298    0.0041208510166   -0.0003320727364    0.0008943860040    0.0045326976310    0.0042941418375    0.0220619018985   -0.0440014822410   -0.0012027680696   -0.0082815907842   
 0.0355235061641    0.0038005004657    0.0001272172919    0.0006833720194    0.0040809438363    0.0037485573696    0.0212519897355   -0.0415372809105    0.0029332800357   -0.0134512888425   
 0.0352903027847    0.0037877580876    0.0001315449243   -0.0001974548427    0.0028839347144    0.0039855026066    0.0233630365606   -0.0487499308982   -0.0022848153566   -0.0083201333440   
 0.0360513637073    0.0033787339276   -0.0006432100836    0.0002933122782    0.0019819364819    0.0063965777415    0.0199483971440   -0.0448853871336   -0.0018061171404   -0.0075976282408   
 0.0354434641330    0.0044900938659    0.0002627126158    0.0012863285504    0.0050399562772    0.0036487614304    0.0258544853150   -0.0423920334092    0.0010599017185   -0.0017722438438   
 0.0357424687669    0.0043212880918    0.0006216790602    0.0010219032233    0.0028774332595    0.0013954757609   -0.0346169017214    0.0066623005713    0.0033622813346    0.0187635851512   
 0.0355335935119    0.0041852616953    0.0012559831966   -0.0000477819192    0.0018395336861    0.0025955044997   -0.0316059858972    0.0044715385755   -0.0002124514644    0.0158517592520   
 0.0355100546045    0.0039739715196    0.0006517316592   -0.0005329903971    0.0029073462025   -0.0002991468100   -0.0311173446446   -0.0014396135927    0.0045947737645    0.0183718687550   
 0.0358211060824    0.0035860458849   -0.0006826584556    0.0002341237183    0.0004618284567   -0.0003473601988   -0.0339271268935    0.0041536577041    0.0028477781748    0.0166512807692   
-0.0105694945714   -0.0055104725765   -0.0339403547430   -0.0136532245255   -0.0020070724762    0.0025313470025   -0.0002568816657    0.0021506347617   -0.0092243843733   -0.0024567370689   
-0.0104812009138   -0.0062705429188   -0.0340263259192   -0.0140146893009    0.0026731005922    0.0028585853824    0.0001775543785    0.0004358839004   -0.0154676487127    0.0045822178008   
-0.0104789069942   -0.0113052318757   -0.0264543879003   -0.0094194201547    0.0009875047327   -0.0037291999813   -0.0021380366421   -0.0016966138583    0.0104573668059    0.0083028539310   
-0.0103815622484   -0.0106088821604   -0.0281392516816   -0.0115299127843   -0.0024052237721    0.0009980011391    0.0000434516155    0.0020473372855    0.0085153826918    0.0007614880909   
-0.0105864207063   -0.0123034071058   -0.0254293408889   -0.0094249008073    0.0011572683278   -0.0021756346370   -0.0003833790336   -0.0032906398297    0.0093729815111    0.0173336645313   
-0.0102964088435   -0.0140260213865   -0.0239495692057   -0.0073958920139   -0.0008945466773   -0.0011101832745   -0.0008021049917   -0.0033314549155    0.0154704132250    0.0149814801084   
 0.0348161357289    0.0035698277101    0.0009465496631    0.0001624538796    0.0019397284650   -0.0004241553259   -0.0635256102121    0.0362871952400    0.0072064093902    0.0000783363125   
 0.0352995131531    0.0040934577541   -0.0007655861832   -0.0010811775619    0.0001159390051   -0.0022771505875   -0.0597531420067    0.0280943804420    0.0051079775156   -0.0042270752454   
 0.0340993416076    0.0030504518928    0.0005625307807    0.0005649124806   -0.0012018241645   -0.0052122002665   -0.0704535331823    0.0354007556940   -0.0001116821807   -0.0125044931848   
 0.0345120835838    0.0030479767516   -0.0003452088110    0.0000627434574    0.0010566288019   -0.0039011126968   -0.0597695837860    0.0257155256515    0.0010776469057   -0.0096617308260   
 0.0342760688749    0.0034119185823    0.0000511859130   -0.0000610784543    0.0006253890536   -0.0039729481645   -0.0667190708577    0.0307873165349   -0.0038310438436   -0.0039158564240   
 0.0340136609260    0.0030465145266   -0.0004305751456   -0.0001246600314    0.0010163428901   -0.0041153568622   -0.0671076589600    0.0442803211364    0.0017417224528   -0.0048906972700   
 0.0360316606606    0.0039087026713    0.0007651148402    0.0002812084443    0.0032355422476    0.0029495275635    0.0180431511696   -0.0480053287498   -0.0035896124949   -0.0041223789207   
 0.0355128381005    0.0042184886593    0.0001367078604    0.0003978479293    0.0007122717955    0.0014873075914    0.0226705879262   -0.0446413310990   -0.0059261470801   -0.0083033455763   
 0.0356574807748    0.0045290761345    0.0005620716000   -0.0001390756630    0.0042907270483    0.0058824929575    0.0167480294069   -0.0490886053416   -0.0041330638117   -0.0138356031187   
 0.0360678844943    0.0044218468245    0.0001884374746    0.0007613850203    0.0040654021713    0.0018389628313    0.0217271193094   -0.0439034574952   -0.0027462148471   -0.0143102035225   
 0.0358478153351    0.0041730469508    0.0006368525479    0.0001612288656    0.0050551212912    0.0052970949317    0.0218340285054   -0.0511633103188    0.0001422123884   -0.0132275985947   
 0.0354129872806    0.0039911000793    0.0001109948312   -0.0005399786447    0.0017191256567    0.0026997201128    0.0225650802534   -0.0441307678804   -0.0014140732701   -0.0097195428169   
 0.0360153114731    0.0039514285449    0.0001216877144   -0.0001964501914    0.0011787648150    0.0029510826335    0.0205940986454   -0.0440098488905   -0.0003656298674   -0.0042792199176   
 0.0356641898006    0.0041692110629    0.0006212429791    0.0002157917326    0.0027810088936    0.0008773544476    0.0195904012771   -0.0405974395538   -0.0008186421770   -0.0051125019119   
 0.0354816507109    0.0039374555458   -0.0000935930649    0.0004815212727    0.0050762652449    0.0035920197877    0.0180080704604   -0.0350191962170   -0.0064797515453   -0.0176242185724   
 0.0355004385705    0.0039880777962    0.0008915791512    0.0011660281393    0.0026298571645    0.0035050338627    0.0186512394534   -0.0453829690951   -0.0001231341801   -0.0098734046536   
 0.0361312068815    0.0038929127032    0.0001935331099    0.0010629234047    0.0039360941221    0.0008951701135    0.0218283176125   -0.0442448549401   -0.0002346365492   -0.0104661706496   
 0.0354154494568    0.0039515477223    0.0000830271437   -0.0004704395118    0.0028339330812    0.0036777799307    0.0265264265384   -0.0403686861861   -0.0037922700489   -0.0096738664840   
 0.0353579785341    0.0044015361854    0.0003282704084    0.0005501859561    0.0025068300929    0.0044142529700    0.0247945908745   -0.0440895359204   -0.0022519570171   -0.0069192431260   
 0.0360796938920    0.0042825170720   -0.0002372419173    0.0007821223259    0.0049648633052    0.0017364181778    0.0219831905110   -0.0514864893607   -0.0010983212850   -0.0126702906898   
 0.0357459960281    0.0039870793965   -0.0002406089415    0.0003066565910    0.0033109716288    0.0030689733765    0.0208222419141   -0.0431827577451   -0.0036587045304   -0.0064307943798   
 0.0353210585467    0.0035917663948    0.0003622376338    0.0006944275730    0.0020421830196    0.0039133372188    0.0177415534710   -0.0541661808876   -0.0021524408913   -0.0029405480604   
 0.0361123172645    0.0042254107064   -0.0006209594403   -0.0010953290728    0.0020596809490    0.0012653125867    0.0179259441075   -0.0470770583503   -0.0045689540116   -0.0082810317523   
 0.0355110632437    0.0039962665335    0.0007208017009    0.0002980151053    0.0015213240679    0.0013731722803    0.0210519848577   -0.0450869370872   -0.0014417832160   -0.0139850826566   
 0.0354911491262    0.0039594671664   -0.0001395318431   -0.0005544169701    0.0044639130602    0.0039481062773    0.0230030176766   -0.0518252611925   -0.0013902006535   -0.0131426249734   
 0.0357040955433    0.0040918111949    0.0000706058872    0.0001344421764    0.0031500096995    0.0044915666882    0.0279745309822   -0.0526945587511   -0.0001334428821   -0.0110355275453   
 0.0359560020449    0.0039457589078    0.0000192651961    0.0001859076849    0.0017376409018    0.0060167887939    0.0227606235734   -0.0409847821849    0.0043722510619   -0.0091612367763   
 0.0358246968330    0.0040985946455    0.0003110058088   -0.0002420025478    0.0053237302282    0.0031568026710    0.0224072968390   -0.0497757884253    0.0011987468056   -0.0172741272058   
 0.0358939326985    0.0041062461006    0.0004385498172   -0.0004152691482    0.0037519629579    0.0054993359362    0.0241209881044   -0.0487822181941   -0.0024158546608   -0.0055474326773   
 0.0354372419488    0.0041349379375    0.0001767813930   -0.0002253372257    0.0050840970310    0.0037750068777    0.0228881222555   -0.0440878204410   -0.0054559458523   -0.0115669589805   
 0.0363107359131    0.0042176563303    0.0010347110650   -0.0003928184474    0.0044580978860    0.0056022998745    0.0249097661444   -0.0512916665342   -0.0034171152962   -0.0123619297791   
 0.0359645952219    0.0038426904759    0.0003633241325    0.0004389379850    0.0036825438337    0.0034008571759    0.0208369890393   -0.0492117196230   -0.0004363734712   -0.0034905947206   
 0.0355486274091    0.0042465062202   -0.0002303050295    0.0005101145779    0.0046273961079    0.0018182010141    0.0222078589874   -0.0384110730381   -0.0068398054558   -0.0008033912571   
 0.0361802092199    0.0043813722143    0.0006173747403   -0.0003366530719    0.0035967599247    0.0033740439063    0.0238010122672   -0.0458411472645    0.0009991985925   -0.0124988476983   
 0.0356906184641    0.0042425109692    0.0007327681450   -0.0007180332396    0.0061326671501    0.0046024449917    0.0253744484209   -0.0526989485982   -0.0046669701054   -0.0079948882610   
 0.0354684215231    0.0038362469674   -0.0001140019395   -0.0002128373600    0.0046236409300    0.0012743053747   -0.0325193434587    0.0064128702047    0.0032383010639    0.0170883418741   
 0.0353802262018    0.0040181410034    0.0000955660855   -0.0005481158694    0.0055414461412   -0.0013452279458   -0.0329705576165    0.0024823728437    0.0051630444485    0.0155436165724   
 0.0352849511748    0.0039125279254   -0.0002635077297    0.0004837207685    0.0052581746304    0.0015584747394   -0.0316757626018    0.0118719139397   -0.0012769066273    0.0222788154464   
 0.0349913299513    0.0040506345067   -0.0002700183866    0.0001207237366    0.0050144656024    0.0010811354466   -0.0336997134466   -0.0006127989247    0.0010323723124    0.0196696161771   
 0.0351927766980    0.0042093923062    0.0002897556505   -0.0007442937088    0.0032212994618   -0.0001656257440   -0.0267593994130    0.0094411665108    0.0001579532093    0.0161343486571   
 0.0352033165173    0.0038567756512    0.0008268047451    0.0007897100902    0.0029964871654   -0.0006643434966   -0.0371428722260    0.0110041283980   -0.0012053755390    0.0202633328107   
 0.0353121444309    0.0041517387611   -0.0004932796673   -0.0003991900662    0.0042254433286   -0.0007349567660   -0.0350557870618    0.0056464334026    0.0005197670956    0.0228462142986   
 0.0356704679977    0.0039346230535   -0.0002092480974    0.0002366336233    0.0045616845532    0.0028166459127   -0.0299406459540    0.0038992992560    0.0011947364113    0.0223831080828   
 0.0352168403220    0.0039419797969    0.0005699264092   -0.0003414906985    0.0034201519149   -0.0022215189073   -0.0364483159347    0.0056307420181   -0.0027174386649    0.0113745817347   
 0.0352779318956    0.0040537250406    0.0006249731969    0.0006544407270    0.0029587802730    0.0022724501185   -0.0311098999911    0.0116060164032    0.0047231925353    0.0198372592968   
 0.0355265135941    0.0039949914175    0.0000029426567   -0.0007167571600    0.0019181572895    0.0019068133672   -0.0344030192224    0.0034778633895   -0.0004854009527    0.0180095046669   
 0.0350985328690    0.0038646833790    0.0000383036719    0.0002577709714    0.0031054103239    0.0003845739660   -0.0331636148189    0.0025283927361    0.0025109331811    0.0148291054373   
 0.0351133017341    0.0040609402102    0.0003537256480    0.0002392422205    0.0034593939561    0.0007186408425   -0.0391248678881    0.0115598197098    0.0007579500957    0.0145273406669   
 0.0353695582151    0.0041991314984    0.0003391157760   -0.0005741639172    0.0024022676665   -0.0012940151618   -0.0316435197708    0.0060425969242   -0.0008591930034    0.0162599591904   
 0.0356454060318    0.0042121890881   -0.0004157347966   -0.0008313179049    0.0020438120909    0.0015496987487   -0.0341372035769    0.0062769875195    0.0004208413120    0.0159936221292   
 0.0355152365440    0.0039553145912    0.0003552566073   -0.0003343383163    0.0048321233030   -0.0008127315507   -0.0353595316434    0.0053810015695   -0.0021731043681    0.0153597268068   
 0.0351674726383    0.0040420229375    0.0002949873740    0.0001890980943    0.0020746108778    0.0012658173087   -0.0411071653669    0.0112864328342    0.0062135602965    0.0088176723564   
 0.0352994684086    0.0043376657441    0.0001206660173   -0.0008623391526    0.0025488418061    0.0008128872302   -0.0371138186538    0.0087301111569   -0.0009037320716    0.0181350457747   
 0.0355616131902    0.0038818742416    0.0007189695417    0.0003223180357    0.0042169285953    0.0010083362419   -0.0298373472753    0.0060131248298    0.0040992367441    0.0151936896336   
 0.0351985263189    0.0037753552010    0.0002215731455    0.0004835460316    0.0008850677142    0.0031161963652   -0.0342633562572    0.0064908000181    0.0015108764713    0.0253554044598   
 0.0352143956836    0.0040197167455   -0.0001970675879   -0.0001717889271    0.0040650505448    0.0007900521375   -0.0387713355793    0.0066939936163    0.0023268749812    0.0139742605727   
 0.0356592403416    0.0038450096872    0.0003577540298    0.0006512502531    0.0043327375540    0.0028912461317   -0.0339392923456    0.0028759504621   -0.0038690494998    0.0225579760991   
 0.0355525186437    0.0042029990246    0.0013627280677    0.0006133293786    0.0045507135040   -0.0007820191723   -0.0389169486671    0.0136357388984    0.0048310805870    0.0134855018620   
 0.0352049029445    0.0039639713119    0.0003819630624    0.0003472406349    0.0020254211252    0.0019826337682   -0.0289487832707    0.0068978132012   -0.0011576938322    0.0198589614836   
 0.0354714482760    0.0042673053011    0.0008446204693    0.0002644968199    0.0037511113015    0.0004505096682   -0.0349704015767   -0.0005746014910    0.0004246365158    0.0120161107981   
 0.0356105591330    0.0037189018756    0.0007380411599    0.0006086063372    0.0020200974997    0.0004291273071   -0.0374932109864    0.0089403780860    0.0010082917656    0.0173384812871   
 0.0352774323777    0.0039807468963    0.0001827364052   -0.0000486186197    0.0036058515872   -0.0004875796987   -0.0338890166888    0.0102215591557   -0.0003968457141    0.0209776667964   
 0.0354980859000    0.0041573333736    0.0003799349988    0.0009168282044    0.0039678409328    0.0026157979367   -0.0384975154515    0.0100602642577    0.0029027633162    0.0208950327910   
 0.0353677870351    0.0040308384215    0.0005017775832    0.0005743921629    0.0012817991060   -0.0002394254108   -0.0321053135477    0.0046233684109    0.0031993054661    0.0170931057268   
 0.0356799094972    0.0041857726870   -0.0002249154705    0.0009600078073    0.0047734378052   -0.0016515689329   -0.0367832347894    0.0039039380253   -0.0033591323334    0.0212920870628   
 0.0355184962810    0.0037906068259   -0.0002874389437    0.0005272326788    0.0048822866952    0.0008400888894   -0.0382214323838    0.0046685795543   -0.0033355277711    0.0236466028327   
 0.0351542197783    0.0040809788292    0.0001066006036   -0.0006932381354    0.0019909018625    0.0036086634324   -0.0359960359300    0.0113750525125   -0.0025161064415    0.0199956999764   
 0.0353108890789    0.0039466024353    0.0001764746006   -0.0005165301346    0.0046301446193   -0.0012701928158   -0.0373190496527    0.0053602775311   -0.0010711589525    0.0144411076677   
 0.0354767094875    0.0041627804936    0.0000951561911   -0.0004412761317    0.0007232951461    0.0020759334779   -0.0382156896185    0.0031484824714    0.0016584524061    0.0152592065001   
 0.0352493047642    0.0037218230217   -0.0004839718528    0.0005713465735    0.0037336094027   -0.0014070765195   -0.0292848339857    0.0068540877385   -0.0064063269871    0.0133066234296   
 0.0355590933920    0.0039291388335   -0.0003534030097    0.0011212148661    0.0047421469983   -0.0010333654893   -0.0420832808459    0.0029574475996   -0.0037013517633    0.0264413492067   
 0.0351755090928    0.0039362685019    0.0002463898630   -0.0003905801712    0.0027979603875    0.0008778997156   -0.0317259277893    0.0074289096447   -0.0058399733320    0.0105164356253   
 0.0354850270882    0.0042913585485   -0.0000354448641    0.0002225888771    0.0056634916338    0.0013915625419   -0.0379015607158    0.0023303930592   -0.0102930398634    0.0255380270583   
 0.0354877243265    0.0038370019890    0.0008235836304    0.0002319278787    0.0068006781472    0.0004759508375   -0.0355116713194    0.0036536009846    0.0016377568294    0.0144197233572   
-0.0105536254847   -0.0096791356606   -0.0288629858541   -0.0109294650041    0.0087423367934    0.0034535737687    0.0002019003647   -0.0001171675040    0.0044048325695    0.0149406968747   
-0.0105780155168   -0.0112498625592   -0.0269198903116   -0.0105893087692   -0.0013535913042   -0.0015572702638   -0.0005161064698    0.0002628888633    0.0126781198612    0.0077985634376   
-0.0104622590819   -0.0062809291093   -0.0346384928454   -0.0148896153090    0.0037651523830   -0.0017857105196   -0.0017995913860   -0.0004817391774   -0.0230375098476    0.0321788458194   
 0.0357824022810    0.0040033786292    0.0005374094051   -0.0000277782319    0.0023598739201    0.0015277495709    0.0166567014764   -0.0458950721474   -0.0043988460043   -0.0092144621495   
 0.0355672420703    0.0035498980178    0.0002237117730    0.0000766046412    0.0051364029102    0.0036879835195    0.0269225454219   -0.0489223787079   -0.0082506661237   -0.0033056503418   
 0.0358038865190    0.0037812068574    0.0006698100870    0.0003888762805    0.0020338770919    0.0027280464422    0.0200806910492   -0.0456654884208    0.0009161501560   -0.0041614404545   
 0.0356088521010    0.0038150416489    0.0001921425878   -0.0006043562015    0.0038828102773    0.0042886653187    0.0189972295306   -0.0396541224816    0.0038316292278   -0.0004554999817   
 0.0361124355449    0.0040627787357   -0.0002626887267   -0.0001499356099    0.0012347965057    0.0036782909035    0.0224392770237   -0.0471504580604   -0.0043027165184   -0.0042128620825   
 0.0352716336644    0.0043478472567   -0.0000610128345    0.0002423440528    0.0057102890691    0.0019903509517    0.0245493895314   -0.0424934100560   -0.0043751562058   -0.0039185048990   
 0.0359094495238    0.0043650185642    0.0004918905591    0.0004476593989    0.0027599959181    0.0038749120400    0.0182418285036   -0.0422002580067   -0.0018929744514   -0.0065409555040   
 0.0355163939440    0.0041928555341    0.0002113566929   -0.0000262830198    0.0027213329926    0.0042408231866    0.0206666029030   -0.0486378033623   -0.0016727496664   -0.0078948500044   
 0.0341445055527    0.0034140540466   -0.0001724197111   -0.0001370824275    0.0015046369693   -0.0026077164296   -0.0634302731733    0.0349699292959    0.0017323846336   -0.0139256653545   
 0.0326814473593    0.0022626682584    0.0011150853806    0.0016513329749   -0.0033177426967   -0.0065642735945   -0.0605334493539    0.0285486387218    0.0026991879458   -0.0129459770263   
 0.0355312468359    0.0040980232742    0.0006337630035   -0.0000081203323    0.0040237200179    0.0020035101145   -0.0383930156610    0.0053478615848   -0.0033313148285    0.0199119325287   
 0.0357497015862    0.0039049457051    0.0002761203818   -0.0007009514702    0.0052426130433    0.0015958371924   -0.0321964245767   -0.0008937641024   -0.0017242294195    0.0228201664771   
 0.0352241146219    0.0039550113389   -0.0002556955247    0.0006935307890   -0.0012527477708    0.0010633473622   -0.0335927635609    0.0064816345739    0.0014354339704    0.0210099852204   
 0.0352285477736    0.0043032165959    0.0009975801290    0.0005199128432    0.0037131540341    0.0047526680417   -0.0305391499088    0.0002943713418   -0.0041568233928    0.0239292472931   
 0.0355592554196    0.0041636006197    0.0005574800881    0.0000999059432    0.0044973605795   -0.0014181876858   -0.0313228057146    0.0058155393771    0.0029615960516    0.0116860162745   
 0.0353193841801    0.0037583092213    0.0001954067760    0.0003566830379    0.0034041974709    0.0011129695028   -0.0326957763972    0.0056221756228    0.0015804025065    0.0187431391025   
 0.0350020697283    0.0039668867554    0.0005849064612    0.0001879498393    0.0024834208047    0.0006024445287   -0.0291858418329    0.0035814307412    0.0000473026501    0.0135590261712   
 0.0349978091528    0.0041663339654   -0.0004139777600   -0.0000174823002    0.0048135828256   -0.0003294169528   -0.0342835950520    0.0037255629048   -0.0000112501229    0.0198097683399   
 0.0356478154998    0.0040057119338    0.0000829973987   -0.0008355094307    0.0049398186927    0.0010042815165   -0.0354247497811    0.0093798994911    0.0005104220654    0.0139133368022   
 0.0352480991029    0.0039172832487    0.0008623441264    0.0003367734966    0.0043221688728    0.0008739277836   -0.0356978090446    0.0064938294630   -0.0012117823223    0.0114634335457   
 0.0353396671464    0.0039874909214    0.0007666511713    0.0006760407999    0.0047592634722    0.0018152602770   -0.0359692854082    0.0108799708657    0.0012595037775    0.0133194305435   
 0.0354577313023    0.0040783169156    0.0007449662654    0.0013446354641    0.0027981324184    0.0026997683928   -0.0260365728309    0.0014526482143   -0.0003177650021    0.0168990625740   
 0.0353929421356    0.0039726085765   -0.0006974906001    0.0006128971965    0.0031847762215    0.0009036389411   -0.0329292247935   -0.0002640640327    0.0025561270575    0.0156619996512   
 0.0352901525846    0.0037362474795    0.0002241758948    0.0000044019346    0.0043471073487    0.0024340559840   -0.0354116478063    0.0101561325284    0.0032258470551    0.0158877092325   
 0.0352287457960    0.0036497872299    0.0006801516238    0.0006797219560    0.0047669960921    0.0012780522753   -0.0342710332984   -0.0021032398621   -0.0031261042257    0.0245144994014   
-0.0110779002661   -0.0008525233281   -0.0312380845381   -0.0136152278828    0.0009344100561    0.0063908582394   -0.0025407267508    0.0005853933051   -0.0121779454920   -0.0009304704005   
-0.0109094270529   -0.0011797697441   -0.0351292854876   -0.0143849308583    0.0019037820293    0.0016671448689    0.0006768747086   -0.0004609756871   -0.0106581980683    0.0121048951455   
-0.0113085278040   -0.0011567698138   -0.0326708537692   -0.0144137232313   -0.0033924226505    0.0057974300911   -0.0014667228475   -0.0026713994854   -0.0142896423254    0.0031188880370   
-0.0109573509556   -0.0004727737451   -0.0326934715481   -0.0129508474521   -0.0007969046025    0.0025271298004    0.0003249938843   -0.0009934416131   -0.0028417559151   -0.0025398883459   
-0.0114075681897   -0.0007731483631   -0.0311205097745   -0.0126022034361   -0.0008724492526    0.0011117347784   -0.0006456389139   -0.0004721552250   -0.0076826926105   -0.0002700386905   
-0.0111730607071   -0.0009417925389   -0.0310212720412   -0.0117456693690    0.0025853732857    0.0053053479486    0.0021424830776    0.0030840872052   -0.0189812999510    0.0036198814483   
-0.0108398231655   -0.0021014678417   -0.0409163641610   -0.0199663468507    0.0057836304144    0.0020693099676    0.0004685203119   -0.0000987174845   -0.0205714230927   -0.0006540320186   
-0.0112965354074   -0.0004995100787   -0.0340895644448   -0.0146370673684   -0.0008997319493    0.0034866461808    0.0001947488142    0.0025971394280   -0.0141766268790    0.0004307258748   
-0.0111469246581   -0.0012830167596   -0.0337717407595   -0.0137294466734    0.0029548781436    0.0018134220407    0.0004352373026   -0.0007672209065   -0.0072847626232    0.0022648411670   
-0.0112481445241   -0.0007763611926   -0.0316530487868   -0.0124751051115    0.0010910735612    0.0033669474824    0.0008523385155   -0.0018184625033   -0.0020390164552    0.0010823182821   
-0.0112033493351   -0.0005192433722   -0.0325012565971   -0.0140368398664   -0.0000358119201    0.0019228465750    0.0003750404141   -0.0029615375380   -0.0113257071485    0.0038802972998   
-0.0111043903095   -0.0009333209873   -0.0327871592216   -0.0125255693859   -0.0000025526975    0.0024564631649    0.0003801023542    0.0004709086277   -0.0070504146501    0.0064955593573   
-0.0110164983827   -0.0012669148642   -0.0324939424562   -0.0117757003541    0.0013088404380    0.0021385397193    0.0012585893683   -0.0009153567238   -0.0049250390688    0.0001635549151   
-0.0105591638273   -0.0130477550262   -0.0228493280332   -0.0086943556711    0.0068260694093   -0.0034940921309    0.0013889955008    0.0018850480943    0.0197049447904    0.0153485252769   
-0.0107646689825   -0.0128002426524   -0.0255976813510   -0.0098202533100   -0.0008236217767   -0.0004212932256    0.0001830589555   -0.0028021738820    0.0168793834545    0.0104497725923   
-0.0106870729670   -0.0132835067409   -0.0242095214116   -0.0085130469722   -0.0014477254179   -0.0015490224377    0.0000075086013   -0.0021675980531    0.0045424298326    0.0183451928729   
-0.0105396795491   -0.0103678894146   -0.0275293488139   -0.0101152806024   -0.0005532876403    0.0031628610335    0.0015616010322   -0.0050786208585    0.0046141031863    0.0156239138164   
-0.0106939954826   -0.0094323401254   -0.0290602249431   -0.0108981961707   -0.0007516344176   -0.0009858095476   -0.0008376717387   -0.0027514983866    0.0020713973995    0.0140271459139   
-0.0105194887387   -0.0116349591144   -0.0259039568124   -0.0078221449228    0.0021168609392   -0.0007623155019    0.0018292789104   -0.0048410108711    0.0135375089942    0.0174230315794   
-0.0107569474777   -0.0094497804890   -0.0280518772746   -0.0108296986365    0.0058803653003   -0.0007939138423    0.0027962499539    0.0015180986037    0.0049666315262    0.0051169434076   
-0.0107749352208   -0.0042143360739   -0.0357771051935   -0.0156282651304   -0.0001278484682   -0.0068929782112    0.0012523113700    0.0003648664105   -0.0371906495093    0.0296979087986   
-0.0101651318956   -0.0024964749440   -0.0403374899808   -0.0172451493289   -0.0005181092309    0.0036491674423   -0.0005580609880   -0.0005784876324   -0.0217887445132    0.0132906277789   
-0.0104943680173   -0.0042833873606   -0.0385907138238   -0.0172618779950   -0.0001352058344   -0.0006502478618    0.0029241172957   -0.0002840188379   -0.0196761876808    0.0100047219565   
-0.0102260334871   -0.0037674801397   -0.0378557548452   -0.0169949631281   -0.0003300645408    0.0007358246292   -0.0003291732603    0.0010590744413   -0.0228100355663    0.0081530027648   
-0.0103033879628   -0.0037652267364   -0.0387858179483   -0.0170237102118    0.0001765340785   -0.0004450767552   -0.0006700547074   -0.0019157288047   -0.0193563697550   -0.0070006460116   
-0.0103330665099   -0.0039746972438   -0.0381585414413   -0.0164578763811   -0.0010612741370    0.0008845472877   -0.0006640641135   -0.0014389735233   -0.0284110953232    0.0133780651554   
-0.0104988178429   -0.0082800617617   -0.0296205012144   -0.0122766191169    0.0019192576633   -0.0013080476187   -0.0006536716326    0.0038473222652    0.0021208994745    0.0033597925589   
-0.0106260448504   -0.0071005590471   -0.0330603093467   -0.0139235912484    0.0009543402815   -0.0003955948257    0.0023438314714   -0.0008742723350   -0.0021765463622    0.0042891820642   
-0.0103584775341   -0.0075102475942   -0.0328532741150   -0.0151601148250    0.0003913769851    0.0013308001121   -0.0001960240658   -0.0020761552801   -0.0035299167578    0.0074204830436   
-0.0110866287075   -0.0053433117091   -0.0350337977251   -0.0147408405660   -0.0008943320879    0.0055667430694    0.0009477377191   -0.0010104736247   -0.0414465785441    0.0368218837222   
-0.0109749634849   -0.0040099788164   -0.0376740491732   -0.0164526831770    0.0051131016340    0.0025594393713   -0.0017293594733    0.0008662315526   -0.0512758717078    0.0330181316811   
-0.0107106311969   -0.0036012943625   -0.0389198423378   -0.0153052533796   -0.0001632010531   -0.0001752054858    0.0010706535401   -0.0009878765771   -0.0227396375895    0.0028837505262   
-0.0105639891584   -0.0075274842601   -0.0316757626734   -0.0146861236232    0.0029359258570    0.0017761861594   -0.0017375697163    0.0002800982971   -0.0073508002212    0.0070419129135   
-0.0104114957433   -0.0053852664026   -0.0396385299206   -0.0178417501661   -0.0025871522511   -0.0005788871774   -0.0024319386652    0.0026600246627   -0.0169234835926    0.0074371679100   
-0.0103867781031   -0.0040897618774   -0.0379934307982   -0.0173954997316   -0.0023645712327    0.0008014670416   -0.0010714240783   -0.0013902747770   -0.0295284549047    0.0083166685079   
-0.0102733170886   -0.0047672353680   -0.0377582319293   -0.0168419051760   -0.0027673175500   -0.0037843085967   -0.0014743902067   -0.0022947240519   -0.0262321173382    0.0075000787568   
-0.0107655061164   -0.0041995133389   -0.0389140354104   -0.0166812014390   -0.0019613016756    0.0022166764945    0.0001690557734   -0.0014253221081   -0.0240217179265    0.0130764488835   
-0.0104844136286   -0.0046151996470   -0.0382704524212   -0.0165776888473   -0.0020821111125   -0.0053476437208   -0.0026979615394   -0.0009434371539   -0.0189278905026    0.0042636032094   
-0.0103460944078   -0.0011407133973   -0.0423528007343   -0.0204123178235   -0.0034191607601   -0.0023875026033    0.0001330244742   -0.0018437344974   -0.0253479000300    0.0072666167778   
-0.0102998104672   -0.0040136190059   -0.0386376306994   -0.0183544920415   -0.0016762555553   -0.0002552265072    0.0009694294096    0.0012797684828   -0.0217489381456    0.0096519880560   
-0.0105002219575   -0.0024103909113   -0.0406888856433   -0.0188528972658   -0.0005597681826   -0.0041812593286   -0.0021071882889    0.0023926454033   -0.0262034845086    0.0039920620386   
-0.0104549741814   -0.0044321441522   -0.0387886414284   -0.0170906132063   -0.0031294037855    0.0017691564102   -0.0008287896620    0.0006010524162   -0.0244899881782    0.0080019806386   
-0.0108367154414   -0.0041699042928   -0.0402944465859   -0.0174786803517   -0.0014082825403   -0.0046262672731    0.0027185107786    0.0010473954847   -0.0188411552374   -0.0014863482015   
-0.0103598716265   -0.0042817955617   -0.0397429081999   -0.0173516003492   -0.0022428807166   -0.0023441802014    0.0024818715278    0.0000693967428   -0.0357361849034    0.0061842124242   
-0.0102387921469   -0.0026792053015   -0.0388721621497   -0.0164052465540   -0.0033820352809   -0.0056814229539    0.0003454412616   -0.0014861111846   -0.0269409415600    0.0042909990886   
-0.0105725317617   -0.0031416535257   -0.0398400629776   -0.0182428221981   -0.0016868224575   -0.0023781509851    0.0003875524858   -0.0039596556180   -0.0277697863924   -0.0005029298645   
-0.0106110867996   -0.0026661814657   -0.0381484351702   -0.0174695726594    0.0029381382784   -0.0018256565462   -0.0002546268195   -0.0002420780886   -0.0336353176015   -0.0072884659085   
-0.0107094878256   -0.0053644414972   -0.0289394661467   -0.0091421933346   -0.0051889619499    0.0018223543774   -0.0002232778095   -0.0000961028299   -0.0087445002503    0.0060798252766   
-0.0104645250977   -0.0035821469366   -0.0388901731592   -0.0179854905050   -0.0002082147865   -0.0001654277332    0.0007868994271    0.0023084034139   -0.0249731920733    0.0048400499387   
-0.0104242182408   -0.0040884138897   -0.0386137736595   -0.0181319954187   -0.0033558425109   -0.0003777321689   -0.0036136644634    0.0005353570849   -0.0228807894539    0.0122924422494   
-0.0103932140932   -0.0038905663642   -0.0380473689437   -0.0169521701294   -0.0018764108977   -0.0025175526310   -0.0003736168037   -0.0007942947598   -0.0316513067065   -0.0000054721982   
-0.0104044000944   -0.0046976449994   -0.0368140775025   -0.0169705932562    0.0006022442478   -0.0037000982700   -0.0008823445715   -0.0006156963121   -0.0283255744916    0.0046513166443   
-0.0108040471980   -0.0057622696349   -0.0350851766914   -0.0150366384204    0.0051840343135   -0.0007859712860   -0.0014889518300   -0.0016477850433   -0.0123865318833    0.0021432007171   
-0.0109123443628   -0.0069031566075   -0.0333370005848   -0.0145995919449    0.0027986307511    0.0015645624818    0.0016296644148   -0.0035298408122   -0.0044363332954    0.0131390255274   
-0.0108482237976   -0.0045373147518   -0.0370897774305   -0.0150996412156    0.0011509376387    0.0006088656455    0.0006633962267    0.0003459547813   -0.0452150024315    0.0383661341163   
-0.0107406974226   -0.0062057682650   -0.0363980931541   -0.0154760413432    0.0052744172917   -0.0019960353528   -0.0008299113005    0.0000783544978   -0.0481446606722    0.0349685626077   
-0.0110907696723   -0.0078199389444   -0.0303270901281   -0.0134819741573    0.0001013096447   -0.0012423452353   -0.0010527587028   -0.0008656257205   -0.0010666925148    0.0034375983976   
-0.0110188108935   -0.0059374910331   -0.0330999228667   -0.0137855756473    0.0070721231569    0.0003568232557    0.0003626805503   -0.0021107445030   -0.0106115954020    0.0133006874561   
-0.0103143116537   -0.0049159808183   -0.0383018402437   -0.0172578747875    0.0014455790154    0.0020013772685    0.0007479601494    0.0015981097326   -0.0325388579704    0.0033461844569   
-0.0102918033171   -0.0080966474624   -0.0319866535794   -0.0121307807460    0.0048861929838   -0.0012564587851   -0.0002647695073   -0.0009769619570   -0.0187547938534    0.0052875569346   
-0.0105728790762   -0.0077631480863   -0.0309726198065   -0.0126431140037   -0.0017969105836    0.0037440862710    0.0010386873161    0.0011752670470   -0.0028748246028    0.0092675832087   
-0.0106742407868   -0.0089325138970   -0.0315687671581   -0.0148470184084    0.0029778589936   -0.0008633269176   -0.0005762155950    0.0007233247009   -0.0073055585461    0.0037380728693   
-0.0103886487699   -0.0037562579250   -0.0433455299366   -0.0201914881094   -0.0039151329894    0.0018010665588   -0.0003625254787    0.0006888929396   -0.0315797327674   -0.0204837279917   
-0.0103835845326   -0.0029254519315   -0.0426202950600   -0.0206513458986    0.0017996581840    0.0018112563351   -0.0025588405109    0.0002969722030   -0.0348536376908   -0.0204664528149   
-0.0107115227397   -0.0033277006561   -0.0377195718380   -0.0187664976858   -0.0001894990666    0.0001251512446    0.0001907038226    0.0006227719831   -0.0260104498682   -0.0071448805974   
-0.0104229908737   -0.0029246551063   -0.0415275129645   -0.0186531348596   -0.0004588539919    0.0010320242450    0.0018892880349    0.0009717405908   -0.0245812354993    0.0050795146445   
-0.0105347012761   -0.0055300942932   -0.0374124382473   -0.0173929482102   -0.0048539584227   -0.0015294512580    0.0022379080878   -0.0007145212319   -0.0107774927918    0.0122326964662   
-0.0106784580623   -0.0051101672566   -0.0397417405983   -0.0179015989708   -0.0009178577679   -0.0024866740762   -0.0007882545593   -0.0008529009795   -0.0229395308746    0.0082899827182   
-0.0103546649262   -0.0011965413336   -0.0427833152798   -0.0203976887325    0.0013812924469   -0.0020573656039   -0.0013640637380    0.0007567246639   -0.0268679030503    0.0092012120604   
-0.0105247510368   -0.0053030653229   -0.0388081937654   -0.0170398144371    0.0002132512580   -0.0014905071560   -0.0013337501085   -0.0016985165031   -0.0208250622319    0.0103264942553   
-0.0102714555513   -0.0044734869849   -0.0409465199182   -0.0176764839394    0.0017696256082   -0.0029902259404   -0.0005302610201    0.0001425094469   -0.0392646241258    0.0093056372224   
-0.0105859345185   -0.0040964144715   -0.0383931895875   -0.0171842156300   -0.0041963433897   -0.0027853694917    0.0007297027866   -0.0027011185666   -0.0247859436396    0.0106323157989   
-0.0104568083299   -0.0051522088013   -0.0387866131115   -0.0181001385597    0.0041097946604   -0.0040822644294    0.0001772693456   -0.0001242347415   -0.0325003613847    0.0128648733789   
-0.0104038526235   -0.0037524989937   -0.0400993300730   -0.0190956135776    0.0028268608168    0.0025273478502    0.0011065274747    0.0021772694656   -0.0266023805575    0.0027662866057   
-0.0107717069173   -0.0032957771801   -0.0390201610048   -0.0165693061161    0.0023995245397    0.0008988259131    0.0006723127746    0.0022154494058   -0.0350289865537   -0.0009490048197   
-0.0106443788477   -0.0039960190726   -0.0392854729213   -0.0177605101611   -0.0006493632984   -0.0009113881349    0.0019048150583   -0.0011611876235   -0.0215805401787    0.0109162751252   
-0.0103756213914    0.0001646291595   -0.0431243786129   -0.0199817710127   -0.0031938320195    0.0002054968668   -0.0005334075919   -0.0004847450621   -0.0410883773867    0.0055190799660   
-0.0104683462772   -0.0031845306661   -0.0379389277654   -0.0172615385815   -0.0011443490182   -0.0082087739047   -0.0001699968077   -0.0013844743648   -0.0262264395202    0.0026159209726   
-0.0103897099575   -0.0046179653754   -0.0388105732729   -0.0185340345415   -0.0041266480636   -0.0036439247530   -0.0005393234100    0.0033284258709   -0.0216970567485   -0.0033051365022   
-0.0105361541746   -0.0086112807734   -0.0307278783942   -0.0138890844963    0.0050620570865   -0.0038698669312   -0.0013117968677    0.0007061256741    0.0004636480769    0.0112733295776   
-0.0101999907851   -0.0041198045438   -0.0378937395871   -0.0170880441319   -0.0058034644861   -0.0013971641982   -0.0008500575458    0.0022997813426   -0.0256088424445    0.0158855859087   
-0.0102312907352   -0.0049757480651   -0.0379266517139   -0.0177003399029    0.0007088309342   -0.0039499101569    0.0016784244377    0.0007311039457   -0.0185774201306   -0.0011187990701   
-0.0100244268671   -0.0035529206929   -0.0378881231339   -0.0172398954731   -0.0041842951262   -0.0043785400319   -0.0008531847821    0.0005971268661   -0.0277177930888    0.0071034601972   
-0.0102910859153   -0.0041635872129   -0.0385608952201   -0.0169502757658    0.0002141738908   -0.0014164847554   -0.0016383642589    0.0039794394004   -0.0296958143895    0.0098810645301   
-0.0105599219265   -0.0044030856592   -0.0383772622359   -0.0171389293091   -0.0057908486845   -0.0025992654294    0.0012697018534    0.0002838109231   -0.0263636646667    0.0132912278828   
-0.0107433976787   -0.0010168951143   -0.0418013223396   -0.0202482981964    0.0038256612454   -0.0024488819651   -0.0016652025878   -0.0001371059496   -0.0346630330690    0.0059431269103   
-0.0104047308998   -0.0039651609523   -0.0385334608325   -0.0174411713615   -0.0023918125471   -0.0027764686785   -0.0013146708161    0.0023569382581   -0.0324155311233   -0.0036221109678   
-0.0102548020381   -0.0048474259869   -0.0361738211169   -0.0145901190997   -0.0009101801955   -0.0037673909705    0.0002602339737    0.0009203168859   -0.0174054983114    0.0098392172797   
-0.0106824893911   -0.0100051584438   -0.0283484902439   -0.0083721211284    0.0008876600318    0.0026224423459   -0.0030757672304    0.0025047661006    0.0086493801348    0.0123065199393   
-0.0107526877421   -0.0137546351745   -0.0226874162432   -0.0064320406337   -0.0018926169004   -0.0053831895662   -0.0002610547745   -0.0006561699527    0.0114961227068    0.0139385505796   
-0.0107183027425   -0.0014437335448   -0.0376647978723   -0.0155864077304   -0.0009748829630   -0.0017219507956    0.0007809184244   -0.0020498175803   -0.0246782902811    0.0053225247467   
-0.0103844747168   -0.0024969863453   -0.0389486015389   -0.0176296964392   -0.0044033102673    0.0023510755055   -0.0023569964410   -0.0021682802976   -0.0225719802393    0.0101458944561   
-0.0106636925071   -0.0030588204555   -0.0449535690797   -0.0215016309231   -0.0014896113391    0.0002772335459   -0.0002084349246    0.0002252775341   -0.0261799335271   -0.0186310482992   
-0.0107899959083   -0.0034507108220   -0.0443495266506   -0.0204502458841   -0.0011290013691   -0.0006420797045   -0.0009457921358    0.0005999622372   -0.0306658334515   -0.0225353449366   
-0.0104315960348   -0.0058307405491   -0.0386394579036   -0.0171881335219   -0.0051481178192   -0.0029973476993    0.0005266957966   -0.0025671304147   -0.0260291623463    0.0086553834581   
-0.0102948838399   -0.0054462279275   -0.0385761246170   -0.0158726881711   -0.0019402560953   -0.0009704119915    0.0012406415332    0.0008292713180   -0.0158419916533    0.0065904666613   
-0.0104973857606   -0.0053732496833   -0.0381353632073   -0.0166965144611   -0.0022276158997   -0.0021607959198    0.0001368545253   -0.0014541408278   -0.0177625450808   -0.0038145182671   
-0.0105990598351   -0.0033320070887   -0.0383989419951   -0.0181577594815   -0.0004974295692   -0.0019883752086   -0.0000257481390   -0.0001841588496   -0.0210232191172    0.0117556765713   
-0.0105799009631   -0.0041948934616   -0.0378863445817   -0.0161352259562    0.0041228556966    0.0024898951824    0.0010588316863    0.0003340042479   -0.0138500063855    0.0042151643675   
-0.0104595692159   -0.0059623923813   -0.0387876876813   -0.0159090194706   -0.0029841108791   -0.0043323915580   -0.0023025118268    0.0026149528757   -0.0165701702614    0.0015608006630   
-0.0108397179828   -0.0040690547371   -0.0368934621848   -0.0162015125871    0.0023077087138   -0.0010991649023   -0.0000491218141    0.0009160636371   -0.0092755019916    0.0000132978375   
-0.0101704692075   -0.0055795966770   -0.0376017356777   -0.0166365284967   -0.0026855729573   -0.0012727869203   -0.0020042582604    0.0002099343418   -0.0234496105643    0.0122712085623   
-0.0108299821791   -0.0037884564935   -0.0429807769048   -0.0208019037786   -0.0025077677416    0.0009556605156   -0.0027775192794   -0.0034901112982   -0.0247708950245   -0.0144292914395   
-0.0105285294538   -0.0029843971219   -0.0441295140265   -0.0214635066686   -0.0002916286346   -0.0026884403799   -0.0012244413537   -0.0014086225550   -0.0259276943263   -0.0190745705295   
-0.0106695947113   -0.0037885101520   -0.0441778503828   -0.0201614388333   -0.0031642857713   -0.0054152305021   -0.0012812359667   -0.0035230360739   -0.0300992647890   -0.0217529227762   
-0.0105447482849   -0.0025460172388   -0.0404924626396   -0.0184804155555   -0.0008161171430   -0.0005168716060    0.0014185549567    0.0000833236384   -0.0320149539862   -0.0059761145720   
-0.0106515177378   -0.0057714000196   -0.0366129002430   -0.0160435500509   -0.0004519706381    0.0004152882012   -0.0000343542275   -0.0016602312669   -0.0218940055105    0.0038132946210   
-0.0108330904724   -0.0072554896617   -0.0331110247975   -0.0149434162442   -0.0004829429024    0.0013147228254   -0.0029448969114   -0.0007673608778   -0.0078031316095    0.0005205146288   
-0.0104935724064   -0.0060191709602   -0.0376661938067   -0.0172596200651    0.0027120918678   -0.0034962441914   -0.0006542701937    0.0015246573141   -0.0153432428943    0.0073585027458   
-0.0104863304246   -0.0056643718741   -0.0373393556288   -0.0163360940656   -0.0036085259888   -0.0030807267893    0.0012758916922    0.0029820127305   -0.0232323188024    0.0062963392351   
-0.0110419887083   -0.0017210800390   -0.0360154427015   -0.0163193987779   -0.0002190832066   -0.0014087425468   -0.0013545649833   -0.0033020505719   -0.0150277032726   -0.0017734332849   
-0.0113767313428    0.0020925783443   -0.0298734477872   -0.0116222419042    0.0019048009326    0.0048748091857   -0.0013703682294    0.0010221003218   -0.0039694349385    0.0058421917327   
-0.0111999752551    0.0029107240271   -0.0326677189941   -0.0139214754841   -0.0029478143907    0.0068410095592    0.0001337720171   -0.0004604337678   -0.0192877150003   -0.0013360503569   
-0.0112566877071   -0.0014287568657   -0.0340433180640   -0.0136300980695    0.0017982511613    0.0033450954800    0.0005508223755    0.0011747300803   -0.0125924055221    0.0075340944678   
-0.0110650280378   -0.0016131978456   -0.0324633338511   -0.0129834033738    0.0024335755819    0.0000294569188    0.0014817660180   -0.0011536228905   -0.0054312235120   -0.0030424216402   
-0.0108227639105   -0.0011004786093   -0.0323699387877   -0.0137424115964    0.0008643531818    0.0042094496926    0.0001760510371   -0.0000093047183   -0.0185046307434    0.0066596709324   
-0.0113108588858   -0.0002133065108   -0.0302756140162   -0.0127398043705   -0.0002305419092    0.0017944395598   -0.0007417594813   -0.0003626050186   -0.0183778321300    0.0067553621990   
-0.0111145051111   -0.0013310444044   -0.0321786241967   -0.0149574003887   -0.0028217488412    0.0017681111675   -0.0007802853471    0.0009754224013   -0.0077014701338    0.0042511792476   
-0.0113276330854   -0.0006084656256   -0.0327746305529   -0.0124596146747   -0.0024652402927    0.0028187815902   -0.0001420950430   -0.0019814019488   -0.0095113680932   -0.0006222013551   
-0.0117198137912    0.0001396957482   -0.0315651861348   -0.0119734480287    0.0023340486037    0.0041211225697    0.0007265498472   -0.0009140940435   -0.0049639505985    0.0018522731882   
-0.0114678093785   -0.0002507757298   -0.0305503425054   -0.0126912934745   -0.0009521739725    0.0042877681378   -0.0023738978640    0.0009305324821   -0.0116667004465    0.0018516005721   
-0.0113655201583   -0.0010562558251   -0.0327014244798   -0.0123394541406    0.0044056755753    0.0024025743014    0.0000557510033    0.0012163481747   -0.0164791603596    0.0091585808694   
-0.0110212784493   -0.0013434948892   -0.0332444551484   -0.0139823560059    0.0018652854782   -0.0001209654017   -0.0004931388418   -0.0019802908022   -0.0053353026313    0.0015814011954   
-0.0114572872658   -0.0014958650004   -0.0328835124451   -0.0143844944098    0.0014986912585    0.0045530358029   -0.0003287608646    0.0001477865074   -0.0119664497150    0.0009615175433   
-0.0111563313590    0.0006012525271   -0.0306633521224   -0.0126921304754    0.0042852714811    0.0062752038129   -0.0000369291019   -0.0013750415570   -0.0104895588532   -0.0005287496962   
-0.0110685838087   -0.0010447273997   -0.0322922082251   -0.0138646526228    0.0016352436402    0.0012826065224   -0.0022154608944   -0.0010075045285   -0.0065328657140   -0.0055469226259   
-0.0112029593211   -0.0004257503507   -0.0326863142409   -0.0135497264561   -0.0029319570887    0.0024017544985   -0.0033723436321    0.0014024179580   -0.0202911898037    0.0076190917980   
-0.0112540973357    0.0004724909163   -0.0318179410631   -0.0119940425436    0.0036796633124    0.0011283708414    0.0026917853222    0.0011839140158   -0.0079298528673   -0.0007265620838   
-0.0108892502907   -0.0000578403477   -0.0330042231448   -0.0129911590217    0.0072658480094    0.0001112584283    0.0006631349426    0.0002597973328   -0.0068327884402    0.0113796472151   
-0.0112904883135   -0.0006649833020   -0.0310365221388   -0.0128815166312   -0.0017337724480    0.0019838778461   -0.0009538126603    0.0034720762599   -0.0011436064996   -0.0051599979354   
-0.0103993710248   -0.0045729423688   -0.0379168644228   -0.0158060384143   -0.0050870487668   -0.0026402368961   -0.0012014809728   -0.0011910005113   -0.0304652992635    0.0035881895366   
-0.0105094866674   -0.0043089501554   -0.0386186619332   -0.0175617271177   -0.0004816918167   -0.0047192215838   -0.0009344459710    0.0007523574610   -0.0295206561810    0.0121316818511   
-0.0105522647808   -0.0029239137014   -0.0380047292824   -0.0157099851439   -0.0014664469068   -0.0016238880472   -0.0024010914804    0.0010561845218   -0.0328936419787    0.0001019732453   
-0.0104266197260   -0.0032795079602   -0.0379084925574   -0.0160149896290    0.0029108234964   -0.0038054586962   -0.0010737561020   -0.0024998527924   -0.0234370392568    0.0014556747498   
-0.0103804672745   -0.0026012175271   -0.0410685365001   -0.0169720061691   -0.0022304654345   -0.0005741385420   -0.0014361378658   -0.0009794361229   -0.0346701603924    0.0043656751874   
-0.0105272748628   -0.0043134414305   -0.0393073967886   -0.0182221498837   -0.0038749437751   -0.0019493922474   -0.0021221533103   -0.0005424723891   -0.0204407500002    0.0084496639422   
-0.0105308715193   -0.0036617063441   -0.0385003363281   -0.0186491811444    0.0016196254352   -0.0009172682065   -0.0004002454354    0.0008275358048   -0.0258374546651    0.0033758025820   
-0.0106025289816   -0.0045546495172   -0.0386699692108   -0.0170121470682   -0.0032817066701    0.0010133080782   -0.0000482389560   -0.0002906557819   -0.0383133602308    0.0069306749170   
-0.0103447713678   -0.0044216431558   -0.0386650534488   -0.0166702375400   -0.0006668411024   -0.0011623092481   -0.0008582979244    0.0011296185385   -0.0243434112700    0.0017937268720   
-0.0103679999356   -0.0043220670087   -0.0385827985638   -0.0184159407048   -0.0011288308020    0.0004043481485    0.0000308270379   -0.0002964228386   -0.0346053379146    0.0067436389850   
-0.0107167384270    0.0002681268396   -0.0427170850535   -0.0206302584249    0.0045764392117    0.0014703420458   -0.0008260059030   -0.0010927357651   -0.0396596723785   -0.0022943908667   
-0.0105591873539   -0.0038150786077   -0.0386719768793   -0.0160675052149    0.0015923270453   -0.0012374680464   -0.0016598155562   -0.0014215572655   -0.0206887001676    0.0085864378094   
-0.0103061003399   -0.0023646838978   -0.0391486057582   -0.0164940436556   -0.0015466882469   -0.0069652218132   -0.0033197508441   -0.0011089108161   -0.0279131643704    0.0118030554628   
-0.0105667969971   -0.0035525893799   -0.0435927321884   -0.0222834588304   -0.0023226763871    0.0018324716415   -0.0021993862539    0.0003252870144   -0.0328727824201   -0.0168459665197   
-0.0105066413585   -0.0059147765616   -0.0370181287284   -0.0174968532774   -0.0048574434407   -0.0009040060842    0.0041942957766    0.0011341909374   -0.0120361964840    0.0126907686460   
-0.0103034158669   -0.0055117953490   -0.0387686417750   -0.0170557680884   -0.0009354930038   -0.0066103088869   -0.0002086061311    0.0006745992926   -0.0227977147405    0.0217234390064   
-0.0104897787977   -0.0054274629748   -0.0380873855173   -0.0174717702664   -0.0023626262718   -0.0044861719129   -0.0030881870935   -0.0005634782668   -0.0130609356218    0.0046141813007   
-0.0104849453114   -0.0047460495234   -0.0380807032969   -0.0170765730210   -0.0006354906894   -0.0054522676326   -0.0012293024789    0.0008049467264   -0.0232686334783    0.0044427230164   
-0.0106529343727   -0.0010770329167   -0.0397982323753   -0.0191913786756   -0.0027074484616    0.0033925659797   -0.0010549591508    0.0019582053281   -0.0382191417438    0.0061026259792   
-0.0109317642547   -0.0058933820970   -0.0369032051368   -0.0164912533631   -0.0054911135542    0.0002355897184   -0.0002992214682    0.0022832769306   -0.0106376674219    0.0086270756618   
-0.0103904332564   -0.0051213193914   -0.0376518817533   -0.0174550863509   -0.0016838521032   -0.0024537245203   -0.0010030448677    0.0018770427018   -0.0163262394327    0.0119443931407   
-0.0105815973081   -0.0055026224720   -0.0374593631122   -0.0183552299006   -0.0073299198098   -0.0010513868400    0.0010742235055    0.0000221928402   -0.0157933826842    0.0015070378278   
-0.0105518868529   -0.0055239598819   -0.0388891367987   -0.0168295830900   -0.0009495838962   -0.0010947573591   -0.0002382822200    0.0010108332484   -0.0203147976489   -0.0062845815390   
-0.0103635545199   -0.0052434014296   -0.0375097264859   -0.0174384172165   -0.0026300830749   -0.0015369626186    0.0023022371746   -0.0010325772406   -0.0093943271669    0.0069597154045   
-0.0104305702047   -0.0039734517749   -0.0408682188881   -0.0182625445008    0.0004967104409   -0.0005099394840   -0.0016954779973    0.0024774054155   -0.0314686989401    0.0041111247477   
-0.0105903659751   -0.0041085076759   -0.0367190283368   -0.0150828479684    0.0028407654739   -0.0033359310023   -0.0018543777740    0.0006018907142   -0.0093144371360    0.0053055071292   
-0.0106239940017   -0.0082370539352   -0.0312491393411   -0.0124441525956    0.0003507201361    0.0014897686238    0.0017404727990    0.0002506745671   -0.0121333315540    0.0078382859583   
-0.0102259340572   -0.0058240916533   -0.0380885248305   -0.0180935264345   -0.0011530526725   -0.0042025503419    0.0002076425429    0.0019521570975   -0.0245428907957    0.0017142817504   
-0.0105755426933   -0.0040430032946   -0.0398007457192   -0.0171736408304    0.0014767262281   -0.0044627859401   -0.0006963598790    0.0011528164539   -0.0236657555960    0.0140302803519   
-0.0103907428827   -0.0046763240673   -0.0387144306141   -0.0174772203326    0.0018812664914    0.0019859204317   -0.0015503364633   -0.0009543082016   -0.0300104935816    0.0049614355825   
-0.0104679404504   -0.0046230350422   -0.0401196524018   -0.0183161858115   -0.0030393719720   -0.0030253050763    0.0009518677308    0.0001145695956   -0.0356923041777    0.0159181063761   
-0.0105772887479   -0.0044842487854   -0.0394068861298   -0.0171909781366   -0.0007224697196    0.0001706395619   -0.0016183206348    0.0042723942397   -0.0215677124409    0.0006498789767   
-0.0108056818861   -0.0080594802189   -0.0314698992077   -0.0136490408091    0.0011468603232    0.0028731964669   -0.0002606236755   -0.0007888704172   -0.0064717507603    0.0060402544871   
-0.0103440764494   -0.0036322188508   -0.0385657940064   -0.0172677411850   -0.0017461132081   -0.0012336471720    0.0026719880334    0.0010025677623   -0.0197470934435    0.0024217149238   
-0.0101447796228   -0.0040508101157   -0.0399769166586   -0.0174752309864    0.0005204697426   -0.0018098729422    0.0021687672159    0.0005967023716   -0.0286039209653    0.0042396326060   
-0.0102525527188   -0.0046465864956   -0.0383146772611   -0.0187382368493   -0.0015096719555   -0.0029398697540   -0.0006407555313    0.0011292175770   -0.0301189463085    0.0060829463200   
-0.0103258292810   -0.0032185832054   -0.0404935508144   -0.0186931270841   -0.0018348616403    0.0002650576742    0.0007499085728   -0.0006445394276   -0.0374902825317    0.0032002380645   
-0.0105264577766   -0.0052565783456   -0.0373683985589   -0.0165758780357   -0.0061662245423    0.0053804093551   -0.0008263964883   -0.0038539916739   -0.0238168043259    0.0123100978357   
-0.0101098144369   -0.0039209534829   -0.0401983167245   -0.0175803417960   -0.0014954185042   -0.0028030696062    0.0000035729959    0.0034774832536   -0.0355831279652   -0.0021354655767   
-0.0107210855983   -0.0043999180692   -0.0387138542339   -0.0164923019534   -0.0013599947942   -0.0051119454772   -0.0023869612065   -0.0006025854880   -0.0268341391562    0.0071679422725   
-0.0110607123659   -0.0021738870164   -0.0311626557360   -0.0138253532082   -0.0002528030815    0.0032514984324    0.0007379245037   -0.0032385630611   -0.0054122232274    0.0006606851610   
-0.0112606500210   -0.0004103117014   -0.0319552493049   -0.0133655288821   -0.0017566088379    0.0005849111354   -0.0009882954549    0.0004514073041   -0.0136836647670    0.0036347529476   
-0.0111196743096   -0.0005990451226   -0.0325519735867   -0.0131058921556   -0.0001353786240    0.0048465045504   -0.0016389503630   -0.0024152624922   -0.0059074229680    0.0085625468087   
-0.0108813676485   -0.0017346809653   -0.0338403236171   -0.0139326408478    0.0013031445303    0.0025281627013    0.0020381961739    0.0016931559082   -0.0122673421778    0.0071487656562   
-0.0113565612454   -0.0003753360045   -0.0315225634346   -0.0125620597661   -0.0001971228553    0.0032923810720   -0.0007730258653   -0.0008949673499   -0.0106681463584   -0.0040034127149   
-0.0112675155209   -0.0023439330247   -0.0332393901978   -0.0141211694270    0.0017803536317   -0.0003628475589   -0.0006357749367   -0.0005983945041   -0.0094591255850   -0.0005696394971   
-0.0114118738488   -0.0008997801280   -0.0331222826470   -0.0131367331981    0.0008527983992    0.0027479575322   -0.0006859170228   -0.0001067578093   -0.0159744396627    0.0110498460424   
-0.0113972076652   -0.0005979295318   -0.0324699713525   -0.0137036431884    0.0032445060296    0.0047079637235   -0.0013146565962   -0.0003170528385   -0.0145969271602    0.0048819253367   
-0.0112312745730   -0.0002100333670   -0.0331141678283   -0.0126731855550    0.0009279759206    0.0035766892423    0.0014930331569   -0.0009851849277   -0.0213686154207   -0.0073170053316   
-0.0110967994787   -0.0003497008001   -0.0323714765724   -0.0129454084749   -0.0015863455726    0.0031584572358    0.0000373154269    0.0025453531449   -0.0091335480228    0.0007320017891   
-0.0106682598782   -0.0050167039063   -0.0332124452718   -0.0145242537052    0.0006819985813   -0.0037419503304   -0.0016271856080   -0.0023079919191   -0.0118602696399    0.0050186034423   
-0.0112122799428   -0.0017105830918   -0.0343760875842   -0.0144300604660    0.0022661692763    0.0006214096921   -0.0009662894257   -0.0007083919577   -0.0194059896915    0.0073365634260   
-0.0112849686570   -0.0003929892007   -0.0301194523469   -0.0141177315246    0.0017017962307    0.0041381377578   -0.0009092156220   -0.0037044850589   -0.0169877426776    0.0028331265722   
-0.0110139095082   -0.0007630076203   -0.0320889656042   -0.0137219937277    0.0020604256364    0.0009097417386    0.0007313078937    0.0022865198432   -0.0045662778499    0.0019647366614   
-0.0109396621875    0.0005608938908   -0.0304743987693   -0.0114460056333   -0.0018971862931    0.0028243411118    0.0023022812055   -0.0007943437554   -0.0107631731506   -0.0011126896199   
-0.0109531236168   -0.0009644348096   -0.0329784019157   -0.0142658263463    0.0013314297631    0.0060890709262    0.0010645851246    0.0013673100774   -0.0189210696210    0.0011331697393   
-0.0111570474574    0.0002843704423   -0.0306736770864   -0.0130961132012    0.0032003685043    0.0038968484709    0.0001694065576    0.0028495848570   -0.0138383252458   -0.0052957764077   
-0.0111121265229   -0.0005798975497   -0.0324234309780   -0.0138097990384    0.0015981182265    0.0030576284468   -0.0027779644524    0.0000435298077   -0.0144187070273    0.0031432248497   
-0.0113003542734   -0.0005052364263   -0.0328967563366   -0.0142956613299    0.0018871270238    0.0028069315170    0.0002842394085   -0.0015529629800   -0.0029583799063   -0.0050443495184   
-0.0105662227544   -0.0024359624926   -0.0418561542443   -0.0189342845292    0.0022440501258    0.0004974243989   -0.0020994920929    0.0019925446161   -0.0215575568951   -0.0008098557713   
-0.0106140240210   -0.0016230985417   -0.0406518524192   -0.0206930632853    0.0053091690730   -0.0002188052387   -0.0010590864090    0.0026893171403   -0.0139123500739   -0.0037206225030   
-0.0108202025475   -0.0043477769352   -0.0399039804238   -0.0180536915268   -0.0009765712300   -0.0016909375035   -0.0004322612284   -0.0014023546995   -0.0367796059906    0.0059861952970   
-0.0100143275653   -0.0047543675524   -0.0374952560216   -0.0174330134095   -0.0036347271719    0.0010055993466    0.0003632856652    0.0016443884898   -0.0315958977547   -0.0037935906346   
-0.0103549733374   -0.0050705584265   -0.0366713186302   -0.0168131443052   -0.0019409027579   -0.0035345736576   -0.0008588095786    0.0000805294065   -0.0232795791451   -0.0030690495731   
-0.0104040892622   -0.0029690350549   -0.0390599992686   -0.0175775411501   -0.0015006647154    0.0000806887711    0.0015687160015   -0.0001798476534   -0.0261611219575    0.0002698618274   
-0.0104169286715   -0.0042105214245   -0.0385494010497   -0.0173359187370    0.0014313513547   -0.0007293569035   -0.0001847737191   -0.0028040252534   -0.0287843585290    0.0094228995570   
-0.0107463947267   -0.0033912429679   -0.0384976265550   -0.0172134842177   -0.0021524517878   -0.0006327515444    0.0020263265360    0.0002165871384   -0.0190469450724    0.0072281327940   
-0.0101157801705   -0.0046944391477   -0.0383123812683   -0.0172804956127   -0.0011637098007   -0.0004653145503   -0.0022830556498   -0.0022131598233   -0.0244052231817    0.0003787562783   
-0.0100589685017   -0.0046131931954   -0.0380482915313   -0.0149545806670   -0.0039407440729    0.0018555620943   -0.0012476104155    0.0026889478087   -0.0182784945346    0.0040845451818   
-0.0102996826608   -0.0045991363494   -0.0394968370099   -0.0186280133898    0.0008624735748    0.0006127613045    0.0014318614847   -0.0003603659285   -0.0198325259539    0.0057001137068   
-0.0107702154835   -0.0035603480943   -0.0374373001372   -0.0176549176586   -0.0020842211072   -0.0026253091948   -0.0025341252398    0.0024435712788   -0.0215521234766    0.0081466002089   
-0.0106922088208   -0.0036421463935   -0.0388978359688   -0.0187627449004    0.0018104773848   -0.0039337636352    0.0017454837969    0.0002209295702   -0.0222016001047    0.0001601487810   
-0.0105205417501   -0.0024754429500   -0.0387743172653   -0.0182363608910   -0.0055640737231    0.0015804566703   -0.0009495970561    0.0000016145514   -0.0257094867768   -0.0010725727411   
-0.0106632717420   -0.0057780791853   -0.0369423637423   -0.0157984850847   -0.0011343037140   -0.0069912597332    0.0014362355022   -0.0038420828696   -0.0276326984597    0.0100627407436   
-0.0104055038415   -0.0049895544591   -0.0394290085401   -0.0172691512646   -0.0014151623381   -0.0007273621698    0.0007977926361   -0.0005988743258   -0.0127865211773    0.0145983292023   
-0.0105796221898   -0.0051806852220   -0.0387059910694   -0.0172898292748    0.0005892053796   -0.0038661598202   -0.0011823558629    0.0003710495577   -0.0233766352499    0.0016701915939   
-0.0105293234770   -0.0051743890656   -0.0369221384219   -0.0171521168933    0.0000077775579   -0.0015499594142    0.0005100778759    0.0016879830744   -0.0247222938849    0.0141351179202   
-0.0103904401562   -0.0052281051280   -0.0391373376814   -0.0169173284772   -0.0040120392872   -0.0040007346746    0.0022672357337   -0.0015051791942   -0.0099668659691    0.0102167200492   
-0.0104564287647   -0.0054351334271   -0.0388928179804   -0.0162621422075   -0.0027733296280   -0.0035230792173   -0.0001632117640    0.0003098270097   -0.0297249370615    0.0042232928064   
-0.0106338702602   -0.0039297229774   -0.0378233083442   -0.0171482348523    0.0032169318856    0.0006402468825    0.0024220628174    0.0010583472223   -0.0192523318270    0.0029238205676   
-0.0105621126940   -0.0005020250812   -0.0438043262250   -0.0200118927780   -0.0007345544989   -0.0037000739203   -0.0011128905560   -0.0038808553580   -0.0389444181330   -0.0028370341993   
-0.0105345494483   -0.0026142115219   -0.0403359519238   -0.0173211437509   -0.0001656093917    0.0015134899787   -0.0019817424398    0.0009823451749   -0.0270405476048   -0.0020327550505   
-0.0104379762351   -0.0018298521224   -0.0413424113103   -0.0189718778951   -0.0052444412797   -0.0014029922221   -0.0001805436686    0.0013362710407   -0.0389511325642    0.0051804030351   
-0.0103892240413   -0.0046299883671   -0.0376360101643   -0.0175877646398   -0.0022671405836   -0.0011557049585   -0.0023310453185    0.0045799269196   -0.0223935072804    0.0038245908946   
-0.0105924859421   -0.0045102405490   -0.0391062713365   -0.0172584862391    0.0015159230604   -0.0044268886310    0.0015258420525   -0.0026006754757   -0.0294344764352    0.0047884184069   
-0.0105266075036   -0.0031645707396   -0.0388333269071   -0.0185967742882    0.0021980752187   -0.0003901368096    0.0015757024514   -0.0013340404530   -0.0238119182337   -0.0020244997251   
-0.0106182104494   -0.0043895474822   -0.0386515509868   -0.0166228396804    0.0008251759233   -0.0033937978065   -0.0023242193449   -0.0009020057559   -0.0237537172385    0.0026430036285   
-0.0103736839102   -0.0034933392797   -0.0396587770201   -0.0177786519496   -0.0012029715717   -0.0018635750557   -0.0000710506874   -0.0002910233747   -0.0346897567404    0.0080134253299   
-0.0106676183392   -0.0035011226241   -0.0393567200906   -0.0185347880972    0.0006835149418   -0.0009870969160   -0.0009590673744    0.0025403384926   -0.0212314446248    0.0037217759645   
-0.0109086919711   -0.0038650748722   -0.0388505121650   -0.0168307579342   -0.0005693202396    0.0016140167326    0.0001053863884    0.0014307555149   -0.0174416690041    0.0019402035156   
-0.0105914711732   -0.0048032581390   -0.0394291287091   -0.0158688891036   -0.0006201981032   -0.0004366730649    0.0000079753775    0.0028560259397   -0.0126552475034    0.0067023748106   
-0.0111646612838   -0.0077017843492   -0.0321197309895   -0.0137771443188    0.0039988322204    0.0001311770522    0.0009401831453   -0.0025287778579   -0.0009364602339    0.0109136403301   
-0.0106060812949   -0.0025962686571   -0.0401515685254   -0.0185502012518   -0.0017889214588   -0.0033168986050   -0.0013483424961    0.0007833086862   -0.0281234541121    0.0068504508059   
-0.0107433382064   -0.0023810675454   -0.0372943890012   -0.0160007037943   -0.0049150360769    0.0002799829204   -0.0021257684296   -0.0016657086457   -0.0268485222161    0.0009675708214   
-0.0106965585125   -0.0040441881349   -0.0391063947097   -0.0175683473507   -0.0021266958714    0.0019604702529   -0.0013886564581   -0.0016107747373   -0.0203766342238    0.0044619722656   
-0.0104401735318   -0.0035415377463   -0.0428896242226   -0.0196971875052   -0.0036683019911   -0.0001633270956   -0.0020898482669   -0.0003385622075   -0.0259017795746   -0.0217503155980   
-0.0102144412239   -0.0061160371505   -0.0388159634811   -0.0161848574318   -0.0022249008542   -0.0063497041936   -0.0010048235644   -0.0003581575949   -0.0242913894851    0.0042604286826   
-0.0105267453491   -0.0054054012389   -0.0379237562056   -0.0178994851192   -0.0012670610446   -0.0016974996771    0.0003930230112   -0.0002353644371   -0.0173057920858    0.0052370337178   
-0.0106442636738   -0.0055391126003   -0.0345817414888   -0.0142481928617   -0.0002810256274    0.0055858687206   -0.0024961434403    0.0007146275294   -0.0142031510675    0.0074968112928   
-0.0102211703645   -0.0047449460948   -0.0397061336263   -0.0182144295085   -0.0008503204751    0.0012208196114    0.0006827990508    0.0024521600824   -0.0250279791086    0.0017563086688   
-0.0107775407248   -0.0025492225740   -0.0442598914026   -0.0204464420545    0.0015086700574    0.0024065440846   -0.0028856420141   -0.0025460099623   -0.0372009798231   -0.0236503996105   
-0.0106824523389   -0.0033506659639   -0.0439755008415   -0.0211844126921   -0.0013914394988   -0.0029973358121   -0.0009967421369   -0.0017375117243   -0.0327802440110   -0.0219457071408   
-0.0104760595425   -0.0034363065906   -0.0455608532657   -0.0224730082211    0.0001466677410    0.0008703539605   -0.0007480007384   -0.0031343425004   -0.0332338870686   -0.0159315081108   
-0.0102777847892   -0.0039553402897   -0.0383502394077   -0.0166348152774   -0.0024918669836    0.0030642033201   -0.0003527545256    0.0028682837696   -0.0212234303402    0.0070845021059   
-0.0105195610629   -0.0031770947544   -0.0396617125587   -0.0171523505434    0.0036717727050   -0.0001447403297   -0.0007905358274    0.0001338429330   -0.0175558767495    0.0128086698161   
-0.0102412482833   -0.0045622545256   -0.0379684490398   -0.0163670407058   -0.0055126081197   -0.0059420678826    0.0001376102486   -0.0004992570497   -0.0282168593220    0.0062243918383   
-0.0107577916725   -0.0033704850878   -0.0388833764823   -0.0167713849671   -0.0022864233335    0.0012390945865    0.0013531400129    0.0001694309105   -0.0226596111961    0.0083660365082   
-0.0101492444917   -0.0035638876537   -0.0382477823568   -0.0166942933756   -0.0008044213932   -0.0020016465374    0.0000661748562   -0.0003293450491   -0.0290027607415   -0.0079261380328   
-0.0105472244457   -0.0042677757501   -0.0383389330875   -0.0182049107669    0.0008789265454   -0.0065659812073   -0.0010698726081   -0.0010552924434   -0.0214163672485    0.0060619359776   
-0.0103296518707   -0.0036422463922   -0.0399121514818   -0.0168414494612   -0.0030417820863    0.0004128249709    0.0004092686021   -0.0003680941649   -0.0202281550653    0.0057786281961   
-0.0106640395993   -0.0030202794420   -0.0438097050671   -0.0208434541463    0.0004300337749   -0.0009883407183   -0.0003285948798   -0.0040002440362   -0.0329267126979   -0.0256783821505   
-0.0105392607429   -0.0045712138319   -0.0440152060026   -0.0207290457780   -0.0034240798053    0.0031605510094    0.0013263234299   -0.0022659344203   -0.0286177800450   -0.0160814928380   
-0.0102068426599   -0.0059151315469   -0.0387952295409   -0.0177553992774   -0.0013470399353   -0.0027662439077   -0.0026520834022    0.0020741579154   -0.0137503397212    0.0016606000940   
-0.0105695034317   -0.0073266439585   -0.0339976917525   -0.0149068614445    0.0025879587919   -0.0011897435559   -0.0001616978057   -0.0018528995321   -0.0095697339287    0.0053433225372   
-0.0105083333364   -0.0007430173762   -0.0434225823382   -0.0207422039400   -0.0040210513251   -0.0018941361905    0.0001012111223   -0.0006001675755   -0.0347338000615   -0.0057391617408   
-0.0102321402458   -0.0012440161493   -0.0430705574171   -0.0189777780970    0.0023632796066    0.0005072242632   -0.0011088663529    0.0019828499602   -0.0319244876378   -0.0018880565513   
-0.0105878090022   -0.0035864015625   -0.0442170200142   -0.0219998264571    0.0005251471237   -0.0010094298747   -0.0029047706065   -0.0016283074997   -0.0206725708317   -0.0146646430862   
-0.0107697297168   -0.0043198850439   -0.0386947759172   -0.0171007380556   -0.0041523623122   -0.0018985666638    0.0012842351147   -0.0008735222732   -0.0242553577478    0.0037544302992   
-0.0105764983063   -0.0044217717544   -0.0392187559350   -0.0171123091873   -0.0017170909913   -0.0015263294350    0.0006112517969   -0.0013545475398   -0.0265882756957    0.0111578861977   
-0.0106931927518   -0.0039628217494   -0.0374118297015   -0.0180129614499   -0.0044855056841   -0.0055205653744   -0.0004053007622   -0.0002800300256   -0.0115258377997    0.0121843661263   
-0.0106352532739   -0.0075736445909   -0.0341371468638   -0.0146475560602    0.0030479504069   -0.0003460676572   -0.0001747431888   -0.0002083896921   -0.0133135613972    0.0088571551494   
-0.0108242475182   -0.0047342336545   -0.0378748635024   -0.0171580944405   -0.0004779653740   -0.0037022146846   -0.0009806075038   -0.0040531827217   -0.0243192734011    0.0115265982986   
-0.0105584694975   -0.0050009760936   -0.0397459804573   -0.0180754633305   -0.0021895689493   -0.0033522705016    0.0016285212034    0.0038942220008   -0.0196860376073    0.0136628012232   
-0.0105545762647   -0.0039272922690   -0.0389973767453   -0.0170396317382    0.0028731134194   -0.0004542312696   -0.0026720578666   -0.0008006145651   -0.0221172319701    0.0022106295878   
-0.0107344671132   -0.0039993831416   -0.0441198430471   -0.0187429090310   -0.0015377783696    0.0000890114484   -0.0003460781813    0.0019321203602   -0.0243016235150   -0.0167943494129   
-0.0103530086933   -0.0047086596806   -0.0392401321565   -0.0176697137339   -0.0015797060557   -0.0009772317620    0.0007925346690    0.0009770253324   -0.0210522295097    0.0014019027450   
-0.0105636396941   -0.0044623430727   -0.0384611538051   -0.0186856984424   -0.0041361766358    0.0013138251062    0.0007150552257   -0.0030367563322   -0.0105953638899    0.0032837418779   
-0.0101990601621   -0.0030590905321   -0.0381975798073   -0.0180534146435    0.0046768041154   -0.0030395425602    0.0002852071720    0.0014913495494   -0.0126452399451    0.0031494015013   
-0.0104697470347   -0.0047121496221   -0.0393586380595   -0.0177169126033    0.0006683676661   -0.0021572302543    0.0003997381642   -0.0005511889081   -0.0332476076206    0.0000778121999   
-0.0102742376445   -0.0046570822143   -0.0402963208367   -0.0185632614825    0.0002804873396    0.0039885910857   -0.0011100702633    0.0011715664685   -0.0225799839031    0.0066339569406   
-0.0103899657967   -0.0046550107572   -0.0400184417086   -0.0164423195675   -0.0009328919752   -0.0013296229956   -0.0006364012767    0.0022572118271   -0.0231043610448    0.0073820332491   
-0.0111980592899   -0.0005361394602   -0.0316006544199   -0.0135407419008    0.0000563935338    0.0048182128447   -0.0012178867555   -0.0013739327778   -0.0122022564026    0.0092065234278   
-0.0110881090177   -0.0012478838976   -0.0317383099964   -0.0122814491530   -0.0013494466294    0.0055385606611   -0.0014390344027   -0.0004256334125   -0.0055779822078    0.0046135584295   
-0.0114626844273    0.0013181766939   -0.0316460697166   -0.0123688760829    0.0038871583028   -0.0017693122004   -0.0016450063903    0.0007062432248   -0.0198418237476   -0.0002764393493   
-0.0113267986574   -0.0004973655480   -0.0312055147864   -0.0138277088805   -0.0029737549819    0.0034403437965   -0.0026594719967    0.0017048388017   -0.0132761096265    0.0013000148458   
-0.0111279751859   -0.0036454674175   -0.0323228704723   -0.0136254692850    0.0008173145893   -0.0000748946129   -0.0010948226047   -0.0001431128711   -0.0062832725203   -0.0002541095283   
-0.0111280474983   -0.0002848210001   -0.0307878422035   -0.0140354927233   -0.0006076207298    0.0031956388089    0.0008368371600    0.0008885720034   -0.0072754087884   -0.0016789809168   
-0.0114578746412   -0.0005187820885   -0.0338185556484   -0.0128763002312    0.0007529640351    0.0016929086863   -0.0020858839338   -0.0029916923701    0.0023485836588    0.0046264290804   
-0.0109174704467   -0.0010444668751   -0.0325674909648   -0.0137410815140    0.0030263547684    0.0018574897138   -0.0005971825833   -0.0007993513633   -0.0138186807283    0.0080473000336   
-0.0110857486341   -0.0001822193135   -0.0327365092161   -0.0140015097847   -0.0004620050986    0.0027033408454   -0.0000978584896   -0.0015946513627   -0.0114707738850    0.0083976528180   
-0.0112225460912   -0.0013085459729   -0.0321584180164   -0.0128726388315    0.0013939278576   -0.0000856682528   -0.0003216390564   -0.0003242421648   -0.0014631745179    0.0014228188976   
-0.0111063740463   -0.0006051346213   -0.0313784394930   -0.0133249918295    0.0005618452898    0.0046285763568    0.0000527328224   -0.0003354266702   -0.0084469652263    0.0019705843916   
-0.0110753349839   -0.0010924272276   -0.0325755495879   -0.0129191634256    0.0019988297629    0.0039268834572   -0.0008496355159   -0.0011254113273   -0.0129301883456    0.0009862191094   
-0.0112951777465    0.0005285659088   -0.0312866356137   -0.0139106723475   -0.0021135216032    0.0005483654550    0.0006019705540   -0.0034373225574   -0.0116296920330    0.0030726570280   
-0.0116057872065    0.0007132631938   -0.0315147457437   -0.0119970927690    0.0002716549360    0.0004943281581    0.0002716010825   -0.0019200961605   -0.0116685494722   -0.0027019899202   
-0.0106928991072   -0.0011434207158   -0.0326539848646   -0.0134391546882    0.0017281334280   -0.0005222020801   -0.0021340235084    0.0009887768562   -0.0039598898368   -0.0054514147967   
-0.0107376601811   -0.0009153202347   -0.0319762271400   -0.0131748326605    0.0019864788118    0.0022614446160   -0.0015475356907   -0.0016631675169   -0.0141967101820    0.0063676322882   
-0.0108460219082   -0.0010374070343   -0.0328846267198   -0.0130595253331   -0.0014396216957    0.0063184149695   -0.0006625353460   -0.0016459692798   -0.0109210101480   -0.0019003780683   
-0.0110696248924   -0.0008445330001   -0.0324107317101   -0.0138826106317    0.0072274588371    0.0019058495226    0.0008569380042    0.0032702363821   -0.0161039427077    0.0004833682434   
-0.0113797455438   -0.0007470296053   -0.0330390603322   -0.0124814704169    0.0010101982822    0.0058044722581   -0.0003815518738   -0.0048070177313   -0.0144515502747    0.0011766719673   
-0.0110887860902   -0.0014874746894   -0.0328886531008   -0.0135539908007   -0.0022838160227    0.0005959748771   -0.0027362281583   -0.0022470663339   -0.0081672234901    0.0060171247278   
-0.0113966282236   -0.0000823611684   -0.0328351551603   -0.0146148927478    0.0015905791051    0.0034663487584    0.0021310994300    0.0009610258149   -0.0050420509017    0.0034014002185   
-0.0111990755426   -0.0006770210564   -0.0309006043529   -0.0138702343885    0.0010982780269    0.0001986066901    0.0004326889089   -0.0011297332985   -0.0104319994413   -0.0007473802302   
-0.0107197467988   -0.0028497464778   -0.0397478494449   -0.0191519994501    0.0005907453182   -0.0024821292534    0.0007621913068   -0.0018427253745   -0.0188978857082    0.0015438021426   
-0.0110529740156   -0.0024964585396   -0.0408351918013   -0.0199931325351    0.0042277516295    0.0000282435248    0.0004791416551    0.0007463182657   -0.0103725263516   -0.0097337062201   
-0.0114214042181   -0.0004142846479   -0.0323589052690   -0.0143161146642   -0.0016580082832    0.0041167780054   -0.0000622901816   -0.0033897994129   -0.0075935061970    0.0012179820249   
-0.0110257079988   -0.0006431869096   -0.0328700991772   -0.0144807350952    0.0022088364683    0.0015381577878    0.0006781415880    0.0001203440066   -0.0116642417015    0.0071361441691   
-0.0109944227375   -0.0023592284109   -0.0330351157593   -0.0134704544172   -0.0007386107910    0.0023915875928    0.0012738745654   -0.0026676421944   -0.0071416318103    0.0040178002106   
-0.0114596143497   -0.0004672268290   -0.0307847047631   -0.0131281745524   -0.0022884690671    0.0058782096072    0.0033908731950    0.0027421120059   -0.0126434121077    0.0092469117737   
-0.0105623158109   -0.0060350449655   -0.0376376732191   -0.0170910495212   -0.0028240626293    0.0016084807243    0.0010355552799   -0.0008886148033   -0.0194307156667    0.0060796582490   
-0.0103516666294   -0.0060849910295   -0.0367147056206   -0.0165972766500   -0.0019626096805   -0.0064027365713    0.0023264834907   -0.0031130331486   -0.0224892747667    0.0044643714418   
-0.0104858369844   -0.0046102176228   -0.0389502568721   -0.0179697150741   -0.0040479709208   -0.0046984954595    0.0007636175635   -0.0012284970113   -0.0215196438912   -0.0006279728048   
-0.0101085765554   -0.0055839339771   -0.0375756742622   -0.0164778646458   -0.0006463987160   -0.0010146361561    0.0003125999088   -0.0007447232201   -0.0196825896588   -0.0001616520359   
-0.0102180138427   -0.0045818194209   -0.0393587138187   -0.0184210945365   -0.0029111862565   -0.0020898585611    0.0000095050048    0.0007456655833   -0.0222155008281    0.0058090149667   
-0.0105072115131   -0.0035467199532   -0.0396875166056   -0.0164533877821    0.0018195902702    0.0018101783372    0.0003424036072    0.0004310835949   -0.0245497013548    0.0103841393508   
-0.0101681741131   -0.0064497441915   -0.0384065486908   -0.0184741674705   -0.0020251078020   -0.0056263463689   -0.0013668050394   -0.0030409865960   -0.0180791819312    0.0159459294631   
-0.0104891919740   -0.0057953251628   -0.0389176226961   -0.0190411559401   -0.0072337176088   -0.0024257598262   -0.0000054822449   -0.0022115398235   -0.0163445389299    0.0054867926421   
-0.0104584719958   -0.0068980247034   -0.0385370380617   -0.0154830513378   -0.0070029009228   -0.0056442420516   -0.0007018625941   -0.0001382257237   -0.0155778057101    0.0169328633796   
-0.0104721258338   -0.0042565995397   -0.0369682498001   -0.0158775648930    0.0018183141879    0.0019225187316   -0.0004088181102   -0.0021595246120   -0.0123586475682   -0.0026351100550   
-0.0101391285052   -0.0052493601316   -0.0386633197197   -0.0173412748667    0.0012802340863   -0.0034671806347   -0.0002635122318    0.0040739518829   -0.0120780477919    0.0020003844799   
-0.0101555299400   -0.0039441516036   -0.0405718443917   -0.0177185029392   -0.0031232483079    0.0021492444366    0.0009574500607    0.0027394568916   -0.0135106853113    0.0056510231848   
-0.0105901373246   -0.0056569346626   -0.0377782939311   -0.0167535812224    0.0016496931997   -0.0024163161100    0.0008106732291   -0.0008724600865   -0.0157784457841    0.0037757649417   
-0.0109257867636   -0.0011244653310   -0.0400281850338   -0.0164784980566    0.0008512963962   -0.0008631525890   -0.0006164520384   -0.0020812568961   -0.0193725028116    0.0016970404107   
-0.0105792552837   -0.0038767355656   -0.0376953582405   -0.0170391340077    0.0001154227031    0.0004171271211   -0.0030643207262   -0.0015720043421   -0.0218753086726    0.0021903322171   
-0.0105057398858   -0.0046827756537   -0.0369115838459   -0.0164123220904   -0.0017653004566   -0.0034715041791    0.0027829167802    0.0019816367688   -0.0041556596100    0.0115769545422   
-0.0108072765644   -0.0040845599240   -0.0383959527736   -0.0175057219242   -0.0016457159293   -0.0037761310698    0.0005618607321    0.0011624290820   -0.0125872500147    0.0036929920078   
-0.0105559124433   -0.0039875895088   -0.0398273042134   -0.0179935714249    0.0017402446012   -0.0041359411353   -0.0000169676290    0.0015857213285   -0.0286639156369    0.0070742344796   
-0.0115173040956   -0.0267687457272    0.0110156803228    0.0184708916683    0.0084290104022    0.0058387692743   -0.0009978994439   -0.0041340756274    0.0085845595667    0.0250294011913   
-0.0111192938016   -0.0272930197676    0.0099213952073    0.0180052027362    0.0045166628670    0.0089456487477    0.0031009528116   -0.0028110147122    0.0162602859571    0.0364120845783   
-0.0114756692325   -0.0279243734197    0.0102115003254    0.0187187621288    0.0071396045121    0.0088123567158   -0.0024809843399   -0.0037258599543    0.0157015806456    0.0309636204637   
-0.0116942299638   -0.0270896855023    0.0099055127251    0.0199725076405    0.0111355637854    0.0089361002504    0.0017775294577    0.0002377658610    0.0143632172119    0.0365424179036   
-0.0116065374192   -0.0275481551726    0.0098902856861    0.0184456790777    0.0103708140858    0.0077459577616   -0.0009969544712   -0.0016451684657    0.0212090083498    0.0296184476928   
-0.0116283234097   -0.0272225124428    0.0108510087634    0.0178157478493    0.0146718739604    0.0076843759756    0.0023817503390    0.0023576691992    0.0135407491432    0.0322910476022   
-0.0110522758022   -0.0274660561691    0.0102333149128    0.0188681484968    0.0056555338044    0.0030150186690   -0.0003291269591   -0.0013875579740    0.0182998829885    0.0275146282146   
-0.0109969080906   -0.0273168411900    0.0094652181724    0.0208810585986    0.0080579299111    0.0082914297199    0.0012674619011   -0.0008518199184    0.0194628690745    0.0434659619392   
-0.0115653571794   -0.0276545873388    0.0102264539451    0.0190071764881    0.0137406089899    0.0136084311357    0.0009683387387    0.0005847343379    0.0127495648487    0.0415419410493   
-0.0115162497913   -0.0272410165501    0.0100351340157    0.0178003501972    0.0077562900098    0.0068017532686    0.0003263854863   -0.0029291098346    0.0166733160609    0.0366418132820   
-0.0111895768519   -0.0282610156329    0.0112856418131    0.0181752299350    0.0049388130376   -0.0003404719668    0.0003018358633   -0.0013949792679    0.0108250218651    0.0340533747491   
-0.0115859210547   -0.0272479574129    0.0113741036046    0.0180647150327    0.0051157106709    0.0074012277633    0.0004743533880   -0.0026460827659    0.0116997150336    0.0357061808609   
-0.0114161004169   -0.0280988799866    0.0111901901701    0.0179651106427    0.0119646577809    0.0053765185542   -0.0004711433936   -0.0032372825262    0.0089142449369    0.0329623146988   
-0.0117792945018   -0.0280332981411    0.0118252093674    0.0184771465263    0.0142062269328    0.0098008831846   -0.0013888776744    0.0004865188968    0.0228919621688    0.0315916226756   
-0.0116446535614   -0.0279894775447    0.0101112895656    0.0180891123261    0.0201977560701    0.0113403686482    0.0004425802720   -0.0002941640609   -0.0013822128585    0.0306086341744   
-0.0116665910529   -0.0272311021757    0.0102138870687    0.0185976532193    0.0129131206765    0.0100569421281   -0.0002729875367   -0.0024691587515    0.0157853133147    0.0290054037054   
-0.0113367204767   -0.0276208947217    0.0100107055969    0.0189802454972    0.0071618718505    0.0057632486951   -0.0002915281079   -0.0050401124871    0.0080321156279    0.0359177573929   
-0.0111789301008   -0.0277910474714    0.0092494993015    0.0191812974710    0.0055636135752    0.0027964571056    0.0026924942237    0.0008653900992    0.0108315239456    0.0263831877713   
-0.0117456281821   -0.0265081751751    0.0111342030529    0.0178025280100    0.0217869245246    0.0116979053255    0.0001121759454    0.0027686669991    0.0073884210049    0.0151952702338   
-0.0115657563710   -0.0272884127421    0.0101009841268    0.0185687066555    0.0090661810187    0.0117783421281   -0.0005324652436    0.0005171874538    0.0100087838365    0.0308936028784   
-0.0114271387122   -0.0274172229720    0.0100830010074    0.0184057277294    0.0129549099708    0.0071762218108    0.0009223944438   -0.0032720302581    0.0226898166737    0.0302011380963   
-0.0112636281141   -0.0273198893774    0.0096440584648    0.0188790411253    0.0082130959681    0.0061398857498   -0.0006310640542   -0.0032886575670    0.0102271864130    0.0384376848167   
-0.0117820204291   -0.0268694113301    0.0102515020296    0.0175038486072    0.0073204497112    0.0059666357550   -0.0000978718797   -0.0046691834058    0.0148465153213    0.0330784921455   
-0.0111634002611   -0.0279340673254    0.0105471155549    0.0193519393651    0.0117706232398    0.0068448888328    0.0024125934730    0.0000925141225    0.0174119259258    0.0410698662284   
-0.0117022776302   -0.0271528436198    0.0106885770192    0.0175271069743    0.0044589844409    0.0048854979392   -0.0009407640399   -0.0044075223318    0.0216375803726    0.0360732527817   
-0.0112422809195   -0.0277404612359    0.0091282345261    0.0168361971393    0.0080228217583    0.0074794056034    0.0014900272666    0.0001011854929    0.0165312827655    0.0318950665485   
-0.0115666670203   -0.0280685384750    0.0105794701527    0.0193441396712    0.0110293517608    0.0084439516657    0.0001033698299   -0.0025487075716    0.0054244972737    0.0341356862766   
-0.0112776488607   -0.0263370494983    0.0092972700943    0.0176286486544    0.0082589323341    0.0069460576323    0.0030551667448   -0.0001355077215    0.0128617109879    0.0211868281340   
-0.0114496973237   -0.0274544517853    0.0100941077996    0.0183339426792    0.0093119244647    0.0104051680077   -0.0008086408693   -0.0038909904706    0.0147226775235    0.0346075475681   
-0.0110705183619   -0.0281302216402    0.0091887455599    0.0180811159420    0.0048492134392    0.0072840821275   -0.0002381184108    0.0005510758231    0.0057303024715    0.0274209865470   
-0.0113450771376   -0.0275874790579    0.0099892123707    0.0189638330176    0.0056790213229    0.0014580324877    0.0009966232221   -0.0043464512838    0.0060052363026    0.0315689760745   
-0.0111029475001   -0.0282305280324    0.0099899850831    0.0183944299118    0.0033512063403    0.0066339898777    0.0021477253562    0.0011994137875    0.0131005865196    0.0365909325299   
-0.0116150602267   -0.0268889462811    0.0120171042332    0.0177427050168    0.0060250576565    0.0039905969562    0.0007000383760   -0.0027795201404    0.0180724644880    0.0453107794617   
-0.0112915779174   -0.0288449785329    0.0106588657807    0.0200586200004    0.0083374448916    0.0083869187596    0.0015295728974   -0.0026176827491    0.0150334183759    0.0376813405260   
-0.0115947212133   -0.0264996843618    0.0108451262420    0.0171745737215    0.0179192527952    0.0161839493028    0.0020822267079    0.0031482121076    0.0131758117720    0.0233136934070   
-0.0111103610602   -0.0274191728336    0.0095991161408    0.0199341985462    0.0040010830719    0.0063462935664   -0.0005974820134    0.0013988719301    0.0157858070781    0.0246608546407   
-0.0116484175939   -0.0282350688216    0.0107488595545    0.0180940159771    0.0125094256040    0.0048479136371    0.0019146634562   -0.0039378006847    0.0113720552289    0.0328281312425   
-0.0116194081087   -0.0277324111455    0.0119114096907    0.0174445176922    0.0072573704429    0.0070728712588    0.0010205451901    0.0002005401325    0.0116299243604    0.0251629292857   
-0.0119389445761   -0.0275842993003    0.0094112485913    0.0183061473841    0.0081599193760    0.0112122830097    0.0007233910269   -0.0007682007607    0.0160880649708    0.0322987100901   
-0.0116807636117   -0.0280926731645    0.0109751072857    0.0194440426407    0.0094940653228    0.0063168549765    0.0007778001426   -0.0014105744888    0.0112158050044    0.0374204002179   
-0.0115318192946   -0.0273926958920    0.0117294165418    0.0183070982325    0.0072156516177    0.0056711413680   -0.0001223959851   -0.0016172874734    0.0125691642106    0.0321170929433   
-0.0114069106971   -0.0264806672928    0.0096035110946    0.0175196370321    0.0134139791877    0.0094659213247   -0.0021002891573    0.0013761972860    0.0190215981645    0.0264082482901   
-0.0114813073923   -0.0278425817576    0.0108450103612    0.0179728918019    0.0082122298636    0.0074346881865   -0.0001981577966   -0.0030203611968    0.0130364420484    0.0408805638205   
-0.0113913443945   -0.0275480929996    0.0093519554507    0.0178507746232    0.0022880083359    0.0058513011783    0.0000584675051   -0.0024970206552    0.0102393476410    0.0243323312294   
-0.0116058106270   -0.0274037732390    0.0103495806009    0.0188693006198    0.0123886583709    0.0082887775141   -0.0000441249782   -0.0021606107833    0.0159433637157    0.0445485411570   
-0.0115418689274   -0.0279981516675    0.0100931799131    0.0179085286179    0.0055132069360    0.0079222976948    0.0009906365763   -0.0025491410349    0.0220278562289    0.0401005329990   
-0.0114867543730   -0.0274572032725    0.0112980444302    0.0174948701653    0.0055460986082    0.0058640762126   -0.0031886595561   -0.0016528159231    0.0163245385389    0.0374565569133   
-0.0114524002215   -0.0271787622061    0.0103514414660    0.0186689007745    0.0051375921872    0.0051089130437    0.0004079761661   -0.0012673704113    0.0204323619250    0.0279552965141   
-0.0120755679658   -0.0266765507698    0.0092673805582    0.0167237920392    0.0224430127512    0.0173042527222    0.0011005045174   -0.0026006127517    0.0092637468563    0.0330037306359   
-0.0112459250383   -0.0274974454355    0.0104510744072    0.0201648053615    0.0043606538338    0.0022943711138    0.0016162129873    0.0021997151394    0.0068038189050    0.0349076108678   
-0.0109666522922   -0.0277788244628    0.0092472478978    0.0179797416453    0.0016881012218    0.0044903490882   -0.0009568974530   -0.0018171790140    0.0139610487314    0.0291534231838   
-0.0112962060602   -0.0272126284551    0.0121069446915    0.0178436228468    0.0099412741040    0.0062725105476    0.0019263135342    0.0008283531663    0.0051384518114    0.0290952020386   
-0.0112433171274   -0.0274618114801    0.0116058334370    0.0185663574842    0.0041172700960    0.0034003223296    0.0022770473786   -0.0021701714275    0.0148103533046    0.0217720622672   
-0.0111547319343   -0.0268060454540    0.0103698796400    0.0184457380443    0.0046451960572    0.0034949217134    0.0021100984825   -0.0032058433351    0.0122744804263    0.0362977546604   
-0.0114895280468   -0.0261125800972    0.0081966692924    0.0169523764739    0.0137984405782    0.0052607005019   -0.0003116459880    0.0006942958262    0.0100007240903    0.0145790420598   
-0.0114266928649   -0.0277137451897    0.0097816670529    0.0182914462801    0.0047632914539    0.0037593307141   -0.0011148331504   -0.0021283889520    0.0163014513093    0.0318501372473   
-0.0113392390169   -0.0281927738905    0.0101232959636    0.0187254188594    0.0075998743346    0.0070966084909   -0.0014961963138   -0.0026249853607    0.0145631672977    0.0347084507746   
-0.0110411713306   -0.0273758019808    0.0093261883342    0.0179510129537    0.0114189971427    0.0075518000654   -0.0029473983560   -0.0014379541665    0.0196009933766    0.0307004830759   
-0.0114491629006   -0.0278634948338    0.0104898967452    0.0186810777081    0.0096047043775    0.0081048297736   -0.0003088979174   -0.0035842236119    0.0176752858255    0.0451962428681   
-0.0114352140570   -0.0268140900003    0.0097230242673    0.0176358379920    0.0146307386929    0.0120622357041    0.0027063352929    0.0008461947288    0.0171924635612    0.0315355962646   
-0.0115941653859   -0.0268330721138    0.0113974510944    0.0176618638934    0.0113347721528    0.0058056081340    0.0008916356146   -0.0048391789035    0.0206725949523    0.0330590995707   
-0.0111413931376   -0.0274772618185    0.0093184147578    0.0190704536977    0.0020288707770    0.0033301757484   -0.0014960645310   -0.0008973001143    0.0030549615788    0.0260827009255   
-0.0114147645226   -0.0274110903745    0.0103600508606    0.0178950722345    0.0040960199840    0.0074289416686   -0.0032495955652   -0.0033959281613    0.0258929537908    0.0321476559821   
-0.0116255357036   -0.0277039383131    0.0111787759569    0.0182367408138    0.0032737560205    0.0042368597851    0.0022791456048   -0.0036971159152    0.0132254335901    0.0349096224172   
-0.0113467761706   -0.0272351046624    0.0105570719170    0.0182204045148    0.0032295281042    0.0033810333872    0.0007933941970   -0.0037146854106    0.0014960588124    0.0202457900621   
-0.0115236871324   -0.0271456132582    0.0110196971935    0.0171209752022    0.0093629904755    0.0084408364640   -0.0010239229913   -0.0004021892335    0.0188202066840    0.0438072682869   
-0.0115191023558   -0.0278761726131    0.0104767464530    0.0197630649167    0.0083847087556    0.0036808037668   -0.0031508053308   -0.0015763923900    0.0165555805386    0.0388934274380   
-0.0112415114702   -0.0272066311108    0.0091651982151    0.0166313520383    0.0063668892786    0.0044076322287   -0.0002836450376   -0.0004611869920    0.0187856093651    0.0252844944598   
-0.0116150186539   -0.0280847795317    0.0113391394155    0.0173606218031    0.0117690026259    0.0116746591564   -0.0004716538126   -0.0007026734059    0.0170242289320    0.0320018080389   
-0.0112817753126   -0.0275095157703    0.0106346709527    0.0181353525703    0.0078329855537    0.0056125803447    0.0018965154749    0.0007857157417    0.0068085621637    0.0322474685638   
-0.0112658441197   -0.0270725841486    0.0108081998135    0.0178749134533    0.0074462703075    0.0080484515493    0.0011294124420    0.0027278525865    0.0110304070157    0.0235537692782   
-0.0116947269027   -0.0267122771794    0.0112582376031    0.0198922525178    0.0096361752345    0.0081301020304    0.0002606039332    0.0009418188165    0.0215094093425    0.0286684739626   
-0.0116072304951   -0.0278335189152    0.0100609203297    0.0183733407763    0.0067711438812    0.0060572264738   -0.0000815386305   -0.0003462575214    0.0148960427645    0.0308452206402   
-0.0113723089217   -0.0270763656668    0.0102193816675    0.0184285345803    0.0080451629810    0.0027617512305   -0.0019570300011   -0.0035027149688    0.0174239532841    0.0245623098354   
-0.0112487595180   -0.0280172945867    0.0100227828917    0.0179182934398    0.0136507842142    0.0079452144892    0.0014489028937   -0.0018020226020    0.0137553590555    0.0483355551591   
-0.0111130390747   -0.0269071693436    0.0092180088708    0.0187948796127    0.0068021890747    0.0030987774860   -0.0005850174505    0.0004928186850    0.0119888069504    0.0232355257348   
-0.0115200677511   -0.0277108101233    0.0116251712296    0.0189842386049    0.0098283289001    0.0085597687061   -0.0012395361613   -0.0035415235486    0.0164945236281    0.0378161262978   
-0.0115868515943   -0.0279242421472    0.0107737438290    0.0184431071826    0.0074577165756    0.0072965068065   -0.0001885028237   -0.0042776356821    0.0165205492061    0.0257316998193   
-0.0113318538821   -0.0275026620338    0.0101165125660    0.0182419862526    0.0098988509682    0.0047531426324    0.0020324254711   -0.0012623323806    0.0101404022761    0.0321162883897   
-0.0116348350483   -0.0280083134510    0.0101693598716    0.0167659383442    0.0081928148309    0.0074874162283   -0.0024192528904   -0.0004140143635    0.0102965792294    0.0269813963752   
-0.0113334059387   -0.0269135942930    0.0116509509631    0.0173275290334    0.0156659133256    0.0131525783606    0.0019812486353    0.0013948424309    0.0076656320352    0.0292081827880   
-0.0116870588774   -0.0278525744445    0.0098328616294    0.0197127648899    0.0074267374144    0.0053118818548   -0.0010053866965    0.0001226557537    0.0098881569924    0.0273363923360   
-0.0115870931767   -0.0280231648289    0.0122160289379    0.0188131462271    0.0097198105904    0.0062680330552    0.0007517133827   -0.0037974954975    0.0116866393815    0.0225999701992   
-0.0113151705596   -0.0276924008187    0.0101318832555    0.0194719466550    0.0098959750482    0.0080894985970   -0.0032057497570    0.0001248578306    0.0163438774379    0.0399063498231   
-0.0115131561474   -0.0275970880775    0.0101108848332    0.0175317286602    0.0019963856215    0.0025377081366   -0.0000116906691   -0.0049953145849    0.0077275653979    0.0316875772961   
-0.0113423246666   -0.0279647050988    0.0112080846408    0.0182578925606    0.0076835757548    0.0090427458659    0.0013980281250    0.0012433911628    0.0200137034603    0.0263385460804   
-0.0114753649482   -0.0272787132438    0.0091251075795    0.0174479413319    0.0106005576722    0.0080254499775   -0.0016058515445   -0.0026188259160    0.0250985579290    0.0412078370962   
-0.0114922079757   -0.0278777862822    0.0118390004265    0.0165575450563    0.0105264449094    0.0083661844537    0.0013208382291   -0.0024136422302    0.0146012486214    0.0306152676159   
-0.0114988968367   -0.0272852494132    0.0103142973589    0.0189254707010    0.0061725860793    0.0062173933830    0.0009509244566   -0.0014330166148    0.0121111999928    0.0276378598227   
-0.0112190713951   -0.0276977080132    0.0103474983630    0.0188618213087    0.0041416869371    0.0044839432444    0.0017100312754    0.0010216637386    0.0202944973242    0.0258455826345   
-0.0114229961696   -0.0272473839608    0.0110575336353    0.0176847947762    0.0080218886307    0.0048619340972    0.0008193844837   -0.0002997753765    0.0138088220063    0.0280784537739   
-0.0115944039769   -0.0278809023314    0.0100293674407    0.0194639077903    0.0086765209783    0.0086167252788    0.0024018644276   -0.0009717561785    0.0162955578008    0.0445834061630   
-0.0117570818559   -0.0268991658466    0.0101746085236    0.0182120714123    0.0131926997811    0.0107670173978    0.0016576410239   -0.0014358790842    0.0072533777987    0.0412823959326   
-0.0115291336678   -0.0268767226373    0.0100849355420    0.0179805813320    0.0063009213843    0.0028495817742   -0.0002680288013   -0.0051337596138    0.0141563114768    0.0350238480711   
-0.0116301549807   -0.0273325500198    0.0095805809922    0.0180349416206    0.0074478711437    0.0080940784473   -0.0014950584825   -0.0019812169439    0.0108946645135    0.0318094832443   
-0.0111779031245   -0.0274357497496    0.0102911994934    0.0184279769876    0.0073445175571    0.0065744336145    0.0029526754607   -0.0027201647660    0.0084744389089    0.0407660882137   
-0.0114958060881   -0.0277517595991    0.0105109676973    0.0171044164337    0.0098676300761    0.0107339896451    0.0019102644231   -0.0013825980361    0.0107199963178    0.0461661399529   
-0.0110640648079   -0.0278640469475    0.0104920957448    0.0188974949077    0.0029827272166    0.0056228060302   -0.0003950936004   -0.0010284528124    0.0001787430720    0.0211322080272   
-0.0114905098628   -0.0273073320664    0.0108030244969    0.0177272055165    0.0098866149488    0.0112943725170   -0.0020744460428   -0.0025854738204    0.0144330366448    0.0403350879855   
 0.0354282441333    0.0041604274293    0.0004877055496   -0.0003033654923    0.0032333168856    0.0036341150895    0.0112506162403   -0.0318067230960   -0.0053205245724   -0.0118282222272   
 0.0358629963476    0.0038173311417    0.0004141549319   -0.0001104967603    0.0030060068397    0.0020037639104    0.0142121933603   -0.0460906824460    0.0000327156591   -0.0031054850006   
 0.0353328671251    0.0041605049843    0.0005954266178    0.0004070334582    0.0037745655843    0.0030384491300    0.0099779818256   -0.0304447521537   -0.0065989751961   -0.0000461254683   
 0.0355210956760    0.0039270629955    0.0000844901886    0.0007037407198    0.0050398726546    0.0011643871328    0.0132768511228   -0.0409070353816    0.0076738569659   -0.0071972195547   
 0.0356646131693    0.0045900272074    0.0006949307616   -0.0000948863580    0.0024837531892   -0.0002540465949    0.0092901802473   -0.0326886809620   -0.0027737031782   -0.0052935324070   
 0.0359971772391    0.0041148604594   -0.0002634306492    0.0005997895142    0.0046309972143    0.0023835870605    0.0110652395742   -0.0324603720874   -0.0019078881061   -0.0011001779685   
 0.0359639023392    0.0037254281433    0.0005787853912    0.0006087893681    0.0049604276320    0.0043950959162    0.0172154124783   -0.0457773700143   -0.0039628849595   -0.0099031202267   
 0.0361871909505    0.0042601356479    0.0002893698740   -0.0000362317319    0.0055983904252    0.0052033258267    0.0219213345781   -0.0407386430873   -0.0003271378921   -0.0077255234194   
 0.0363097330309    0.0037660497299    0.0007867803425    0.0008271604619    0.0049126934043    0.0035117075239    0.0194436485842   -0.0427618082142   -0.0011357779806   -0.0059603882913   
 0.0358527614581    0.0042410611202    0.0000514901872   -0.0005301415005    0.0058004070580    0.0014309477749    0.0090330145116   -0.0353048135426   -0.0027833508336   -0.0086208143294   
 0.0360091465285    0.0042242967250    0.0004435545647    0.0001085934057    0.0011705818378    0.0005556190657    0.0118533386851   -0.0331132557375    0.0002848825445   -0.0022451151620   
 0.0355516674111    0.0042491906566    0.0003306875940    0.0004074826133    0.0004007802065    0.0049122266832    0.0077298824103   -0.0284567526592    0.0007875508472    0.0051061299693   
 0.0352991859459    0.0040063060939   -0.0001662107671    0.0004274683321    0.0024278113764    0.0048576829886    0.0142186449050   -0.0327878427039   -0.0058032331036   -0.0051788574320   
 0.0364780284951    0.0039462050723    0.0003310525753   -0.0002015707319    0.0042183442446    0.0038703514029    0.0062247438970   -0.0330647152009   -0.0001336183490   -0.0059102456237   
 0.0354839123021    0.0039537163911    0.0014975334845    0.0004198378149   -0.0010779738028    0.0030940577185    0.0121302576870   -0.0274033787806   -0.0025134285235   -0.0069671545920   
 0.0358457160788    0.0038808925771    0.0010246958892    0.0007167418070    0.0033557631695    0.0013301557643    0.0114135911328   -0.0395023742999   -0.0056420151649   -0.0042291422094   
 0.0354612003694    0.0035812926381   -0.0002282886623   -0.0004433916965    0.0006679960694    0.0030090641686    0.0138116735520   -0.0354688237769    0.0039250074094   -0.0048140665666   
 0.0359096317476    0.0037066764945    0.0006190265296    0.0001132502791    0.0009387738149    0.0030798268732    0.0106269938237   -0.0309451521289    0.0025138257643   -0.0002241294100   
 0.0356774834440    0.0038500697101   -0.0002761419302   -0.0001034723357    0.0045698551044    0.0033738805023    0.0100752373075   -0.0382167853544    0.0044549650548   -0.0008256695422   
-0.0154188208332    0.0334952015492    0.0055427213083    0.0149284977528    0.0077843063110   -0.0122760528954    0.0003750453234   -0.0045179801199    0.0071684636869    0.0022411579507   
-0.0153253476729    0.0340621238366    0.0053867278658    0.0160069756512   -0.0023223548730   -0.0039864021949    0.0004606489621   -0.0002922710243    0.0010710727806    0.0023980379706   
-0.0149585028144    0.0322650652103    0.0060642404591    0.0125234314639    0.0156618326757   -0.0272410351880    0.0006849720179   -0.0015272680546    0.0082485928923    0.0065087914704   
-0.0150539522082    0.0330638855659    0.0063093350691    0.0128618213373    0.0125822944201   -0.0256908320449    0.0014878974911   -0.0019586498614   -0.0024429357567    0.0061876726872   
-0.0154837494820    0.0322737097575    0.0053141247118    0.0120237813312    0.0160487382386   -0.0252043848316    0.0011027828052    0.0012790272119    0.0019456120888    0.0037969180626   
-0.0154708895926    0.0337686127869    0.0057892015438    0.0137726984239    0.0079234438721   -0.0155013790657    0.0024100060528   -0.0002479975869    0.0078126909138    0.0032158590799   
-0.0152937221727    0.0340367421310    0.0048550881569    0.0142496243283    0.0000329257395    0.0001862471451   -0.0002630466439   -0.0002309104999    0.0038098021376    0.0068792158114   
-0.0152295344169    0.0332673268108    0.0068569214347    0.0146075071313    0.0113178556826   -0.0225573028372    0.0006422913853   -0.0005674285709    0.0106244426624    0.0048268857130   
-0.0153409340912    0.0322648240002    0.0062687366241    0.0132450447731    0.0156474970110   -0.0248684411952    0.0016301719898   -0.0020512895000    0.0039347018985    0.0133750594655   
-0.0155450603488    0.0332721843156    0.0060458071766    0.0145711304461    0.0029463177629   -0.0041857845439    0.0007579372187   -0.0014901180269    0.0058988302417   -0.0014316657042   
-0.0155008474178    0.0327536580529    0.0064973657367    0.0143890434619    0.0127379943675   -0.0166782515510    0.0002647991197   -0.0013176134942    0.0101043079556    0.0047503174024   
-0.0151550903348    0.0320512654200    0.0074263225344    0.0133347574745    0.0168549675594   -0.0262550062314    0.0005106576006   -0.0021562688051    0.0148721025606    0.0070463205278   
-0.0153805441206    0.0328338287049    0.0074204103260    0.0129721688119    0.0169340872159   -0.0296458647216    0.0003437717534    0.0006860931194    0.0093605529342    0.0119977354481   
-0.0153126925077    0.0326161988418    0.0075015297092    0.0135653011953    0.0141927428640   -0.0224417837318    0.0013516832669   -0.0012810373908    0.0072395126448    0.0061165925990   
-0.0151681349571    0.0326233980743    0.0058741556427    0.0125608955552    0.0165982282046   -0.0287439625266    0.0013685762433   -0.0013769736695    0.0056091111271    0.0054779262831   
-0.0155556218616    0.0341730368764    0.0054574395272    0.0166346390659    0.0000474314188    0.0005205034063   -0.0016465922100    0.0015014622759    0.0084038425218   -0.0024737941740   
-0.0154246569769    0.0326377639224    0.0066447103553    0.0142164037642    0.0139292768567   -0.0248991929968    0.0006487552293    0.0001097897755    0.0082800561064    0.0037549792661   
-0.0154769601176    0.0343543078702    0.0056763353251    0.0150270760650    0.0031612439384    0.0009988894631   -0.0009546950701   -0.0005611946092    0.0026310380501   -0.0001551776271   
-0.0154171649885    0.0334337082708    0.0060530529987    0.0149911722657    0.0190449309974   -0.0258235016926    0.0033966033885   -0.0010165350665    0.0066826886465    0.0070230478172   
-0.0150672093682    0.0327146787468    0.0061879692577    0.0126385664947    0.0161414994315   -0.0257718927356   -0.0001498355334   -0.0012290582619    0.0067340092877    0.0012600741627   
-0.0154819335826    0.0331895903451    0.0070125852244    0.0132195719225    0.0163325562785   -0.0247851201884    0.0014009169606    0.0008119394800    0.0098641768019    0.0066046345291   
-0.0151660375493    0.0342718719990    0.0045053151734    0.0152095527197   -0.0015860495902   -0.0017724071839   -0.0013522133035    0.0002558191649   -0.0019616022487    0.0025758313152   
-0.0152044588805    0.0334601634884    0.0045644154926    0.0162728914212   -0.0161339096831    0.0249035631966   -0.0027416682531   -0.0003132999293   -0.0012514417901    0.0046888123254   
-0.0157195361030    0.0338700886303    0.0067996347150    0.0138767285362    0.0054167084797   -0.0065086787727   -0.0000391084130   -0.0001402446919    0.0041016523544    0.0001627708579   
-0.0151126746941    0.0324562050487    0.0066532420295    0.0118182317025    0.0167121152291   -0.0220875885708    0.0018472455390   -0.0011697254309    0.0055216257211    0.0080269650382   
-0.0153521293928    0.0334675159181    0.0067799774796    0.0136812395015    0.0043817487226   -0.0052521465504    0.0008638101458   -0.0013905983592    0.0037940680997    0.0030575708634   
-0.0153158215442    0.0330633825391    0.0065240555047    0.0118644587324    0.0169584609426   -0.0315476679817    0.0010578340420   -0.0027929252991    0.0047054856635    0.0047450811924   
-0.0154887439000    0.0327181658487    0.0063326781347    0.0129312725387    0.0175212884969   -0.0255573858012    0.0014840815742   -0.0006668107600    0.0115020308604   -0.0010250868608   
-0.0155256104227    0.0335279561494    0.0058132736943    0.0150925978109    0.0063026206713   -0.0146277620727    0.0010655869618   -0.0011262334947    0.0049033005939    0.0056710605044   
-0.0155044434972    0.0342466891775    0.0057029078675    0.0144798580536   -0.0015528337613   -0.0021071856708   -0.0007430608739    0.0002008370425    0.0087588777545    0.0089235872755   
-0.0154027940365    0.0320291960251    0.0051860129446    0.0120854863540    0.0168342261320   -0.0243460988844    0.0017078602657   -0.0000142353943    0.0015445339491    0.0064937524075   
-0.0152220440802    0.0325713605536    0.0068163415230    0.0124145973151    0.0162224200342   -0.0243219024889   -0.0011707106677   -0.0003202649255    0.0067990392557    0.0027614785324   
-0.0153363758133    0.0328079915286    0.0078846199560    0.0114800373031    0.0185438349298   -0.0310591359571    0.0024627457840   -0.0029617684268    0.0119476822339   -0.0046845091365   
-0.0152357519325    0.0325737740940    0.0068666773318    0.0131506264797    0.0176550991258   -0.0245777671893    0.0004974667062    0.0003114211484    0.0110862648451    0.0056840296227   
-0.0154056223988    0.0342560749745    0.0067771581426    0.0149513228867    0.0006016682592    0.0029225939247    0.0005504941194   -0.0000233592338    0.0105245908990    0.0024092615331   
-0.0155696722528    0.0330327803973    0.0060465808802    0.0123169209250    0.0135441447182   -0.0224542453890    0.0001479773460   -0.0024897920204    0.0046899875840    0.0048122059935   
-0.0151744768859    0.0331020021263    0.0067025717384    0.0123000229686    0.0125146562470   -0.0228791491067   -0.0007371132917   -0.0001030888440    0.0093307755821    0.0047673807823   
-0.0155080345297    0.0341919020234    0.0072486753442    0.0159629910637    0.0032320006964   -0.0043275459946   -0.0014869599997   -0.0001000572883    0.0020126551697    0.0031669077516   
-0.0152099801871    0.0333258518759    0.0064327123064    0.0150792950163   -0.0016036304488   -0.0003547909158    0.0007388549494    0.0001383417501   -0.0042609316099    0.0002411495781   
-0.0153404191478    0.0343895813868    0.0079279359907    0.0134289721388    0.0186878936257   -0.0267529379092    0.0014760828832   -0.0001331495424    0.0030167632025   -0.0021901481794   
-0.0152077448562    0.0334425407435    0.0043916604338    0.0137745754357   -0.0013036607913   -0.0030330073280    0.0001802001969   -0.0005869814053    0.0060271787415    0.0017237706474   
-0.0156714692774    0.0335358057759    0.0058696869788    0.0133416647399    0.0180930480663   -0.0290692786671   -0.0006164838027   -0.0022575679419    0.0025121753708    0.0100259098346   
-0.0154865799355    0.0339164824584    0.0066186985769    0.0145683601463    0.0116650276557   -0.0160990506202   -0.0005738929263   -0.0025097180770   -0.0027846519507    0.0008993605040   
-0.0152396880891    0.0331207652716    0.0060214469401    0.0125944390546    0.0178621278603   -0.0260343867676    0.0030302737732    0.0020165368247    0.0019348174689    0.0050343093428   
-0.0156894995087    0.0340682629463    0.0055365536804    0.0165729779533    0.0020130696643   -0.0008340051125   -0.0011961807088   -0.0015123850464    0.0030433602656    0.0044048953333   
-0.0157469305215    0.0345365593776    0.0062467000203    0.0145235093735    0.0003626267456    0.0005304986656    0.0012283023652   -0.0042205230494    0.0026406887645    0.0070176052642   
-0.0156029616629    0.0331323126544    0.0062541321039    0.0138791917094    0.0129443071920   -0.0229980906951    0.0010536381318   -0.0033809467248    0.0025279365760    0.0082661959721   
-0.0153477802556    0.0332606134241    0.0054281209305    0.0132843035994    0.0129686320449   -0.0179669071816    0.0001202630694    0.0021842585427    0.0147431927814    0.0014550305630   
-0.0156245842934    0.0330865364852    0.0065075951773    0.0149543624147    0.0175067538646   -0.0286718983299    0.0020610789733   -0.0016156789450    0.0049945094743    0.0118106768597   
-0.0156157064764    0.0337900317278    0.0068820905963    0.0142225747139    0.0176566878140   -0.0286566996570    0.0002667747712   -0.0015233869644    0.0042651938338    0.0026787859887   
-0.0152444699518    0.0324433017349    0.0071074272159    0.0124817769387    0.0159764318516   -0.0242067331277    0.0026890837500   -0.0028575547667    0.0084568112892    0.0076305012007   
-0.0152494175905    0.0327225371392    0.0072674357385    0.0115545960928    0.0138001914589   -0.0282801706248   -0.0000310337223    0.0012632069713    0.0062823543437    0.0056240541568   
-0.0154832259597    0.0330254915913    0.0066554965774    0.0122814469187    0.0161460808211   -0.0213965551049    0.0017118436674    0.0005988997509    0.0035192874131    0.0016707810154   
-0.0156388267576    0.0344449287570    0.0050136742355    0.0138141756634    0.0037190327189   -0.0094517722291    0.0017758264808   -0.0024566907747    0.0108379503955    0.0031358296592   
-0.0154252443585    0.0336207053062    0.0064711804764    0.0138436511551    0.0163876528728   -0.0243296888431    0.0015128144899   -0.0013574349430    0.0077749436474    0.0004785714074   
-0.0154530689847    0.0342391267713    0.0052823689932    0.0163868505969   -0.0011817704647   -0.0001258103303   -0.0009459951845   -0.0001708214844    0.0055431138582   -0.0000667967837   
-0.0156866501744    0.0318621150450    0.0065393459855    0.0120573937040    0.0162328825755   -0.0253556562426    0.0001763442168   -0.0015346199680    0.0044293340548    0.0023577174869   
-0.0155326390395    0.0321269811484    0.0071651895448    0.0122419957121    0.0152790228931   -0.0247182732198    0.0023633921415   -0.0003455688894    0.0140652351431    0.0054048035623   
-0.0155820368744    0.0330559994326    0.0067623333819    0.0136792698006    0.0103731479896   -0.0184245403998   -0.0007616426368    0.0005461860669    0.0076916186930    0.0078167957139   
-0.0151809813165    0.0330521195474    0.0051966987311    0.0125160160039    0.0149614744826   -0.0243255899372   -0.0002588215638    0.0013070163520    0.0044192147787    0.0076345930114   
-0.0152223602787    0.0331753118679    0.0064799415443    0.0123113583920    0.0160307024500   -0.0301113635890    0.0036273654609   -0.0022371889129    0.0076535844140    0.0060178423269   
-0.0156813060396    0.0326956178472    0.0081772473872    0.0114562582417    0.0165045888497   -0.0264877325973    0.0000021655152   -0.0037110948482    0.0034335654702    0.0048553453345   
-0.0155723966936    0.0337790262206    0.0055568121527    0.0144011794323    0.0093498705356   -0.0201358000196   -0.0005651265232   -0.0016499779254    0.0064919048962    0.0025760034240   
-0.0153173499008    0.0328561755115    0.0052733025777    0.0138827126202    0.0142883038388   -0.0255308794468   -0.0005059298231    0.0003574254501    0.0084378751415    0.0080372593302   
-0.0159143008697    0.0337934041511    0.0043898775210    0.0145831022949    0.0033756628759   -0.0038304610047    0.0010110154321   -0.0020245744925    0.0028965706002    0.0017285242033   
-0.0154490842458    0.0339462924505    0.0048431276168    0.0157262424936    0.0011349828895   -0.0012494461659   -0.0005504216446   -0.0010894456867    0.0045415309944    0.0005624825253   
-0.0152896200426    0.0322311078141    0.0067989051873    0.0114171351731    0.0155647476417   -0.0288497583973    0.0012983329141   -0.0031226885449    0.0050990743450    0.0067544041497   
-0.0152696967639    0.0325224472967    0.0065685661465    0.0140475715526    0.0148750336054   -0.0268309299080    0.0013473055020   -0.0018785660240    0.0093990265873    0.0000934070838   
-0.0155372442741    0.0329521793991    0.0057178178628    0.0120798552497    0.0136295360242   -0.0245411354425    0.0003021209074   -0.0022636214602    0.0139833415402    0.0046967931223   
-0.0156137534201    0.0332887555209    0.0077002616331    0.0136306268112    0.0163553813615   -0.0270572138907    0.0007768350550   -0.0007522107648   -0.0002670196520   -0.0013052342244   
-0.0154729432970    0.0332835540867    0.0048689935375    0.0156833776981    0.0093015969581   -0.0149534951061    0.0014577988395   -0.0007604091232    0.0080831136838    0.0085389783636   
-0.0154808705138    0.0322152786693    0.0058015868090    0.0120003208264    0.0215016212821   -0.0278936161163    0.0019808581811   -0.0009028774695    0.0044596850276    0.0033316155052   
-0.0153358810853    0.0337015304363    0.0055400549217    0.0153196023630    0.0155705879748   -0.0233976859937    0.0015385049850   -0.0012114807851    0.0080063010495    0.0038998847959   
-0.0157330143150    0.0331664646784    0.0076365136464    0.0130198961284    0.0152851622038   -0.0219189757721    0.0011952227783    0.0018259532707    0.0114501688778    0.0008803320734   
-0.0153338279778    0.0318352000922    0.0072796833956    0.0124016568342    0.0189480659199   -0.0262458833564    0.0000799095188   -0.0006252812772    0.0090932593859    0.0070277633056   
-0.0157431065757    0.0336447474854    0.0054294636426    0.0159108168653   -0.0014711635622   -0.0056948109995   -0.0010920084728   -0.0015298463317    0.0009765400453    0.0018689890661   
-0.0152013562594    0.0341124801376    0.0045680869086    0.0173554137120   -0.0152254096152    0.0209826977068   -0.0020591113569   -0.0027860323808    0.0017409289866   -0.0047333619972   
-0.0154946712976    0.0335370599740    0.0057279072535    0.0150828859335    0.0056386954522   -0.0074671321145    0.0000323951186   -0.0001205315692    0.0061575875994    0.0029891408295   
-0.0154829433710    0.0335229314270    0.0056296190237    0.0161367598499   -0.0050852062002    0.0062076342908   -0.0003940587419    0.0000757787744    0.0051758754142    0.0037277350552   
-0.0155625873447    0.0342019875387    0.0058746087839    0.0134718076818    0.0028089291788   -0.0106326123660    0.0010298119633   -0.0023353614626    0.0032667229361    0.0067957100806   
-0.0153021207031    0.0345673795118    0.0071317614929    0.0164469582074   -0.0041271321471   -0.0012702658177    0.0003588449297   -0.0004242221088    0.0056675454980    0.0046263008490   
-0.0154417625825    0.0342799073559    0.0079055258629    0.0131510385362    0.0105789686394   -0.0174975381832    0.0017276401775    0.0026721502106    0.0022612057332    0.0051658728744   
-0.0153785634313    0.0340394220865    0.0063078932449    0.0139860123264    0.0016373484588   -0.0054507770174    0.0009875875173   -0.0037229008534    0.0055304639876    0.0021374069454   
-0.0154082836745    0.0328453481043    0.0076622857047    0.0140607749875    0.0179912396197   -0.0266351739616    0.0013018610673   -0.0012493738892    0.0098048244088    0.0038838050596   
-0.0150014573412    0.0341697298662    0.0050147144126    0.0170748018284   -0.0044850577225    0.0080170795862    0.0011950056047    0.0016437932239    0.0034239787263    0.0026828046701   
-0.0151752391902    0.0339674876025    0.0049515990402    0.0148404950394    0.0042000941338   -0.0067320379291    0.0010231131927    0.0006325225417    0.0094260380102    0.0030312318579   
-0.0150952090370    0.0332935502877    0.0046538582633    0.0146665945077    0.0023322125495   -0.0081491088151   -0.0021870913095   -0.0013401013901    0.0088088965951    0.0015660518903   
-0.0153281389336    0.0340680473439    0.0037811783232    0.0158806292731    0.0007993873473    0.0037056361931   -0.0007920790925   -0.0022268917402    0.0087610886908    0.0097535063846   
-0.0154436792063    0.0330547664052    0.0069055768906    0.0120999334261    0.0123836460491   -0.0244206172596    0.0022410614159   -0.0013010063936    0.0048507443222    0.0027589740964   
-0.0152231685966    0.0338284424188    0.0070419532844    0.0138228139016    0.0130379575615   -0.0180021154194    0.0009536229524   -0.0024470392259   -0.0000582005343    0.0067930773369   
-0.0149295194337    0.0310602363474    0.0062183139986    0.0117742341536    0.0155026345477   -0.0239770060479    0.0001955990858    0.0010744848003    0.0021409119299    0.0061909957604   
-0.0152958180671    0.0331325141644    0.0067401619472    0.0132002196648    0.0153471279545   -0.0243948101651    0.0007024335438   -0.0012679725640    0.0036929960239    0.0076694104397   
-0.0153342664083    0.0339716516667    0.0063340727600    0.0158644289811    0.0048816605924   -0.0088780150342    0.0000385234234    0.0026324224105    0.0040576450590   -0.0029286112206   
-0.0153398926439    0.0346274293731    0.0064510133234    0.0138248043717    0.0029528753838   -0.0090290604379   -0.0025268943164   -0.0025289237939    0.0090275940406    0.0024295163001   
-0.0154195631359    0.0327703165301    0.0054619776535    0.0129044684777    0.0161512609260   -0.0239455896175    0.0009411216789   -0.0018212612604    0.0032299680081    0.0052050429768   
-0.0153836982014    0.0318077728004    0.0057534418698    0.0126586316582    0.0132412269569   -0.0279515508798    0.0023172316027   -0.0026003793283    0.0053441634507    0.0081474356499   
-0.0153123931621    0.0319278222246    0.0058127642116    0.0127652392107    0.0125980137316   -0.0226557285596    0.0013957241379   -0.0017315834635    0.0068181787694    0.0084169772637   
-0.0151838141097    0.0342229409742    0.0062009663413    0.0160286478435   -0.0055251298510    0.0056456999372    0.0001397146869    0.0004259531272    0.0034891203539   -0.0022996617187   
-0.0156964484627    0.0335474304118    0.0067442961535    0.0140567824761    0.0148594811715   -0.0254331765076    0.0006248292062   -0.0027980751541    0.0018119836089    0.0043035270647   
-0.0154351794702    0.0333795203556    0.0063383808068    0.0145929888348    0.0067103922398   -0.0089021520527    0.0007663170633   -0.0020149386566    0.0107506855694    0.0025956267957   
-0.0153160445981    0.0340730959580    0.0054242506078    0.0157246005596    0.0045516744756   -0.0041365251708   -0.0000527873731    0.0012359935546    0.0076083962555   -0.0029649092759   
-0.0153211361191    0.0329432119758    0.0055847936145    0.0117633270773    0.0154820391474   -0.0254770328466    0.0017966398300   -0.0029426191401    0.0113308939709    0.0084688135258   
-0.0154706251448    0.0330815624088    0.0072917120646    0.0139240084126    0.0175788365154   -0.0283305690356   -0.0000597106642   -0.0024247784235    0.0057441972196    0.0057366711498   
 0.0361041520107    0.0038591935643    0.0009087006892    0.0003073138469    0.0033748487158    0.0009899872416    0.0114556698956   -0.0373533386638   -0.0046986966786   -0.0006374444968   
 0.0355379595281    0.0039235619125    0.0001792100747   -0.0001129975582    0.0034108875265    0.0046489771363    0.0093971378849   -0.0384040547013   -0.0017787043286   -0.0023961402101   
 0.0358219785815    0.0039670081754    0.0001946769361   -0.0002287725237    0.0029838963287    0.0019255400985    0.0106570757613   -0.0376643191393   -0.0009541048383   -0.0041208647746   
 0.0354147423058    0.0042679140531   -0.0004403416669   -0.0004841213216    0.0041063800387   -0.0001363249491    0.0146403548027   -0.0340608945461    0.0017208430855   -0.0061558347664   
 0.0354564998498    0.0041200586097    0.0004152446995    0.0000676680742    0.0021892040529    0.0014426643946    0.0090600157501   -0.0319427268680    0.0038806565959    0.0021106899566   
 0.0357924755965    0.0041047767862    0.0001943982688    0.0006514362794    0.0004749716355    0.0012395322722    0.0072779860121   -0.0296938341665    0.0025188590427    0.0009780440499   
 0.0354408834546    0.0042196197268    0.0000784881925    0.0003757053646    0.0023080797987    0.0033378619710    0.0093329731711   -0.0318142458670    0.0022988470315   -0.0012528304301   
 0.0358619790420    0.0039352113476    0.0012601976480    0.0001057797048    0.0018273217075    0.0040527034925    0.0094505204251   -0.0308302734726   -0.0003655291485    0.0046939538342   
 0.0362904065863    0.0040078582266    0.0012380543006    0.0013183375673    0.0037673558042    0.0059364613566    0.0203875284825   -0.0474873948777    0.0009761092695   -0.0117481617565   
 0.0363580621623    0.0042689885185   -0.0000270668722   -0.0009537418077    0.0054288534965    0.0022691577010    0.0121803186439   -0.0377598012250    0.0027482744216   -0.0021516093329   
 0.0355134740597    0.0041666844145    0.0000746683602    0.0005949121449    0.0020115636510    0.0034781394164    0.0107294186781   -0.0332688273729    0.0007480628966   -0.0067827941264   
 0.0358412602037    0.0040906560324    0.0006318318368    0.0002493232661    0.0029900150130    0.0017506971798    0.0119812289947   -0.0249294027687    0.0076351436710   -0.0019009038714   
 0.0353838378736    0.0037508106812    0.0004856201265    0.0006365056536    0.0031838484278    0.0016749502477    0.0150297044488   -0.0330569201578   -0.0021238810858   -0.0069866852744   
 0.0358591971343    0.0038263365665    0.0008286064400   -0.0003736086076    0.0028554832539    0.0016874511704    0.0126143558237   -0.0330713709352   -0.0039348347202   -0.0046677337671   
 0.0354245664102    0.0036158484185    0.0005416317770    0.0004463237718    0.0041808505435    0.0031202075116    0.0105576519735   -0.0343927669036   -0.0025950753972    0.0023183790311   
 0.0355522463628    0.0036497424586    0.0003799501196    0.0005524486926    0.0011148701876    0.0022690268173    0.0115564221004   -0.0317245425020   -0.0019604370824   -0.0015289293577   
 0.0357515408497    0.0037342766490   -0.0007656384888   -0.0005528286198    0.0019134334303    0.0014337397955    0.0051899270324   -0.0319931315686   -0.0007905865481   -0.0035385564402   
 0.0356855353676    0.0041555957748    0.0000543932748    0.0002495916522    0.0047329784481    0.0032993780171    0.0151848885221   -0.0349634867166    0.0059448634919   -0.0019676366029   
 0.0356768706437    0.0041831223414    0.0003085874100    0.0001342305348    0.0040019476498    0.0029911580937    0.0115185271849   -0.0353310554823    0.0020584745024   -0.0054356353996   
 0.0356965620537    0.0043431921533   -0.0003363265129    0.0005191082100    0.0040076219944    0.0041069448859    0.0156551038127   -0.0437321944637   -0.0000185681538   -0.0029352446667   
 0.0351350937160    0.0038486175069    0.0004344863130   -0.0004129217451    0.0055483530358    0.0026955714265    0.0103440797865   -0.0326875498746   -0.0045287510050   -0.0043737873190   
 0.0357260573980    0.0041481151899    0.0003152462464    0.0004271988509    0.0034973978545    0.0014937163564    0.0122246895826   -0.0324056773093   -0.0046526367418   -0.0011786215237   
 0.0359825864579    0.0046258985822    0.0008829043921   -0.0009153741117    0.0015076460388    0.0066408382281    0.0179507678268   -0.0350844138748    0.0041498309387   -0.0050611724817   
 0.0357629969453    0.0038554603121    0.0004001655640   -0.0006461266035    0.0030709181375    0.0034770381163    0.0077695873762   -0.0352465762622    0.0029719991193   -0.0027603593259   
 0.0359062427170    0.0037414160637    0.0008044055200    0.0007928484386    0.0016444186563    0.0022984661054    0.0133101565199   -0.0259486342460   -0.0022053925397    0.0000426086709   
 0.0355269380517    0.0039348848324    0.0004970073556    0.0000754823270    0.0037995623951    0.0017539333432    0.0116600484199   -0.0406669344056    0.0001744614384   -0.0026778921750   
 0.0352667880806    0.0042580018450    0.0006337174845   -0.0003931472189    0.0031762799401    0.0004458807640    0.0145257063535   -0.0322393106792   -0.0043864069438   -0.0012305196863   
 0.0358344888541    0.0042463066845    0.0003347384303    0.0003183561217    0.0025917516436    0.0025293948134    0.0179168980749   -0.0371731867072    0.0000274640679   -0.0089217741718   
 0.0358363071908    0.0038796386504    0.0009477825524    0.0007099628232    0.0026705691575    0.0029289679891    0.0121860101606   -0.0368658752326    0.0009076500660   -0.0050067178129   
-0.0154059255316    0.0328363675469    0.0055196686398    0.0102370503763    0.0386733674413   -0.0664199333275    0.0017258965593   -0.0014460245746    0.0001502313357   -0.0011154195348   
-0.0151029213053    0.0324950321789    0.0050618503185    0.0103343042220    0.0373992745551   -0.0621279963456    0.0016967099484   -0.0016411396219   -0.0036598483441    0.0042053517950   
-0.0153480294585    0.0328363953241    0.0058242594540    0.0100773043362    0.0383547970786   -0.0616958220538    0.0013745291070   -0.0017113407415   -0.0041829920511   -0.0048876643426   
-0.0149832236393    0.0331901688341    0.0060518702821    0.0118638321799    0.0366200227176   -0.0592667573487    0.0026788488447   -0.0004094292387   -0.0025137396111   -0.0038715813677   
-0.0156718791203    0.0330958196049    0.0047446118049    0.0114981353124    0.0282214353760   -0.0463350932722    0.0032813446103   -0.0021878528534   -0.0033347661563    0.0021615829125   
-0.0154721550613    0.0325907587334    0.0065487058149    0.0113394842974    0.0402112891348   -0.0654985305560    0.0023851218008   -0.0045376782196   -0.0081408034949    0.0001329393637   
-0.0151836227909    0.0326797641571    0.0063334999569    0.0098046044720    0.0370244722882   -0.0640058135004    0.0012264088017   -0.0030099880064   -0.0080690438999   -0.0030541786825   
-0.0152047358441    0.0327264720688    0.0074569209339    0.0111320722252    0.0387694635869   -0.0607587592931    0.0046119018108   -0.0001649039714    0.0000637765594    0.0021822261937   
-0.0150996467666    0.0323881136533    0.0051069976767    0.0109992913361    0.0360694104062   -0.0638623203178    0.0011373123193   -0.0014768651665   -0.0057719386763   -0.0055876934260   
-0.0150483793475    0.0326491978994    0.0057777527341    0.0097402530905    0.0349373316381   -0.0604225348308    0.0030562165851   -0.0031664330597   -0.0044435420082    0.0014835379918   
-0.0153683712124    0.0324159752646    0.0072629903578    0.0109351569971    0.0412235901225   -0.0634820022374    0.0022807580283   -0.0011964678120   -0.0039529580219   -0.0009138011040   
-0.0151708409542    0.0330645070594    0.0062696964653    0.0111896970309    0.0375898509411   -0.0641038404195    0.0012498164543   -0.0018466595623   -0.0043328425648   -0.0024600260131   
-0.0152159683625    0.0329852168137    0.0063578847578    0.0104323679413    0.0335835175088   -0.0531737256496    0.0025595329366    0.0015955603442   -0.0013260931160    0.0047686198341   
-0.0154367056291    0.0329467700758    0.0068707806013    0.0103475845413    0.0327878956740   -0.0597414216703    0.0013125852819   -0.0003945258267   -0.0049870746074   -0.0003012514135   
-0.0155469775863    0.0330989710071    0.0076582833673    0.0109025215557    0.0383039735211   -0.0596385562399    0.0017086992326   -0.0022703052403    0.0018347086998    0.0051811071118   
-0.0153891030779    0.0330016565457    0.0061721742977    0.0121928418481    0.0268665380946   -0.0445535658690    0.0043285933037   -0.0034781847957   -0.0027187593569    0.0022536795330   
-0.0150640054301    0.0329137347736    0.0058994799207    0.0109786942258    0.0414839955430   -0.0665707414253    0.0014622775440   -0.0018010271401   -0.0021849234914    0.0023424816815   
-0.0151951886364    0.0323395642900    0.0059676983483    0.0102185446541    0.0359748892795   -0.0679040693112    0.0008353599988   -0.0028448150754   -0.0053139188196   -0.0062120036678   
-0.0153347273450    0.0322858061260    0.0052344107399    0.0107678121362    0.0369446641407   -0.0561959076224    0.0030234804552   -0.0014912447871   -0.0028352428398   -0.0028816501404   
-0.0150091043066    0.0331131551088    0.0052310568575    0.0106033756646    0.0330894180974   -0.0583626097740    0.0018429065083   -0.0006115313835   -0.0014011956785   -0.0049361089754   
-0.0153592771594    0.0329610901155    0.0074740313787    0.0101571246266    0.0394711320687   -0.0598690790928    0.0001720534884   -0.0031164415591    0.0018124000271   -0.0016049267638   
-0.0151741078856    0.0327074155614    0.0061093244900    0.0104686811252    0.0372935719060   -0.0630060187092    0.0015763995687   -0.0010675545136   -0.0075678619808   -0.0081502347992   
-0.0153354665274    0.0329689744641    0.0059669798295    0.0114722929949    0.0401698300270   -0.0587470735534    0.0036193159907   -0.0010996900375   -0.0021924123233    0.0010152111660   
-0.0151597806969    0.0324801541203    0.0065772060573    0.0102323109522    0.0367121246358   -0.0615621573707    0.0023141170561   -0.0018191754980   -0.0049554003895   -0.0047788459075   
-0.0153487303830    0.0329513767767    0.0074058777300    0.0107214269858    0.0358269070131   -0.0566078544814    0.0021278045189   -0.0011520176918   -0.0061626563859   -0.0063176564384   
-0.0149831810482    0.0323276291596    0.0062243727481    0.0106464170190    0.0386886869781   -0.0667470041384    0.0013036777666   -0.0024867028160   -0.0020143829357   -0.0011608178089   
-0.0155212550640    0.0327689255457    0.0069954800114    0.0098702629349    0.0378227509909   -0.0648607201186    0.0004453652835   -0.0003845508786   -0.0036211020814    0.0019261788795   
-0.0151263533561    0.0332157126114    0.0065802088588    0.0103374192114    0.0420638639350   -0.0650290083696    0.0006554628589    0.0001379986609   -0.0006488931261   -0.0052313321305   
-0.0154070265188    0.0325329164832    0.0057619791155    0.0103515549157    0.0379289854699   -0.0625889984457    0.0009542222418   -0.0015986552549    0.0010868239280    0.0039057965156   
-0.0155069806977    0.0327598096532    0.0070314437710    0.0110212696542    0.0354169104204   -0.0596989241034   -0.0003571426726   -0.0033728145793   -0.0003735295154    0.0028239254498   
-0.0153736225342    0.0329213459737    0.0063104194066    0.0110643944782    0.0381469951828   -0.0598076065610    0.0019514932765   -0.0041580056832   -0.0081147290061    0.0002153464037   
-0.0152472144883    0.0325110218588    0.0081646555384    0.0092036902257    0.0380343914929   -0.0582354000932    0.0019175112345    0.0012362773370   -0.0037613054835   -0.0071401905944   
-0.0154981086645    0.0324583318076    0.0068826341525    0.0100816378879    0.0385536514436   -0.0597324891170    0.0031399815378   -0.0004723196758   -0.0020876566255    0.0064834693174   
-0.0154602718403    0.0331771179774    0.0061403517440    0.0116291977993    0.0351595312692   -0.0577508889699    0.0024893844840   -0.0013515443695   -0.0008359967469    0.0016958552162   
-0.0153306620580    0.0327819997574    0.0060067386027    0.0112126833235    0.0395180216965   -0.0615617622029    0.0031580652173   -0.0027899710212   -0.0064407118262    0.0034397916322   
-0.0152625855433    0.0335368287702    0.0062292358626    0.0120109206729    0.0276521264246   -0.0443257738013    0.0029108759381   -0.0013882791935    0.0001448567287    0.0037178727773   
-0.0152419626855    0.0324048653095    0.0069861892221    0.0100817439936    0.0354002610132   -0.0553792146663   -0.0007967558628   -0.0022857562629   -0.0021402518719    0.0005553471524   
-0.0151400380682    0.0325760837909    0.0053416467263    0.0115007410312    0.0402593100905   -0.0656391008690    0.0030159578633   -0.0008660612687   -0.0037929213177   -0.0022253899759   
-0.0152094451674    0.0326781950830    0.0066244141671    0.0110565888367    0.0351952063809   -0.0565595738199    0.0014326021303   -0.0003421061154    0.0011365351203   -0.0015726027458   
-0.0155662782163    0.0324789719661    0.0063203601616    0.0103644032822    0.0337476899348   -0.0577940618594    0.0038910494561   -0.0038112876282   -0.0025271362046    0.0001487154784   
-0.0153864745895    0.0324175332215    0.0053829844690    0.0100295052700    0.0375944463807   -0.0600620110628    0.0005043075304   -0.0010656910220   -0.0067341511985    0.0022259719984   
-0.0152197218710    0.0321361102165    0.0062004396852    0.0100634982509    0.0354492903021   -0.0590639959020    0.0027692454900   -0.0002194552742   -0.0053778804115   -0.0014834394705   
-0.0153850207096    0.0324482271343    0.0065434998811    0.0093927634544    0.0409020030219   -0.0647776009650    0.0011363498745   -0.0008099211352   -0.0063111215680   -0.0060603401688   
-0.0151017372543    0.0324416854089    0.0053844523301    0.0100266697907    0.0366963758709   -0.0663000422170    0.0037457383994    0.0003714378762    0.0007310720903    0.0003464855571   
-0.0152308166613    0.0326269305933    0.0067413884864    0.0102455769392    0.0352565633255   -0.0596268558671    0.0005969030522   -0.0006675119293   -0.0055856470875   -0.0052424848935   
-0.0148524469071    0.0325688558941    0.0069118094253    0.0114004808112    0.0356897589011   -0.0615985851543    0.0016781192965   -0.0029678510046   -0.0017118783304   -0.0012193765816   
-0.0154628119013    0.0322081209612    0.0071608033311    0.0100437863573    0.0324541019785   -0.0580675694295    0.0006005201259   -0.0045787950318   -0.0067641945370    0.0027192026713   
-0.0149609363409    0.0331228140565    0.0055168286334    0.0092558679341    0.0373074522489   -0.0612990454158    0.0043477251741   -0.0037112858467   -0.0057176673920   -0.0003170199779   
-0.0151419822940    0.0328445737167    0.0057366881493    0.0089677210761    0.0380504382362   -0.0647320774492    0.0029193657363   -0.0027431125228   -0.0042664071380    0.0053682706261   
-0.0150322722219    0.0333809471725    0.0061064642782    0.0107729250758    0.0324832651648   -0.0579778431889    0.0034426448900   -0.0028874296119   -0.0035918694651   -0.0018249351322   
-0.0152346551682    0.0329185866231    0.0067904467626    0.0114266245616    0.0372619048943   -0.0608310626960    0.0027416403118    0.0007913953246   -0.0062450944120    0.0029308510730   
-0.0153958780106    0.0325310786613    0.0060818717348    0.0104032386946    0.0369755925607   -0.0661350502864    0.0035747845646   -0.0017614757513   -0.0023195070944   -0.0034268125846   
-0.0152740925153    0.0326962161596    0.0063148182797    0.0106147950923    0.0349541158825   -0.0588179919299    0.0013116199398   -0.0001131705534   -0.0061792272151   -0.0002515451958   
-0.0152035551206    0.0330312959649    0.0054677348111    0.0109287580179    0.0394149770247   -0.0655543163977    0.0005073919758   -0.0018794738254    0.0001511833144   -0.0014496903089   
-0.0153591572427    0.0323686907687    0.0064967299655    0.0108346272066    0.0359252522690   -0.0591770420743    0.0024065748432   -0.0026883636396   -0.0020665744852   -0.0052756085619   
-0.0152539927368    0.0328539445676    0.0066319794458    0.0116261978290    0.0357282043713   -0.0608134601483    0.0010948086282   -0.0029278541992   -0.0012172005126   -0.0013200570024   
-0.0150951224980    0.0326995885801    0.0053679810438    0.0095334282169    0.0394097942409   -0.0661496043936    0.0030454696874    0.0016627473667   -0.0043017935998   -0.0057140209724   
-0.0152366932201    0.0325460529342    0.0055424989984    0.0099300979820    0.0337787028425   -0.0571317572696    0.0011611225304   -0.0031235239607   -0.0036621747868    0.0007693423123   
-0.0152896145700    0.0333793870473    0.0074040385857    0.0100802796940    0.0379310310067   -0.0618315431181    0.0020477497310   -0.0000170518223   -0.0018037320360   -0.0052035778019   
-0.0151782825254    0.0327407419493    0.0067635274981    0.0111507282633    0.0381672988111   -0.0599254487059    0.0031707696638   -0.0019378859431    0.0028533534114   -0.0008345569992   
-0.0153054222945    0.0321310532031    0.0052689460277    0.0113222085500    0.0365106803771   -0.0630850842449    0.0017472636997   -0.0019657659673   -0.0009719309422   -0.0011153173160   
-0.0152693641566    0.0330205456661    0.0077214734563    0.0102696110634    0.0369697000850   -0.0641238818460   -0.0004897915655   -0.0014616973733   -0.0096031156277   -0.0008837915210   
-0.0154944965336    0.0329825957820    0.0063000496030    0.0092246634908    0.0368435212254   -0.0640824345793   -0.0005282279018   -0.0026710855647   -0.0061205350168   -0.0010896938830   
-0.0150894010639    0.0329136430552    0.0063249469328    0.0116669072287    0.0352980092024   -0.0556435979237    0.0010483115630   -0.0004377345791   -0.0042325260802    0.0056269776802   
-0.0155975654899    0.0327720452288    0.0075518738160    0.0108370482584    0.0384979465459   -0.0643588228408    0.0005072068199   -0.0011105709577   -0.0022485780884    0.0031451454872   
-0.0154181539312    0.0325381123850    0.0059752047332    0.0118292538974    0.0344085694075   -0.0556365039622   -0.0000335744219    0.0011784360394    0.0025264985216   -0.0032354600495   
-0.0153467701445    0.0330441904799    0.0062950070696    0.0097410431031    0.0332288568382   -0.0557876350763   -0.0002351229720   -0.0021038789379   -0.0033740273559    0.0030356640568   
-0.0154976445850    0.0330842786249    0.0070277529675    0.0114474177950    0.0389995081226   -0.0610819997519    0.0014064556560   -0.0019668722435    0.0023497020200    0.0020731639706   
-0.0151013026080    0.0324044940202    0.0059066022835    0.0108101902323    0.0385514011983   -0.0596876939103    0.0025030484134   -0.0016788544978   -0.0031511792764   -0.0002182888347   
-0.0152349802453    0.0325220798487    0.0060852138040    0.0094940038939    0.0399644276392   -0.0616687593136    0.0003260724410   -0.0007440910548   -0.0049290378826   -0.0022762933944   
 0.0332937744988    0.0033323578250   -0.0003972701643    0.0007732916964   -0.0071732573811   -0.0033585497150    0.0647408728075    0.0612804729996   -0.0023388406493    0.0047696725440   
 0.0325594506008    0.0031691228454   -0.0004964879533    0.0001465692708   -0.0079142724322   -0.0031489704353    0.0617607966364    0.0699754235400    0.0040538280848    0.0064874855612   
 0.0321691608267    0.0023538072410   -0.0003074433823    0.0011100299196   -0.0040085561588   -0.0035836557184    0.0573267508686    0.0702232701510   -0.0011774600941    0.0051755946790   
 0.0333367208724    0.0035485135911    0.0002539099449    0.0003551684044   -0.0068943203025   -0.0028137037328    0.0628333866784    0.0583771134323    0.0001814273383    0.0026809380748   
 0.0326280822308    0.0028351973398   -0.0010655989456   -0.0002647931430   -0.0054353785654   -0.0010810663937    0.0589605263536    0.0610923421567    0.0030463355315    0.0023854072019   
 0.0330906750101    0.0033124869311   -0.0002551180102    0.0007327883800   -0.0071639566542   -0.0024776290244    0.0709582071781    0.0684919746367    0.0163717984511    0.0056532157559   
 0.0324760159346    0.0027221734857   -0.0002957831508    0.0008370464300   -0.0058646989347   -0.0029689129531    0.0647851503245    0.0732442745076    0.0116101517636    0.0109046461483   
 0.0314737146368    0.0023694567501   -0.0009936144156    0.0005931374420   -0.0089934992551   -0.0079324169308    0.0621632369319    0.0661057161532    0.0006199683202   -0.0017359773629   
 0.0317611050410    0.0025792811967   -0.0007667039623    0.0005814723475   -0.0056620230185   -0.0042995428770    0.0627556098582    0.0767166955857    0.0080955390501    0.0019330481788   
 0.0324871276384    0.0030994461456   -0.0003954862845    0.0008296859124   -0.0063782956606   -0.0009444812810    0.0614326744703    0.0676456471887    0.0021579862059    0.0024270351043   
 0.0319203930072    0.0026193006233   -0.0009404795026    0.0010785245726   -0.0054940842177   -0.0046897388086    0.0602468678615    0.0629548760963   -0.0009012009107    0.0057777571506   
 0.0324799579977    0.0027529878828   -0.0007001553497   -0.0001487004985   -0.0059573614421   -0.0067862448816    0.0638716208790    0.0630536426893   -0.0037433839935    0.0064751993122   
 0.0328239628228    0.0029723382377   -0.0003623535798    0.0005366469879   -0.0058420178008   -0.0027507127541    0.0556381302422    0.0656455657429   -0.0015585421044    0.0066852151787   
 0.0324095773963    0.0030047440934   -0.0004787080723    0.0013316403574   -0.0084677346664   -0.0072727541815    0.0706032139363    0.0807857806414    0.0013685945687    0.0044011168632   
 0.0331228249325    0.0031006679541   -0.0000478022032    0.0007215971014   -0.0054513704733   -0.0039068228772    0.0619179186448    0.0662113988313    0.0049980092981   -0.0032096200126   
 0.0323168032320    0.0032905457330   -0.0004937730142    0.0000440039676   -0.0068275449234   -0.0027615558647    0.0578712365293    0.0645749222544    0.0040183528973    0.0020660568918   
 0.0323998183313    0.0029553136482   -0.0008328026935    0.0005085500982   -0.0059672144956   -0.0057501885980    0.0591031780554    0.0700143437944   -0.0006586904422   -0.0020215170400   
-0.0151548434956    0.0326399219006    0.0068308483900    0.0101822198144    0.0381532113823   -0.0605741949013    0.0017966999664   -0.0013900091982   -0.0063998569978    0.0002394280329   
-0.0153688653786    0.0332509072396    0.0059713198815    0.0098956674170    0.0397726008797   -0.0626442133726   -0.0004773014093    0.0014300143539   -0.0041732627535    0.0045568135436   
-0.0151768948878    0.0317959189609    0.0045679033454    0.0101602872207    0.0432976204322   -0.0674300299768    0.0022192987860    0.0007800073554   -0.0123674132753    0.0000556285684   
-0.0154375436936    0.0322762176158    0.0048485306927    0.0106500411717    0.0366500609051   -0.0564912298813    0.0008167997855   -0.0014322691498   -0.0013465990197   -0.0019033823798   
-0.0151761534609    0.0325258930236    0.0063892499009    0.0106988644737    0.0353815552813   -0.0594301602312    0.0005422411333   -0.0035937854058   -0.0077994754012   -0.0006239252832   
-0.0154244778751    0.0322148381711    0.0059993767836    0.0103126446802    0.0358777633469   -0.0633180301265    0.0017426341702   -0.0025451005308   -0.0004012008329   -0.0046053202937   
-0.0153292998336    0.0324709625900    0.0070407612128    0.0094809267114    0.0383386616064   -0.0609704343937    0.0022726635907   -0.0033038895176   -0.0022201093382   -0.0017524312589   
-0.0151051454629    0.0326085190761    0.0070032025573    0.0098787602652    0.0350745937259   -0.0569872950030    0.0032317034154   -0.0045506923116   -0.0020190353421    0.0004575964932   
-0.0153004163130    0.0329277916140    0.0060033603622    0.0106287141551    0.0338696547940   -0.0609734764307    0.0017739262259   -0.0007651135322   -0.0038729608427    0.0021601073999   
-0.0152310149554    0.0330035363909    0.0056821444797    0.0110422527906    0.0334948634527   -0.0557954931888    0.0019957139293   -0.0039056633842   -0.0015944435107   -0.0014019924760   
-0.0151046913348    0.0321697277511    0.0066259538711    0.0107594642431    0.0364218720212   -0.0632441686445    0.0031609520186   -0.0001515720192    0.0005586455722   -0.0056293622295   
-0.0151626648364    0.0329789478507    0.0065728901243    0.0105577274369    0.0390722845261   -0.0612803958192    0.0027005050770   -0.0024365834144   -0.0045627848479   -0.0011522103905   
-0.0152604248272    0.0332561766443    0.0061163865445    0.0119731217928    0.0360764391911   -0.0577623075866    0.0018220172482   -0.0020969951581   -0.0037761629223    0.0003802662293   
-0.0156667151504    0.0330677214367    0.0080875236000    0.0104830959613    0.0357011664727   -0.0558287831074    0.0018938583570   -0.0003514180869   -0.0046830784649    0.0016439856502   
-0.0152211625674    0.0326283072827    0.0056561598187    0.0103448851575    0.0367855562412   -0.0582422763583    0.0009039680725   -0.0014181581824   -0.0002377213672    0.0009470727039   
-0.0151798540094    0.0325318496354    0.0053168391270    0.0110230525788    0.0322549456657   -0.0547587837451    0.0027999889052   -0.0004927873831   -0.0027102517290   -0.0003056165723   
-0.0155333876971    0.0332538296155    0.0070344883919    0.0100001058729    0.0352727308729   -0.0554319481304    0.0019170788126   -0.0006528738273   -0.0051013060169   -0.0051314993735   
-0.0155938303922    0.0324995563203    0.0065887620219    0.0114093940166    0.0324934483013   -0.0564568169000    0.0007338584180   -0.0005969457624   -0.0016410693101   -0.0052910811540   
-0.0157511846101    0.0321646178529    0.0062130047047    0.0110976362256    0.0356041145202   -0.0559046782184    0.0004229454913   -0.0034848163496   -0.0110165395301    0.0035963930754   
-0.0153861599665    0.0329442650418    0.0062648039527    0.0102455619208    0.0365920778989   -0.0562130252443    0.0018238293509    0.0014290300307   -0.0047178563764   -0.0035955417265   
-0.0153774537457    0.0327263828243    0.0052549546554    0.0105473421842    0.0370087410667   -0.0604717299284    0.0016397741641   -0.0015154682817    0.0015647470332   -0.0012183623096   
-0.0149700991237    0.0331423779671    0.0062981832319    0.0092287583394    0.0340090295636   -0.0593102210685    0.0014810230150   -0.0018693490065   -0.0066832857370   -0.0004397819311   
-0.0150575656348    0.0330884616794    0.0062709460206    0.0120833147765    0.0381039139209   -0.0577545117926    0.0009752535463   -0.0026961217436   -0.0025439023074   -0.0014727956122   
-0.0155037817876    0.0322393553232    0.0064598390735    0.0093292973030    0.0383553112890   -0.0640792421166    0.0020980592466   -0.0032885484708   -0.0018353184618   -0.0063800897255   
-0.0151082883804    0.0329225050330    0.0053276626789    0.0107964255496    0.0362320908827   -0.0592115242913    0.0028309979466   -0.0008802796654   -0.0025244403715   -0.0042068180853   
-0.0150857156767    0.0323308663402    0.0067271943997    0.0109492715965    0.0365827472388   -0.0641961290311    0.0009121349223   -0.0037469652784   -0.0075980294924   -0.0016946252042   
-0.0152795039749    0.0327928826405    0.0069400096323    0.0110635269875    0.0335559969508   -0.0599511815513    0.0015869935321    0.0014947862328    0.0019685094076   -0.0012412852127   
-0.0153062839473    0.0323889629856    0.0055799339229    0.0090858997169    0.0356996972545   -0.0640054526146    0.0016391799256   -0.0037109961263   -0.0026497975610    0.0006766007062   
-0.0151669529353    0.0328614087880    0.0061531684165    0.0109198199030    0.0384001923113   -0.0625247388040    0.0018091222892   -0.0037677438331   -0.0038072702508    0.0050347014969   
-0.0155951475030    0.0329361304419    0.0074985488790    0.0103082785684    0.0339388748002   -0.0581396149659    0.0025146339265   -0.0037664035978   -0.0021731778658    0.0052066868494   
-0.0153911660272    0.0329836642164    0.0067062058668    0.0110739230848    0.0362167892480   -0.0596001160727   -0.0005449139502   -0.0018287098363    0.0001954315521    0.0057527669743   
-0.0152375648330    0.0322813169528    0.0061979012674    0.0106708455566    0.0381900444626   -0.0651215799874    0.0018752506749   -0.0007559217524   -0.0099995121455    0.0010113271593   
-0.0153105315878    0.0326118459348    0.0058743484627    0.0114800616148    0.0293986052212   -0.0591079406107    0.0005963538945   -0.0040733586018   -0.0024926891708    0.0049128844357   
-0.0153195774023    0.0327729174967    0.0055323739029    0.0102572137145    0.0394095936144   -0.0618501204606    0.0008785162161    0.0007567697733   -0.0079932618233   -0.0049274818221   
 0.0358781685730    0.0041844410372    0.0005493984922    0.0006731162027    0.0030825931445    0.0009779556507    0.0114466372227   -0.0287709201190   -0.0026640955286   -0.0051147171692   
 0.0351836609639    0.0042126800109   -0.0000559508939    0.0003808999131    0.0046654206943    0.0038017966647    0.0155540930463   -0.0388829080226   -0.0048766578576   -0.0019221975553   
 0.0358877179367    0.0043274280234    0.0005572554951   -0.0001142013685    0.0035631652880    0.0050594698809    0.0209349472530   -0.0350095085017    0.0007348151737   -0.0037282429178   
 0.0356644935547    0.0040761354070    0.0000139856357   -0.0007513760446    0.0042368507054    0.0035509915046    0.0082331208577   -0.0353157526774   -0.0011343479865   -0.0056236528980   
 0.0355482206679    0.0042517148819    0.0001696844118    0.0005841907705    0.0043776880197    0.0044172888849    0.0109318845082   -0.0356014052269   -0.0013894143073    0.0022733502950   
 0.0360649865033    0.0040755692685   -0.0005540744797   -0.0005299442195    0.0037366457256    0.0018038944811    0.0077616713405   -0.0339918006136   -0.0040419567416    0.0022003355169   
 0.0361355799229    0.0040282075832    0.0002387806709   -0.0000987359184    0.0037581956127    0.0004106908961    0.0107871186511   -0.0371269497353    0.0055187350764   -0.0036293493398   
 0.0353224847671    0.0035458578829    0.0003962516076    0.0008770702783    0.0043943433134    0.0029733831713    0.0193989978567   -0.0402421244767   -0.0088193737936   -0.0081013609899   
 0.0355426570076    0.0041301921300    0.0006275504554   -0.0000377698662    0.0043080952244    0.0019491300182    0.0099823307414   -0.0300326158398   -0.0024172285603   -0.0126701802298   
 0.0356316711705    0.0045421140669    0.0004643386294    0.0008845942630    0.0032183356189    0.0031924932400    0.0147141170345   -0.0374047145937   -0.0039512919435    0.0006684681875   
 0.0357905753758    0.0038215661382    0.0005814063563    0.0003855101588    0.0021290737291    0.0030610652356    0.0114671648088   -0.0343481852946   -0.0023241938507   -0.0004665847116   
 0.0357167504278    0.0039597965676    0.0006228817157    0.0007203259015    0.0031816193073    0.0042680430616    0.0157896403711   -0.0425606301864   -0.0010654395046    0.0008618653059   
 0.0358973520822    0.0041835741328    0.0002485307233    0.0002007655358    0.0033070410778    0.0041354232577    0.0126288874779   -0.0366514009548   -0.0012042275699   -0.0026305920000   
 0.0346119221166    0.0032835770132    0.0008568158918    0.0005247322872    0.0009571492614    0.0021401850268    0.0084707196091   -0.0261043725095   -0.0054110569192   -0.0086549737385   
 0.0358947159174    0.0042820127065    0.0000516535568    0.0000019389187    0.0008653396634    0.0025522175283    0.0160256679098   -0.0372636862398   -0.0016926381785   -0.0127716764857   
 0.0356183084426    0.0040268641545    0.0004114990559    0.0001072045206    0.0011486128662    0.0032059306836    0.0135093431495   -0.0371983795870   -0.0040215758989   -0.0004010776391   
 0.0353298698100    0.0038306358498    0.0006684423847    0.0002491282922    0.0031875939398    0.0002905316595    0.0098628316687   -0.0311634343087   -0.0037250467354    0.0031242414862   
 0.0356565745643    0.0043577926127   -0.0000323978726   -0.0000072248297    0.0025973116608    0.0005586294975    0.0134409209522   -0.0393529040274   -0.0037435343380   -0.0074428535487   
 0.0360065357459    0.0040946038963    0.0003497235865   -0.0006603998734    0.0034481251212   -0.0005103246197    0.0128303896129   -0.0300613674991    0.0008523496684    0.0034754612636   
 0.0357009432386    0.0037847474098   -0.0001702956616   -0.0006083923172    0.0050179234663    0.0039414370864    0.0140271286570   -0.0363641373228    0.0003096779942    0.0025688822678   
 0.0356264295097    0.0037094598590    0.0006853298343   -0.0001286163856    0.0009152858580    0.0028102166901    0.0134793099195   -0.0376158620162    0.0086386577864   -0.0024502915327   
 0.0355873876226    0.0040939184426   -0.0006399617494   -0.0000435984389    0.0050895525675   -0.0012769353220    0.0118051567195   -0.0371974404561   -0.0037647413025   -0.0018314915319   
 0.0358264986690    0.0038632875237    0.0002567243127    0.0000043989074    0.0017478141381    0.0029297718298    0.0110429749710   -0.0333062834361    0.0039112762629   -0.0041492624086   
 0.0356938214868    0.0043098903461    0.0000458437464    0.0000334073356    0.0044596913679    0.0013821883309    0.0094552811550   -0.0356151033697    0.0070287305540   -0.0031338237724   
 0.0359346862206    0.0042719538377    0.0003059026033   -0.0001996604958    0.0010428983110    0.0042106394056    0.0123740266703   -0.0380534487377   -0.0022194711392    0.0006791726502   
 0.0359077620215    0.0039215921919    0.0001070578226   -0.0007238309934    0.0023852249960    0.0004313212035    0.0122351003381   -0.0328183233073   -0.0007840511212   -0.0052429145818   
 0.0361732644724    0.0041217121186    0.0003442490026   -0.0001129852246    0.0047672928320    0.0017634210169    0.0147609832334   -0.0381004938250   -0.0013566469563   -0.0029994682443   
 0.0354146779673    0.0045336277944   -0.0007005892395    0.0001931804903    0.0023811051168    0.0019794774398    0.0136035059466   -0.0381849638015   -0.0047895010789   -0.0050329022560   
 0.0357814290380    0.0040007615303    0.0008001791434    0.0002185062007    0.0034583178479    0.0041315557122    0.0131099838068   -0.0380093888643   -0.0000023053240    0.0062966668133   
 0.0356155024281    0.0045515693600   -0.0003945886920   -0.0002162700678    0.0000892896183    0.0017547680140    0.0140058904460   -0.0350758778581    0.0024201155053   -0.0021876752534   
 0.0358077117109    0.0040140871022    0.0010027142221   -0.0000067255727    0.0029662492026    0.0028127324129    0.0111314504107   -0.0421665495639   -0.0019187191808   -0.0020574167312   
 0.0354418486329    0.0043374869318    0.0011448756554    0.0006077817993    0.0006822012345    0.0049696846955    0.0108371690988   -0.0327293841061    0.0054069033016   -0.0067131743298   
 0.0358801593797    0.0039534303777    0.0006169409683    0.0007865307714    0.0047235340495    0.0025996062569    0.0173025468203   -0.0406524201353   -0.0037637114798   -0.0037541988798   
 0.0357406012696    0.0040332621514    0.0000136774668   -0.0007015802493    0.0023157099160    0.0020177005289    0.0125748276745   -0.0315863910018    0.0035708059227   -0.0014177779457   
 0.0354439102446    0.0042886344552    0.0005670438080   -0.0002288241589    0.0034140722935    0.0025983636020    0.0192085365847   -0.0401645166136    0.0009336464450   -0.0076431943632   
 0.0356074293119    0.0037671568514    0.0005451709865    0.0001089912300    0.0035167282577    0.0030245832296    0.0170352320747   -0.0375924450219   -0.0050771807761   -0.0006669850265   
 0.0355774459308    0.0036129662394    0.0002806639015   -0.0002265726210    0.0049580268083    0.0002689741055    0.0115058055965   -0.0359560829099    0.0009422561208    0.0009241332778   
 0.0355077961089    0.0043777920586   -0.0003401241131   -0.0010045109734    0.0011887244460    0.0043938970991    0.0142234249580   -0.0344836432770   -0.0001775477900   -0.0082665076593   
 0.0354824240303    0.0041110932613    0.0006101985911    0.0006721734447    0.0027631860220    0.0041869696586    0.0167619783868   -0.0411205360730   -0.0023319886591    0.0003898295613   
 0.0357461473108    0.0039455531543    0.0006172569063    0.0005251644303    0.0024659607438    0.0025565320671    0.0153862038421   -0.0384237530227    0.0005584753278   -0.0076926346360   
 0.0357203174568    0.0041418924179    0.0003411871132    0.0005034922986    0.0047076463761    0.0047075835217    0.0152288349507   -0.0421019461234   -0.0025056363224   -0.0023394708026   
 0.0361530471056    0.0037462147750    0.0004932192389   -0.0000254158812    0.0033641401330   -0.0008487528081    0.0206277087178   -0.0370845526056   -0.0035952908299   -0.0027146324376   
 0.0356263612668    0.0041906842390    0.0006455487241   -0.0001511073457    0.0037254830153    0.0045476727437    0.0120695014528   -0.0344730958035    0.0052577435316   -0.0073509792842   
 0.0360133082222    0.0039570876528    0.0008236136556   -0.0007698642229    0.0037014191604    0.0039930095580    0.0136240158616   -0.0436332450958    0.0021463414740   -0.0033613572494   
 0.0357006352472    0.0044362803222    0.0010150090804    0.0002093528087    0.0044529947148    0.0007979273330    0.0123569512767   -0.0406970268811   -0.0021456841129   -0.0031427005537   
 0.0358103217244    0.0042418299919    0.0008633104845    0.0003141678741    0.0035649757528    0.0043661966089    0.0126552253991   -0.0346652082298    0.0035460844587    0.0008544427490   
 0.0357787452057    0.0037047602582    0.0001447436017    0.0001708029262    0.0040129898173    0.0050061093740    0.0092301279544   -0.0411803454697   -0.0057073082218   -0.0038189884177   
 0.0354558315758    0.0039374730056    0.0008580260505   -0.0003555423199    0.0048204356550    0.0020002689676    0.0147226839337   -0.0349697531350   -0.0028999712620    0.0033694496800   
 0.0356458925321    0.0042508025057    0.0003521760611   -0.0013285855386    0.0001079271915    0.0044092740589    0.0142373861509   -0.0359759534865   -0.0086880025052   -0.0047877982796   
 0.0357712978953    0.0042809819050    0.0005286264110    0.0001198362889    0.0044394627396    0.0001937337133    0.0160304295679   -0.0355238872512    0.0014512043015   -0.0002366732890   
 0.0356844874530    0.0044571345005    0.0005198451299    0.0007909276536    0.0020623744677    0.0040255317410    0.0189268787431   -0.0403901352475   -0.0088952511985   -0.0047893414192   
 0.0355515008329    0.0045076244589    0.0011599931073    0.0006935998450    0.0015717914931    0.0026922434052    0.0179724125252   -0.0441859548125    0.0003652501674   -0.0075542220959   
 0.0357744684622    0.0038321760546    0.0004476929203   -0.0000500298289    0.0041543706975    0.0025068964197    0.0151577962087   -0.0357551891295   -0.0029043194238    0.0025486998292   
 0.0359880605081    0.0038402908275   -0.0002446361359    0.0004347492953    0.0026503775005    0.0029681471768    0.0115776241015   -0.0336450750515    0.0017205767639    0.0018472884989   
 0.0351293470066    0.0040740396465    0.0002560468779   -0.0005187843229    0.0041110847530    0.0009692384032    0.0163063626211   -0.0356616832438    0.0038055320707   -0.0068501308744   
 0.0360695898672    0.0041205963856    0.0002172480026    0.0011451482344    0.0045893856208    0.0031340153786    0.0121858217498   -0.0319136784857    0.0027087800750    0.0006490412640   
 0.0352993205347    0.0040250249004   -0.0002957812765    0.0002926004380    0.0011099461613    0.0017211610449    0.0113819646035   -0.0377184033030   -0.0044089934878   -0.0045575147986   
 0.0358617795802    0.0039798426043    0.0004667647907   -0.0003774422331    0.0002110551738    0.0016386810702    0.0076736002063   -0.0321887229575   -0.0033016861912   -0.0030876392526   
 0.0355968234401    0.0043440159610    0.0001586146075   -0.0002100550985    0.0030522223665    0.0024515477195    0.0185632877250   -0.0358294465916    0.0002129888971   -0.0061506858268   
 0.0356394932107    0.0039502477067    0.0002165701313    0.0009114505345    0.0007407081454    0.0024400412552    0.0172339000484   -0.0393044246558    0.0002464411542   -0.0061133135534   
 0.0321266813829    0.0029562799856   -0.0011989816712    0.0012811860766   -0.0081373342425   -0.0029922678089    0.0701562158873    0.0786196079353    0.0030425787531    0.0037061976016   
 0.0326914249627    0.0029101736234   -0.0002673375589    0.0000474934215   -0.0073319338760   -0.0016593824279    0.0613043678623    0.0649410651104    0.0021032929192    0.0036214681437   
 0.0326552895926    0.0028034319733   -0.0009389251237    0.0004764149909   -0.0051314040487   -0.0022103695774    0.0613696962738    0.0619084915248   -0.0020844691975    0.0004603326850   
 0.0330645939919    0.0036185157887   -0.0007246249720    0.0000209746137   -0.0044108978785   -0.0013103242427    0.0676480489530    0.0608607736529   -0.0016025343609    0.0001423647002   
 0.0328433232634    0.0029052324219   -0.0001781577294   -0.0006379062119   -0.0081874277865   -0.0058348723382    0.0687656535763    0.0737188330730   -0.0010456110079   -0.0026828582188   
 0.0311058900087    0.0023593849844   -0.0008908114944    0.0012271301193   -0.0075419438325   -0.0043854031741    0.0638852264618    0.0676572592610    0.0048429584142    0.0045816695549   
 0.0316738842801    0.0024076190971   -0.0001317896981    0.0000653271298   -0.0082606455965   -0.0041079149839    0.0615529593201    0.0634613846329    0.0044093053872    0.0037234837134   
 0.0320057650930    0.0029388982544   -0.0008578194852    0.0003748728738   -0.0087865595409   -0.0035575644478    0.0677016346218    0.0724504795673    0.0007283563314    0.0007585683162   
 0.0331847620710    0.0033307903168   -0.0006754411930    0.0004012984953   -0.0045016464820   -0.0039075055416    0.0645392192456    0.0696599666097    0.0028858799278    0.0086604508331   
 0.0328052360669    0.0029974978587   -0.0007494738375    0.0012371303138   -0.0059386931909   -0.0052255946413    0.0724675920620    0.0706740585377    0.0094784439229    0.0111390030066   
 0.0324411881387    0.0029579413606    0.0004132359230    0.0009048482648   -0.0076645811254   -0.0047658849843    0.0598777399102    0.0636400172225    0.0014501662613   -0.0067261404497   
 0.0324895325557    0.0028398853979   -0.0009113445704    0.0007942902336   -0.0082509403671   -0.0054075659416    0.0742965192656    0.0787155631006    0.0042290885138    0.0061890142884   
 0.0322587335810    0.0029767635794   -0.0003147272516    0.0011719873936   -0.0059049688804   -0.0029396558559    0.0616048984095    0.0656819818444    0.0077220733948    0.0080540320495   
 0.0312153976281    0.0024783776551   -0.0015620001402    0.0012218623624   -0.0050698724152   -0.0041395877275    0.0582870115440    0.0653471670291   -0.0006478403645   -0.0078437517799   
 0.0326145476946    0.0031638847383   -0.0005953678395    0.0002008014235   -0.0052062655839   -0.0050305548700    0.0549591924384    0.0628742260189    0.0054072041818    0.0034215791451   
 0.0311827995347    0.0025328101648   -0.0001773647269    0.0012654370346   -0.0104687211381   -0.0068287350032    0.0596219219069    0.0717415922100    0.0006446574241   -0.0021843929418   
 0.0325721241448    0.0028682506532    0.0007987060889    0.0013885674258   -0.0037860373089   -0.0034881688994    0.0655655286817    0.0734491721108    0.0032698023663    0.0107049189097   
 0.0323526065081    0.0029020512546   -0.0007757015703    0.0005758267182   -0.0061297978097   -0.0042068368686    0.0611526547133    0.0693713816896    0.0067137628907    0.0033736304224   
 0.0322884670511    0.0031725157567   -0.0010652245818    0.0009517231572   -0.0077352187016   -0.0027510968979    0.0602294841919    0.0624150942899   -0.0006992025548    0.0055123518394   
 0.0321590382120    0.0027415484490   -0.0003553079098    0.0006142060804   -0.0048854221882   -0.0051882446685    0.0593536876489    0.0691088348915   -0.0023521717499    0.0000296485285   
 0.0331462087714    0.0032612997200   -0.0005168393835    0.0003794626726   -0.0047890365035   -0.0057468697280    0.0639608614554    0.0677235630496    0.0000043257142   -0.0040460584584   
 0.0322334419623    0.0027993742831   -0.0004973874350    0.0013568989280   -0.0092773761556   -0.0039111344988    0.0695389147655    0.0760032425522    0.0063589769175    0.0065870869908   
 0.0321874058434    0.0028966852340   -0.0000619109100    0.0012097815139   -0.0069562940072   -0.0061002238099    0.0659565731822    0.0775329089270   -0.0014632403619    0.0025055720441   
 0.0330150036182    0.0033695977960   -0.0000552268972    0.0010404642520   -0.0063679880360   -0.0060843452656    0.0615607340791    0.0696223166581   -0.0014401810149    0.0071542490239   
 0.0321482996285    0.0027633742175    0.0004819884398    0.0007202073111   -0.0048380089734   -0.0038535759964    0.0614892977546    0.0690144694651   -0.0061315061843    0.0007253378161   
 0.0325543457865    0.0032438326650   -0.0009814829671    0.0009528706595   -0.0055571674954   -0.0012718514371    0.0627224810831    0.0686219105187    0.0000066271613    0.0018406834926   
 0.0328367022744    0.0030121977689   -0.0004204870120    0.0007779472917   -0.0074211118271   -0.0044132176358    0.0556213543862    0.0650400044291    0.0022724455702    0.0068703872964   
 0.0320630624271    0.0032480488787   -0.0008223168621    0.0006079238195   -0.0064786178165   -0.0070251651970    0.0633660174878    0.0726676736893   -0.0009356629076    0.0012590412685   
 0.0321328664863    0.0028281827796   -0.0000865402562    0.0004522624079   -0.0094116955513   -0.0039110067738    0.0718182780375    0.0699631305856    0.0025984123721    0.0001936747086   
 0.0333275165354    0.0034621833380   -0.0010520783037    0.0007388703487   -0.0079753620929   -0.0070880346452    0.0750050280678    0.0860161146905    0.0116851124558    0.0113638362055   
 0.0328249352623    0.0025757495152   -0.0005304415701    0.0007232652174   -0.0067026061262   -0.0034324412040    0.0614180835842    0.0675202692884   -0.0035404864734    0.0055878491189   
 0.0325434258373    0.0029069159249    0.0002121564910    0.0010831457354   -0.0042843157468   -0.0056168394645    0.0615465836985    0.0627813151368   -0.0013976507263    0.0041827916693   
 0.0328548977545    0.0028155990099   -0.0010478780034    0.0010349955051   -0.0088244913287   -0.0029697597893    0.0630655056815    0.0618756255838    0.0061541635557    0.0033366124777   
 0.0316281627429    0.0030626470174   -0.0009432010842    0.0009724820932   -0.0082963243919   -0.0023329701456    0.0612801068927    0.0703520973847   -0.0001139493283    0.0044386891346   
 0.0320298092875    0.0030780871381   -0.0003647855462    0.0006615824163   -0.0076285914309   -0.0052724771061    0.0593961463050    0.0767568743789   -0.0020907373485    0.0020284297355   
 0.0336940086521    0.0032858102423   -0.0000081424554    0.0008826039229   -0.0047226817094   -0.0024913587671    0.0726760408724    0.0703586833531    0.0080650518188    0.0040198658837   
 0.0320109812641    0.0025333632106   -0.0008075314200    0.0012423500068   -0.0075048970552   -0.0042211551533    0.0621090578422    0.0722547572593    0.0033757900804    0.0044686053886   
 0.0322738355026    0.0032517663615   -0.0001402843781    0.0007378650055   -0.0069175299214   -0.0023398771629    0.0636767522083    0.0667270440066   -0.0004990964063   -0.0019976928095   
 0.0335153276533    0.0033180313173   -0.0009300253879   -0.0000488164917   -0.0044669579654   -0.0033149333945    0.0639702369184    0.0603145005045   -0.0021598510701    0.0011450757643   
 0.0323924379129    0.0031719254350   -0.0004711369864    0.0010972659873   -0.0057429779771   -0.0029115316469    0.0622205380666    0.0742411004370   -0.0009009026502    0.0086234828044   
 0.0324919312090    0.0031438978074   -0.0000343198856    0.0005235177825   -0.0068394419035   -0.0021466505431    0.0645107932445    0.0687143926403    0.0008158656007    0.0036838688489   
 0.0317396495691    0.0027380138953   -0.0007942118048    0.0009650475606   -0.0063572113832   -0.0062584044652    0.0601768497967    0.0699525856681    0.0007466055952    0.0033127955003   
 0.0327629952110    0.0030659270719   -0.0006015590341    0.0008189527211   -0.0068945062142   -0.0042182959391    0.0666513786421    0.0758752005449    0.0058518327411    0.0041346039730   
 0.0334433844687    0.0032812439107   -0.0007146780011   -0.0001173000331   -0.0045597971747   -0.0019476055349    0.0640937604099    0.0615923439414    0.0042143432741    0.0045054718299   
 0.0317431686709    0.0030764981441   -0.0002688585746    0.0009821726424   -0.0081551578688   -0.0025471762877    0.0634597132727    0.0681202702177    0.0047420216781    0.0000068633455   
 0.0315998437579    0.0022509400293   -0.0004543924415    0.0012628405075   -0.0084203701504   -0.0021216209081    0.0614835679918    0.0625046436808    0.0050337848299    0.0031532840953   
 0.0329111897695    0.0032227334610   -0.0004668397427   -0.0000568152641   -0.0073717405108   -0.0052157980723    0.0634482522371    0.0650086415899    0.0043575841174    0.0042703759043   
 0.0324800998503    0.0027699645339   -0.0002057178585    0.0005008005576   -0.0054551798055   -0.0062855550971    0.0648865475872    0.0706998333389    0.0034164865329   -0.0035677335117   
 0.0325768031729    0.0033425892027   -0.0004486516557    0.0003564412420   -0.0071591763015   -0.0015021407434    0.0617490241182    0.0636285972603    0.0075086425940    0.0005430710593   
 0.0328358940362    0.0028109854161   -0.0000713217739    0.0003886593000   -0.0066593889953   -0.0071481919842    0.0688913533714    0.0810903388244    0.0105317047407    0.0029952116834   
 0.0331606075981    0.0035929099850   -0.0002020155647    0.0005869124136   -0.0072825667104   -0.0020005770597    0.0643821497682    0.0656900409213   -0.0012280150974    0.0063731678067   
 0.0320642726001    0.0030927611459   -0.0000137600022    0.0005713088564   -0.0071692066460   -0.0061833645417    0.0670288688590    0.0690866737586    0.0046090200407    0.0044548942722   
 0.0317514304174    0.0027891198267   -0.0008559852971    0.0008297956937   -0.0048421784591   -0.0035477354279    0.0607528630172    0.0626838706726   -0.0004709860621   -0.0005348227996   
 0.0325473825399    0.0033592276970   -0.0000771308476    0.0000211038401   -0.0046259451390   -0.0033234680040    0.0632584019136    0.0587549184092    0.0045787780709   -0.0002880942136   
 0.0312877186873    0.0026847325597   -0.0004528759618    0.0005352662327   -0.0064061580497   -0.0045749030571    0.0614636822266    0.0663638949089   -0.0024670042142   -0.0027046730493   
 0.0327465534291    0.0035647857940   -0.0005533123693    0.0005603045794   -0.0060736249169   -0.0038372081152    0.0544470224407    0.0575817150229   -0.0009550275900    0.0046374382067   
 0.0324258692847    0.0032847479832   -0.0004368601415    0.0003929985204   -0.0083263901148   -0.0074373270036    0.0618494919726    0.0674729184555    0.0004353673158    0.0002080231470   
 0.0325487497650    0.0030497950703    0.0002082442606    0.0011108598175   -0.0082141610854   -0.0041349852825    0.0586906419696    0.0609466713337   -0.0040102532384   -0.0003926392868   
 0.0321971277688    0.0029847344276   -0.0003574284494   -0.0000824708455   -0.0081175396398   -0.0020528710222    0.0603445315928    0.0652569551083   -0.0042775810744    0.0070528266558   
 0.0326940107270    0.0034050255352   -0.0008325541338    0.0015457577172   -0.0044385812250   -0.0047555552636    0.0617639706336    0.0616567394553   -0.0018793429581    0.0046186808413   
 0.0328406720175    0.0029232079761   -0.0006168460530   -0.0002171748100   -0.0068808170220   -0.0037077872156    0.0655200547575    0.0676134710975    0.0020724825636    0.0077503561517   
 0.0321202431462    0.0028917208032   -0.0004356222552    0.0008826287572   -0.0070710018264   -0.0081621364527    0.0662966230882    0.0762113226767    0.0027328619786    0.0002017085325   
 0.0324094973663    0.0033219467512   -0.0003540212633    0.0000534846113   -0.0053404382699   -0.0032123185612    0.0587008479996    0.0637843915526    0.0044734281563    0.0056007975092   
 0.0328404129204    0.0031254186339   -0.0000573681638    0.0005828921225   -0.0056255524555   -0.0073921112058    0.0696393442377    0.0787599303406    0.0071766115914    0.0036334557007   
 0.0319699423788    0.0028550131035   -0.0008321940467    0.0013657277486   -0.0074591864801   -0.0026655122574    0.0719134334157    0.0762764365713    0.0006050916164    0.0043066485611   
 0.0327069085347    0.0029992946618    0.0005092199223    0.0007944801029   -0.0058522979175   -0.0050138885880    0.0606855823726    0.0588796997958    0.0040757872639    0.0056426751254   
 0.0321888386169    0.0031094190075   -0.0004927797798    0.0017244260461   -0.0106534233454   -0.0026138383773    0.0618209819135    0.0692490657188   -0.0031400689197    0.0013352319178   
 0.0325894841992    0.0036374928676   -0.0001376814692   -0.0000441928820   -0.0077713938922   -0.0010814828296    0.0586653894800    0.0624412768110    0.0027814536405    0.0051253677910   
 0.0327188322084    0.0030051861790   -0.0010414668759    0.0007590359513   -0.0074923471429   -0.0023133070606    0.0545257997117    0.0615060308207    0.0019975925757    0.0007467224022   
 0.0323823730671    0.0027053943624   -0.0003953653847    0.0004136063807   -0.0060805546397   -0.0044395597369    0.0637604782362    0.0679937560167    0.0018986529594   -0.0008674344793   
 0.0334906773967    0.0036442915550    0.0000606371456    0.0002959113517   -0.0056990110354   -0.0015292082858    0.0587419051068    0.0561039081609   -0.0004602244726    0.0037366628302   
 0.0318006587967    0.0026843555815   -0.0005707623312    0.0003129596818   -0.0100931308157   -0.0032552833726    0.0585503310252    0.0703169171280    0.0028209711256    0.0028275496777   
 0.0317765272811    0.0028426146306   -0.0003985956450    0.0010597677784   -0.0081379113511   -0.0033403274551    0.0651736857711    0.0742956533296   -0.0048854492077   -0.0026302412000   
 0.0317025885489    0.0028697446482   -0.0002126549929    0.0005171676380   -0.0056666983878   -0.0034297677759    0.0618002064863    0.0712042183223    0.0008000475136    0.0026922021267   
 0.0323599391488    0.0031242107482   -0.0005274232409    0.0002612003160   -0.0078825696112   -0.0044961588570    0.0649049358015    0.0643579766919    0.0026447772315    0.0022864519475   
 0.0317582214026    0.0028401096644   -0.0006777324771    0.0004494596625   -0.0063746459651   -0.0020922270389    0.0600376734242    0.0697809896964    0.0079211115317    0.0064467533738   
 0.0318171844299    0.0026528659858   -0.0010144689891    0.0001617580030   -0.0051117622392   -0.0041158412266    0.0601938416472    0.0651172512477    0.0010952246322    0.0000102974515   
 0.0322050842452    0.0027674590691    0.0001790473594    0.0006407781000   -0.0056487657610   -0.0055540604085    0.0589744392547    0.0659748414588    0.0045516763124    0.0090671513321   
 0.0318810965032    0.0026660794619   -0.0009897292410    0.0011117380784   -0.0073563446451   -0.0046865612058    0.0580045182506    0.0630503288353   -0.0014409381824    0.0035605022759   
 0.0318453822776    0.0030205979041   -0.0012162734111    0.0011896639395   -0.0074689717376   -0.0032740166764    0.0586975185362    0.0667960597624   -0.0028644147634   -0.0000331217366   
 0.0176831200116    0.0029232800585    0.0115103855240   -0.0161601970907    0.0035272265110    0.0050849543962    0.0053605250454   -0.0054702191627   -0.0031427674683   -0.0005387687695   
-0.0101812939370   -0.0248033236139    0.0126904057759    0.0111915438058   -0.0212403673765   -0.0100543048796   -0.0002069910879   -0.0015343634344   -0.0082000050970   -0.0086712421745   
-0.0102786401169   -0.0163351373031    0.0186642316847   -0.0059273711804   -0.0126255581844   -0.0135681025890   -0.0008752278289    0.0012872223208    0.0010430300642    0.0002643622905   
-0.0093955795853   -0.0145503266634    0.0195542629338   -0.0112928187383   -0.0098843155930   -0.0074289286490    0.0008433837316    0.0005581033543   -0.0020269675308   -0.0101218544413   
-0.0100733904113   -0.0147514195210    0.0203934057656   -0.0114543294304   -0.0125845364408   -0.0080187844853    0.0002131472480   -0.0021974355082    0.0008710101040    0.0019425186304   
-0.0105860063089   -0.0027688830077    0.0324573209210   -0.0405693167311   -0.0065147045909   -0.0042536087250   -0.0032950685924    0.0029501014041   -0.0118755877554   -0.0041373368984   
-0.0098531471973   -0.0126862191542    0.0214253335497   -0.0166969560640   -0.0138673373199   -0.0106827865243   -0.0003784107850   -0.0036383088344   -0.0063213578691   -0.0093757492068   
-0.0111100902896   -0.0013479481231    0.0340060226180   -0.0439539602595   -0.0049952103679    0.0009308408377   -0.0009244000536   -0.0015495241824   -0.0026438331692    0.0070325770001   
-0.0114721383271   -0.0127750502642    0.0227880062903   -0.0178596141726   -0.0105991788161   -0.0101005756993   -0.0005445690478   -0.0015392562300   -0.0051207287700   -0.0093938533687   
-0.0108920610427   -0.0048168939615    0.0292455833021   -0.0325974040402   -0.0041548095782   -0.0061288386030   -0.0012157611938    0.0013742925170   -0.0129273585538   -0.0206775827160   
-0.0104740356324    0.0000579200820    0.0343354493795   -0.0445889332198    0.0029160304258   -0.0002759306504   -0.0012584604962    0.0016977059949   -0.0054112570078   -0.0068496105729   
-0.0106470081122   -0.0029047256614    0.0300236558601   -0.0362392651784   -0.0034253050126   -0.0014290158946   -0.0028390575492    0.0005961071326   -0.0014825103876   -0.0013787950139   
-0.0114855180707   -0.0116308536725    0.0225450868425   -0.0151805878317   -0.0103952410422   -0.0088710587499   -0.0008318209786    0.0021841039043   -0.0041617550519    0.0096161396817   
-0.0109101235009   -0.0062191977525    0.0280200685608   -0.0343824404089   -0.0095303083168   -0.0068420812722   -0.0037998199856   -0.0001537151695   -0.0023196439603   -0.0040944128830   
-0.0104392610937   -0.0136108170868    0.0219171160821   -0.0138987594308   -0.0136253166127   -0.0102888684777   -0.0030168221507    0.0014044615894    0.0022239304119   -0.0033095546342   
-0.0084449708720   -0.0163330251595    0.0182514268002   -0.0051245673762   -0.0099832711018   -0.0072822730490    0.0003618615110    0.0014367017288   -0.0023548689671   -0.0047489452981   
-0.0095522852235   -0.0246643059901    0.0111154656561    0.0137003690579   -0.0242130522832   -0.0147904532027   -0.0008272737732   -0.0024956844644   -0.0016731434659   -0.0088807078496   
-0.0112581524076   -0.0013841520635    0.0336315604658   -0.0434549882966   -0.0016393215967    0.0010128130360    0.0000763402108   -0.0007981764964    0.0065417567967    0.0056008069304   
-0.0120635729115   -0.0061111359119    0.0278118127772   -0.0328457120961   -0.0105496675090   -0.0024050027353   -0.0004254859139    0.0013233218494    0.0079238143329    0.0042182747971   
-0.0120699734715   -0.0141530659834    0.0216715941220   -0.0120595137867    0.0061093342878    0.0034145546463   -0.0001084572442   -0.0011975956863    0.0070048775837    0.0159729810977   
 0.0266213578559   -0.0015875118840    0.0030960533152    0.0031461834735    0.0050606724670    0.0033340813556    0.0040349097310   -0.0110067180662    0.0072458571809    0.0171632424787   
 0.0273559873132   -0.0001438814574    0.0019285689993   -0.0004159713479    0.0033581379712    0.0024473343650    0.0035210385559   -0.0110617108609   -0.0058528906215    0.0027045261948   
 0.0280375595442   -0.0006588329565    0.0018861647037    0.0033144673230    0.0039797400050    0.0021532984417    0.0056140281161   -0.0097762234389    0.0053378575118   -0.0005360322458   
 0.0280705652289   -0.0006408227879    0.0009323323757    0.0014648266200    0.0027434690317    0.0044223317100    0.0006335923547   -0.0078378723141   -0.0007303602237    0.0039493362131   
 0.0219026180368   -0.0038137279698    0.0031740047617    0.0043935283279    0.0038112401010    0.0051865826186    0.0072648877513   -0.0023835938609    0.0051573997716    0.0155200484963   
 0.0298445155192    0.0002157366015    0.0026103277498    0.0023735697899    0.0027577640075    0.0025000751346    0.0015851709386   -0.0075582076150    0.0008420342980    0.0095446778826   
 0.0297051664722    0.0009626306911    0.0011628725012    0.0009048384837    0.0032334608189    0.0032807183599   -0.0003889202545   -0.0114885592681   -0.0039667000514    0.0086592258024   
 0.0229505818607   -0.0041665640270    0.0028343071528    0.0062553825493   -0.0008869508295   -0.0001611248510    0.0052896269980   -0.0116898753718    0.0027215251544    0.0131067745210   
-0.0109862854664   -0.0022747775126    0.0319833945755   -0.0403415678998   -0.0062851080990   -0.0033819713538   -0.0030816110384    0.0020594654275   -0.0094052999689   -0.0041994066362   
-0.0117073247943   -0.0016765310763    0.0334913689500   -0.0469448370344   -0.0071461173129   -0.0009187079874   -0.0006409974512    0.0005937527438   -0.0032202343840   -0.0098726639787   
-0.0099408386062   -0.0080625520101    0.0271000570916   -0.0262575170244   -0.0091230171043   -0.0085186490682   -0.0047087680418   -0.0021861690086   -0.0047753479969   -0.0126162941634   
-0.0113728789453    0.0014931264957    0.0375876813901   -0.0509180241974   -0.0014907731871    0.0009822170656    0.0002007121730   -0.0002460865799   -0.0013689700843   -0.0060729820494   
-0.0107013257270   -0.0058811204601    0.0278113426550   -0.0311664630214   -0.0066144115724   -0.0031593704554   -0.0004875921377    0.0018043546688   -0.0042001228924   -0.0052214574942   
-0.0090630161680   -0.0039498674530    0.0289828779501   -0.0352153647230   -0.0042774427739    0.0001577442829   -0.0022976116302    0.0022288467998    0.0023114731335    0.0007123813031   
-0.0104790611475   -0.0117608554423    0.0249521337322   -0.0185300995350   -0.0104170939024   -0.0065532988620    0.0010721217053    0.0002695314074   -0.0007006547514    0.0019777639109   
-0.0131343415352   -0.0007517286084    0.0352698851740   -0.0465583058674   -0.0043148366097    0.0016756989507   -0.0006689357789   -0.0018385689498   -0.0001092549099   -0.0052037464104   
-0.0152248010377    0.0117269758275    0.0468923363040   -0.0794835788592    0.0091526599766    0.0069219760959    0.0003797375692    0.0029715261780   -0.0060373897245   -0.0006454319003   
-0.0145144867253    0.0109559577071    0.0476480530032   -0.0767548668677    0.0085404953078    0.0081222154254    0.0016993009942    0.0014573533226   -0.0047105916055    0.0092010037402   
-0.0153612963561    0.0130884915072    0.0487128080937   -0.0842302249749    0.0079366686525    0.0050116181289    0.0001475524652    0.0004833221119    0.0051371309519   -0.0067406444846   
-0.0154395696570    0.0125733408657    0.0498714844897   -0.0828448812264    0.0109098835859    0.0092976073654    0.0027029284536   -0.0011774517544   -0.0022990363658   -0.0040679817697   
-0.0130836507055   -0.0006246106573    0.0356796743570   -0.0491132470744    0.0013361883140    0.0023887779231   -0.0011194688385   -0.0008626008614   -0.0078795180178   -0.0100126924975   
-0.0140345836277    0.0091497054865    0.0439337790534   -0.0724754977108    0.0044347970579    0.0041875763910    0.0008284341602    0.0012242877771   -0.0021348837920   -0.0068229100564   
-0.0130531373205    0.0061160932726    0.0415402883100   -0.0609050390264    0.0067512902376   -0.0011750717755    0.0015159800820   -0.0004184193353   -0.0034977445382    0.0013599168021   
-0.0141068186014    0.0080388924814    0.0444559506084   -0.0693472330927    0.0047644492016    0.0013596186807   -0.0000291268335   -0.0011530269926   -0.0061021828641   -0.0112188768881   
-0.0125776938248    0.0027369280914    0.0375896371756   -0.0543406772788    0.0009953048156   -0.0024108060304    0.0004371431331    0.0001062540334   -0.0003334695302   -0.0058384066224   
-0.0119709496052   -0.0041552765930    0.0311797890846   -0.0370755039201   -0.0045077684229   -0.0013703391704   -0.0008547573066   -0.0020696540189   -0.0068885587935    0.0017191038187   
-0.0111357129506   -0.0076866992248    0.0216902211854   -0.0171054400273   -0.0067705934579    0.0003474812978   -0.0009936164818   -0.0016438185562    0.0074454316463    0.0028891102492   
-0.0106133093221   -0.0138037957142    0.0220501481691   -0.0121806295149   -0.0116813811874   -0.0086556359885    0.0005976383603   -0.0022323103395   -0.0110650562342   -0.0137460080451   
-0.0120100414718   -0.0043909998131    0.0308757977749   -0.0362162940983   -0.0047463222859   -0.0010289885385    0.0008702963510    0.0032507661335   -0.0043782062119   -0.0082166057805   
-0.0116069642834    0.0028018495273    0.0373180963530   -0.0536104692502   -0.0018093129979    0.0005810364588    0.0000650020510    0.0000623000725   -0.0041850488272   -0.0152137361758   
-0.0099653071115   -0.0043602492543    0.0285180757178   -0.0331965456016   -0.0040424470939   -0.0029266138699   -0.0027542770641    0.0047079324922   -0.0003255349419   -0.0052991250277   
-0.0136141559921    0.0057302101714    0.0410234430514   -0.0631599419389    0.0053911798022    0.0047324520690    0.0015763127564   -0.0007769044782    0.0001142143765    0.0028636951793   
-0.0131839778088    0.0049359644848    0.0394486270972   -0.0609024983579    0.0035315678838    0.0049883957590   -0.0013739955164   -0.0015502350026   -0.0037520986914    0.0016332025939   
-0.0108331982994   -0.0023565558866    0.0321297123820   -0.0403233744833   -0.0052230788363   -0.0053738931011   -0.0020952848142   -0.0009432618470    0.0009449553253   -0.0158758133506   
-0.0105157032392    0.0000317521331    0.0348282912734   -0.0487754917931   -0.0017297534100    0.0009898464005   -0.0012293994273    0.0016578956841   -0.0020440859166   -0.0089813098568   
-0.0102165320905   -0.0093471781942    0.0262640146489   -0.0224089830598   -0.0131323217558   -0.0043892394007   -0.0005850223230   -0.0019333343991   -0.0027002955047    0.0091635649513   
-0.0100768437028   -0.0084890061242    0.0263460793830   -0.0249311869549   -0.0047831249014   -0.0054515235484   -0.0010516531686   -0.0001359357125   -0.0036397794761    0.0049749268583   
-0.0108142476901   -0.0048401455541    0.0310614805237   -0.0357305641717   -0.0049201413139   -0.0108666143125   -0.0003423921609    0.0007368518280   -0.0022908057043   -0.0056480123005   
-0.0112404083146   -0.0102051573186    0.0242576572200   -0.0211190950597   -0.0124836832797   -0.0099169129780   -0.0017378624315   -0.0015654057335   -0.0009639694439   -0.0004537365815   
-0.0104406550590   -0.0056300104514    0.0294097124423   -0.0333093952275   -0.0039574283907   -0.0016354206127    0.0010372697655    0.0029675112007    0.0001072090590   -0.0079789847897   
-0.0083904749430   -0.0057768912917    0.0281515234967   -0.0310096211517   -0.0087290460494   -0.0014802506322   -0.0021140671637    0.0019549010210   -0.0020377429806   -0.0054469821842   
-0.0088860952686   -0.0063113080034    0.0277529357975   -0.0300319048619   -0.0097388380498   -0.0055335691040   -0.0015791232713    0.0001648863852   -0.0043356494407   -0.0087576742128   
-0.0102158312816   -0.0127841387125    0.0208921966280   -0.0150877278274   -0.0132985668637   -0.0085426707234    0.0001669911804   -0.0018559076076   -0.0050443138478   -0.0003095070664   
-0.0106600778531   -0.0110897070704    0.0267235295823   -0.0226432787371   -0.0121303304788   -0.0054118185523   -0.0021245706353    0.0006090037758   -0.0037411534919   -0.0058392094058   
-0.0100474801695   -0.0061675537105    0.0279396052815   -0.0309033559741   -0.0077764531171   -0.0027140769815   -0.0005769327222    0.0010946627766   -0.0028451465410   -0.0011220222634   
-0.0135774853360    0.0036989205515    0.0405080898726   -0.0601733418669   -0.0020237257524    0.0003655053099   -0.0024368507411    0.0003935974289    0.0010441490837   -0.0011779342629   
-0.0117674464888    0.0029315972498    0.0386832959622   -0.0555850228059   -0.0015207450884    0.0038781243044   -0.0000666025910    0.0001833344456    0.0051838058438   -0.0033116953028   
-0.0116197351010   -0.0017278882289    0.0323560918245   -0.0430746707609   -0.0078917421996   -0.0037799694971   -0.0016596499479   -0.0003626600564   -0.0073876923109    0.0025568912941   
-0.0114492132548    0.0014047692541    0.0356265384061   -0.0507484290686   -0.0024252573323   -0.0024705134539    0.0029556568880    0.0002552436829   -0.0078001158799   -0.0054138997079   
-0.0098260556807   -0.0062396222851    0.0252278481234   -0.0301628118854   -0.0084750532461   -0.0076870652007   -0.0017051107903    0.0006804361749    0.0030853604044   -0.0041727231191   
-0.0097925282249   -0.0114228792384    0.0213320431011   -0.0172573402772   -0.0121882689102   -0.0078495598859   -0.0022295884736   -0.0009219025736   -0.0035824723509   -0.0041586776343   
-0.0105858967532   -0.0134709841520    0.0230865121442   -0.0143001269327   -0.0172511923458   -0.0061984899006   -0.0035227537415   -0.0003016266639   -0.0058507034991   -0.0084268612015   
-0.0101167375946   -0.0056429627725    0.0292448805594   -0.0340916417206   -0.0069376852840   -0.0023055281394   -0.0022733680266    0.0015035061079   -0.0098749378559   -0.0118896405513   
 0.0221773943714   -0.0039387037076    0.0026284460555    0.0034833475110    0.0048023138873    0.0028876590282    0.0043820041776   -0.0185727122248    0.0107057006244    0.0152574372238   
 0.0220469524241   -0.0044966888263    0.0030009007339    0.0032564350037    0.0055037745994    0.0023168192675    0.0043581146195   -0.0029996938419    0.0046577058862    0.0182090524371   
 0.0232992191808   -0.0042256209024    0.0031459183514    0.0051152845211    0.0050027901813    0.0036715567791    0.0009834285461   -0.0070059359758    0.0059676144534    0.0033111533821   
 0.0269987138050   -0.0003831517096    0.0017949346679    0.0041640089426    0.0048291636053    0.0026128792205    0.0127486145397   -0.0093198299408    0.0081242268229    0.0075383720893   
 0.0267561855370   -0.0010150987225    0.0013648706805    0.0034240438008    0.0040834754720    0.0026962388144    0.0019388709072   -0.0050083143882    0.0046610248089   -0.0002648563371   
 0.0305009572691    0.0012283605216    0.0015879027800   -0.0001561252668    0.0014305764986    0.0002894798808    0.0026256603664   -0.0018980392556    0.0009807074426    0.0050482058390   
 0.0262458491518   -0.0014917235326    0.0029078642590    0.0028745737854    0.0040885260992    0.0014882522292    0.0031248686981   -0.0094618427476    0.0044572666159    0.0025272476725   
 0.0298421142646    0.0005971728175    0.0028045728082    0.0018079933258    0.0003374324632    0.0048626470687    0.0097257897513   -0.0153342988715    0.0064103783687   -0.0030696589264   
 0.0292012069454    0.0006683843041    0.0023863976447   -0.0010793078591    0.0005995551360    0.0012770103936    0.0021425939568   -0.0116392118849    0.0036190561599    0.0077471582120   
 0.0210936051156   -0.0053657682709    0.0028706526557    0.0058463673784   -0.0005577690454    0.0021471053201    0.0033698975245   -0.0109607071976    0.0086092452008    0.0071839571512   
 0.0298292132999    0.0007441087537    0.0009355625240    0.0018504219318    0.0024978242059    0.0028378180074    0.0026953517199   -0.0036842501495   -0.0054384279045    0.0029189896454   
 0.0306586064472    0.0008382551037    0.0021021048350    0.0013432528050    0.0036433980851    0.0036138967596   -0.0015316593839   -0.0053512259155    0.0028697526702   -0.0054659105099   
 0.0307348357296    0.0009857683669    0.0012897097039    0.0014513888644    0.0020024273218   -0.0011451128709    0.0023886135323   -0.0077642430106    0.0042806220552    0.0086006071274   
 0.0149498104606   -0.0044499316407    0.0073590845868   -0.0016095941561    0.0033514536423    0.0059031336027    0.0023246419855   -0.0013804670400   -0.0014967049909    0.0141646808019   
 0.0212427344652   -0.0048219701352    0.0040305217715    0.0046083477962    0.0049229914163    0.0025444928284    0.0043960339557   -0.0083229881363    0.0095398562184    0.0264739731590   
 0.0170036093548   -0.0083019016296    0.0031493329208    0.0069235482703    0.0013731693287    0.0039652565964    0.0031515858596   -0.0042388355646    0.0088645232695    0.0085187804704   
 0.0292095965750    0.0005620442432    0.0020140509790    0.0025559023084    0.0037772654999    0.0028204255059    0.0049382477274   -0.0092041937741    0.0069306565862    0.0098214373595   
 0.0287273082016   -0.0001419681231    0.0008252418368    0.0009460986006    0.0003288411238    0.0033398135199    0.0100975244740   -0.0058395780886    0.0068688347756    0.0062553792997   
 0.0208554732880   -0.0046223592797    0.0038853026922    0.0059861641065    0.0048816562672    0.0048353770507    0.0005581678015   -0.0055046671439    0.0105033574774    0.0185372174390   
 0.0307712035021    0.0011313942648    0.0016635436232    0.0016772614097    0.0013600040545    0.0015311028242    0.0026779902036   -0.0023697529981    0.0075467737527    0.0005364327882   
 0.0263065200827   -0.0017811913035    0.0020185400099    0.0042863429878   -0.0003671490830    0.0009717907710    0.0065921673083   -0.0029928203446    0.0026002246039    0.0060062981719   
 0.0112032644699   -0.0123159757580    0.0057614878560    0.0096404043371    0.0035550694135    0.0015338954682    0.0030660179078   -0.0060769596778    0.0012759634908    0.0054671024152   
 0.0273777363673   -0.0005999210854    0.0015205017884    0.0034030353861    0.0001853972094    0.0039967182458    0.0116065974826   -0.0106203076930    0.0030527815923    0.0000382917909   
 0.0222794319833   -0.0037014781767    0.0039247560406    0.0037382305314    0.0017703369705    0.0034708385153    0.0019412909132   -0.0050173965365   -0.0007691769314    0.0098789095117   
 0.0267669565620   -0.0009855032432    0.0022980474168    0.0027755457649    0.0004486311227    0.0015864779993    0.0046565210926   -0.0068244132666    0.0010828316162   -0.0041455949663   
 0.0251154824156   -0.0026637474373    0.0020339679263    0.0040189118325    0.0006444523648    0.0008952072893    0.0050249903302   -0.0111140193044    0.0061148804114    0.0087623402751   
 0.0339766930938    0.0031556227106    0.0003073301330    0.0003373624068    0.0012346585339    0.0001734013992   -0.0050691099090   -0.0084236523305    0.0001471739455   -0.0059998475536   
 0.0284578400321   -0.0001489014197    0.0018576671952    0.0022514107213    0.0033933591023    0.0036037868745    0.0099707270402   -0.0093867450552   -0.0054729816434    0.0045627170917   
 0.0243968556480   -0.0017916086446    0.0030610580405    0.0042466545375   -0.0021147030324    0.0010438279520    0.0009727702910   -0.0037283530421    0.0022218034978    0.0104040141194   
 0.0314328250969    0.0026372343221    0.0012150241749    0.0002584271618    0.0001071147291    0.0038990580873    0.0062340538981   -0.0117199499443    0.0008482769944    0.0069886739576   
 0.0064571650043    0.0047570792724    0.0223808584542   -0.0326311273237    0.0136937562714    0.0018417390194   -0.0003030827816   -0.0060232665938    0.0001611497677   -0.0042997242996   
-0.0137425758214    0.0005513424556    0.0338322733032   -0.0454692869797    0.0126730332165    0.0030340375870    0.0003539387220   -0.0013999522886    0.0022889229132    0.0066273590695   
 0.0218246563614   -0.0053756163566    0.0032051959252    0.0047814127425   -0.0006162682510    0.0020735865356    0.0018092920014   -0.0099399661032    0.0102542335573    0.0148362228089   
 0.0291879494264    0.0013322032693    0.0020857497029    0.0010471976222    0.0023482856087    0.0019303426983    0.0081701731447   -0.0126789748312    0.0060503405432    0.0020973439659   
 0.0248006105821   -0.0023484774874    0.0023117951407    0.0038007127402    0.0011573925809    0.0014197047025    0.0122758366170   -0.0129382203185    0.0085401737384    0.0030194286166   
 0.0186125836988   -0.0070638144686    0.0036225739666    0.0059849724922    0.0040890640863    0.0035930768430    0.0033340169707   -0.0077985806781    0.0129044909751    0.0143938895691   
 0.0286397910702    0.0013397992042    0.0035105689978   -0.0023683021353    0.0001476970130    0.0021902087793    0.0039647662023   -0.0065183747833   -0.0038282072494    0.0046899178479   
 0.0276878574892   -0.0002780971252    0.0021799387229    0.0029540796549    0.0008730733158    0.0018295121317    0.0072274175012   -0.0142176000909   -0.0005932630255    0.0022839297610   
 0.0166851638113   -0.0072999775173    0.0052448837111    0.0072401088397    0.0010362921694   -0.0014543771321    0.0063293764474   -0.0088055548343    0.0020771986305    0.0014520275018   
 0.0269804460888    0.0000948687909    0.0023637657482    0.0026434330475    0.0016668102678    0.0018226117083   -0.0012731340314   -0.0110815851451   -0.0078538163400    0.0097333976688   
 0.0275538022893   -0.0002550207799    0.0017560421513    0.0030772157691    0.0028965945683    0.0015007390996   -0.0006473761804   -0.0040197780071    0.0021399200560    0.0051496487913   
 0.0196488116759   -0.0055074013953    0.0033659101484    0.0059447023895    0.0001924362486    0.0023363740699    0.0103922610067   -0.0137330273044   -0.0001666797592    0.0078641099833   
 0.0289872537425    0.0002100419894    0.0013022533906    0.0015254720630   -0.0003085316679   -0.0049940431968    0.0035899245475   -0.0035654108068    0.0014187076109    0.0105064400082   
 0.0298468121078    0.0012668115395    0.0010131777408    0.0010583264300    0.0012421705022    0.0023255374365    0.0089406225950   -0.0092875862810   -0.0018914966795    0.0073608183167   
 0.0234851904421   -0.0032252449249    0.0042303304355    0.0036808254791    0.0032508246017    0.0057695651275    0.0019442562842   -0.0061885709747    0.0029371452022    0.0259905091472   
 0.0239006054945   -0.0018063563434    0.0038659321178    0.0005654170799    0.0039269257681    0.0025545041319    0.0044099331320   -0.0118431591443    0.0112125007898    0.0090464530860   
-0.0106102724163   -0.0267843108823    0.0064818340272    0.0183622910822   -0.0287986614376   -0.0191339189506    0.0002211128805   -0.0037933730306    0.0042575296796    0.0074120409881   
-0.0108463068907   -0.0269689474481    0.0077058353988    0.0185942912173   -0.0246574914931   -0.0174014496574    0.0022233998330   -0.0029348278941    0.0008190358351    0.0050346997947   
-0.0108263794059   -0.0261658557492    0.0070696765606    0.0175977264549   -0.0288557878067   -0.0174971985110   -0.0005066331386   -0.0014373906595    0.0119770269268    0.0010062222201   
-0.0103766778359   -0.0275516386108    0.0088350469112    0.0185330173537   -0.0232443544210   -0.0185408402643    0.0025025288781   -0.0020679774404    0.0043636177830    0.0059798183746   
-0.0108766349811   -0.0263638955521    0.0067417843163    0.0182071051368   -0.0269071748986   -0.0202965968612    0.0024951230441   -0.0014909918866    0.0144786518084    0.0084392534819   
-0.0105737484054   -0.0268448903368    0.0067477804161    0.0180869527901   -0.0262140477325   -0.0133208400706    0.0000062106844   -0.0012833219687    0.0024743308369    0.0054422874095   
-0.0105720768342   -0.0267893331435    0.0066182440101    0.0168488303111   -0.0266154263471   -0.0193563248095   -0.0000817649454   -0.0001626161878    0.0045594265144    0.0122349261098   
-0.0103041100449   -0.0269315044592    0.0072531112579    0.0176000547993   -0.0294895608910   -0.0218127055970    0.0006811301970   -0.0023763929620    0.0017813424391   -0.0036892788457   
-0.0104760912749   -0.0265314109623    0.0074281026936    0.0179678363639   -0.0250114452437   -0.0182934981147    0.0000064417459   -0.0023541106365   -0.0012011585713    0.0029242701025   
-0.0106677049838   -0.0264760395471    0.0072987229578    0.0175364723313   -0.0285742077591   -0.0156035860428   -0.0028019498582   -0.0040036100550    0.0104524575786    0.0105499867608   
-0.0107671073967   -0.0267500949106    0.0078446794395    0.0187914335420   -0.0303298242194   -0.0182978287851   -0.0029627650921   -0.0045608246247   -0.0032020105988    0.0031678357561   
-0.0106067367206   -0.0261613140101    0.0069807496667    0.0186402377678   -0.0301865489543   -0.0207870009593   -0.0015174174227   -0.0037839168932    0.0157772418660    0.0100054412474   
-0.0108332682550   -0.0265516673273    0.0065910161805    0.0184345586644   -0.0277350549165   -0.0191510666397    0.0006131407747   -0.0009654203664   -0.0002807662228    0.0020508075991   
-0.0107135632234   -0.0268460638620    0.0075316401040    0.0178804902364   -0.0250703120540   -0.0158193352344    0.0006651502509   -0.0038470846952    0.0015493336883    0.0043242013825   
-0.0109360220166   -0.0263341066449    0.0070894996591    0.0193417643290   -0.0314324124011   -0.0166773988721   -0.0002054245833   -0.0055685753933    0.0057312592690    0.0078774735272   
-0.0107745260855   -0.0270063238422    0.0085891136008    0.0187218302785   -0.0270069899359   -0.0204577059657   -0.0012326988303   -0.0005917157173    0.0001660700335   -0.0001362572717   
-0.0105793382249   -0.0269227602968    0.0085978906069    0.0177591690009   -0.0245475111608   -0.0180958882802   -0.0013748865763   -0.0057343471681    0.0044686182882    0.0060727737226   
-0.0103551001732   -0.0267083503264    0.0073274350063    0.0188266314412   -0.0294814561017   -0.0194174455870    0.0028364224777   -0.0010893904597    0.0019660509537    0.0082953491432   
-0.0104756849272   -0.0264611116697    0.0076742053468    0.0203678414977   -0.0272872718493   -0.0167548235021    0.0016104608636   -0.0032582270868    0.0013571025989   -0.0009250467959   
-0.0103622397985   -0.0275388738013    0.0068501140085    0.0184416151934   -0.0300548720598   -0.0224258867583    0.0001319275173   -0.0039000263120   -0.0006949367807   -0.0075955242415   
-0.0106660324862   -0.0266416796542    0.0079152297520    0.0169832223468   -0.0281083084335   -0.0204163894243   -0.0015057879421   -0.0049627575436   -0.0093472002357    0.0054189701829   
-0.0107124467723   -0.0266198696560    0.0078522712538    0.0201803357432   -0.0230546384040   -0.0152248039517    0.0001270588204   -0.0026517587682   -0.0003378042209   -0.0081403274183   
-0.0104286742091   -0.0270698248533    0.0063682696220    0.0196571070561   -0.0289461343842   -0.0197122168462   -0.0001059308203   -0.0029711019666    0.0007661398916    0.0086505332047   
-0.0106521359068   -0.0269458908499    0.0080696052457    0.0174363869673   -0.0243134873415   -0.0192070505373   -0.0007704951813   -0.0033815063666    0.0038129125664    0.0017173840863   
-0.0105158746551   -0.0262677568954    0.0071139058742    0.0192712478411   -0.0295062543908   -0.0193661913750    0.0016335762568   -0.0052777978194    0.0123382881804   -0.0046143076205   
-0.0101955994168   -0.0268022492756    0.0081648583414    0.0190093361740   -0.0313598127609   -0.0201833449713    0.0002276298873   -0.0011320009500    0.0070397785973   -0.0023634846872   
-0.0106168915518   -0.0266780247860    0.0086861437374    0.0187885070500   -0.0244829389207   -0.0182624270943   -0.0015427577666   -0.0002493822051    0.0086367276872    0.0003511063098   
-0.0106851213968   -0.0266826448435    0.0074301350343    0.0192261259972   -0.0298185547651   -0.0172572101501    0.0014477715847   -0.0015666381651    0.0076683514988   -0.0050073994524   
-0.0105231874089   -0.0266323472194    0.0077532535625    0.0185275956181   -0.0330318936005   -0.0182000878541    0.0004743116992   -0.0027496323631    0.0018610204931   -0.0040213611504   
-0.0105846622286   -0.0272861279919    0.0077287687936    0.0176879249293   -0.0319174980990   -0.0175784218600   -0.0019887889902   -0.0028682899914    0.0104531459568    0.0091007643051   
-0.0105648750903   -0.0270523164213    0.0075502648452    0.0183521019222   -0.0294619824388   -0.0151567368733   -0.0015457870559   -0.0034547726778    0.0020698316271    0.0056865806623   
-0.0106407874619   -0.0271957697279    0.0088918984499    0.0191819431652   -0.0254987945827   -0.0178622576989    0.0013957349447   -0.0033416926451    0.0009573317760    0.0074585907937   
-0.0104092246256   -0.0267753049409    0.0078336095519    0.0184902613581   -0.0266250914854   -0.0170241896878    0.0020609535814   -0.0019656948876   -0.0085171796921    0.0099203599340   
-0.0102295390084   -0.0267494921584    0.0083680891264    0.0183010241303   -0.0316691730835   -0.0230285428567    0.0005627739625   -0.0055826415540   -0.0058543584425   -0.0036216912978   
-0.0104237509229   -0.0269919278111    0.0074910034568    0.0178366489462   -0.0305636370624   -0.0217861849043   -0.0019228108011   -0.0016721466425    0.0006370061322    0.0137047421405   
-0.0107267331632   -0.0273008013575    0.0082543944734    0.0178822741504   -0.0271440182445   -0.0163701557736   -0.0029677796695   -0.0027956905460    0.0015730207598    0.0027653217190   
-0.0104663066967   -0.0268811990129    0.0086425814453    0.0190483480773   -0.0269608424957   -0.0196212526245   -0.0006479717563   -0.0057738610827    0.0167672268828    0.0078154827730   
-0.0106547717891   -0.0262327367726    0.0078672508733    0.0196796372883   -0.0274815316827   -0.0160666835398   -0.0010634573326   -0.0037865566861    0.0067963701486    0.0052852452914   
-0.0103160580894   -0.0270567787307    0.0082017379662    0.0191317421508   -0.0293746768752   -0.0194072552703    0.0001298174141    0.0005904936363    0.0057220737730    0.0122838993734   
-0.0105208743672   -0.0267935595778    0.0071992963491    0.0185333605669   -0.0271937438765   -0.0183043356679   -0.0024553556372   -0.0020964840494    0.0084940014734    0.0066133893706   
-0.0105963196413   -0.0272636581880    0.0074399141011    0.0186485722288   -0.0273103413851   -0.0214248893556    0.0011808262676   -0.0044374656480    0.0032690135203   -0.0028229876283   
-0.0104889547882   -0.0270745173970    0.0081183455388    0.0187917877244   -0.0246794603315   -0.0182249683074   -0.0008936882644    0.0003073669902    0.0069107901053    0.0052466389925   
-0.0105472584027   -0.0266058045923    0.0089892094151    0.0197126528923   -0.0269760282841   -0.0174750980851    0.0006856034694   -0.0064470026700    0.0047180473069    0.0070353807772   
-0.0103802212400   -0.0274299233962    0.0079678014074    0.0188334458235   -0.0293333280653   -0.0187965686655    0.0008099818334   -0.0007047152643   -0.0037643299137    0.0028994618579   
-0.0105289824479   -0.0269900359292    0.0067516761020    0.0200892475724   -0.0248795884777   -0.0159119100743   -0.0007734021198   -0.0009042976458   -0.0013109267400    0.0000800204128   
-0.0105292583121   -0.0269460966660    0.0069786299917    0.0195177061419   -0.0279025455949   -0.0177634401946   -0.0005059233108   -0.0055146032468    0.0035039219955    0.0214847683745   
-0.0103294325091   -0.0265396083103    0.0072176351984    0.0187310497034   -0.0299117141429   -0.0210526333656    0.0013624088887    0.0002727412255    0.0041149424662    0.0067259083908   
-0.0104236334423   -0.0269721053861    0.0066148951073    0.0181105622660   -0.0296240179803   -0.0230436814910   -0.0008814385623   -0.0019790096955    0.0017602026491   -0.0012814246318   
-0.0103745751862   -0.0262842273256    0.0073896884346    0.0196855394235   -0.0276125055817   -0.0190166569816    0.0020036708268    0.0017175929590    0.0042687867000   -0.0033768748930   
-0.0104114045726   -0.0264492180699    0.0081376951229    0.0178201829185   -0.0278902472032   -0.0182470733231   -0.0000762537392   -0.0024681812051    0.0016186511645   -0.0009900753031   
-0.0104520506271   -0.0276254160737    0.0067147524562    0.0187894575807   -0.0278844291895   -0.0198807757697    0.0011716908021   -0.0050965466604    0.0095836368108    0.0010238173740   
-0.0103476835542   -0.0264664370854    0.0074592075333    0.0192211612484   -0.0251336620877   -0.0167207361539    0.0001730717655   -0.0034356999378   -0.0059194780882   -0.0030411950759   
-0.0102130961682   -0.0264246345921    0.0073796449641    0.0192339161875   -0.0273612984820   -0.0217231289711   -0.0007877209050   -0.0028710861506   -0.0018584514517   -0.0005402895171   
-0.0103153930865   -0.0268875431644    0.0057338394936    0.0186583376106   -0.0236299294644   -0.0167716049287   -0.0004664004371   -0.0049807221127    0.0009508041208    0.0027872388880   
-0.0106417408864   -0.0270528099400    0.0074584072554    0.0186527648964   -0.0280115463218   -0.0169494918543   -0.0015457389254   -0.0028315263762    0.0036682151190    0.0064605513711   
-0.0107253686864   -0.0265566792701    0.0079720080395    0.0197467367645   -0.0223430833303   -0.0148863722200   -0.0003458534651    0.0011194010789    0.0151600801880    0.0060316537787   
-0.0106223523527   -0.0267571417105    0.0067339838918    0.0189904201228   -0.0265817815802   -0.0168580641024    0.0005853913533   -0.0055260960871    0.0067695649742   -0.0000634237201   
-0.0102754396034   -0.0272192664092    0.0065454061007    0.0194656129177   -0.0297031897074   -0.0177526054447   -0.0000612074864   -0.0015157940608   -0.0015701012124   -0.0009780547534   
-0.0108913821755   -0.0268971576137    0.0074022576960    0.0197928888195   -0.0249008687315   -0.0165100865825   -0.0007369303004   -0.0008498014811    0.0004848815580    0.0011749038404   
-0.0104001633506   -0.0271348797493    0.0087042990474    0.0198165481978   -0.0251851710514   -0.0202018368466   -0.0010526089533   -0.0026269464704   -0.0047264414963    0.0070783746974   
-0.0104323029350   -0.0271102546641    0.0062847827687    0.0195738960299   -0.0279807033839   -0.0212993938968   -0.0017404073138   -0.0034263133450   -0.0003065991974   -0.0017636781232   
-0.0102327230371   -0.0269159101343    0.0059637970618    0.0164205330504   -0.0238454065996   -0.0167381603421   -0.0015384383655   -0.0043792895025    0.0044646592027   -0.0023371831178   
-0.0104217189229   -0.0265855330025    0.0080633405958    0.0190365502329   -0.0279595993209   -0.0147669083718    0.0018637768885   -0.0048236219446    0.0004775284806    0.0011921918179   
-0.0106315433625   -0.0270514014214    0.0068560179589    0.0186861435080   -0.0282731787633   -0.0176523858683    0.0004954365672   -0.0032910728210    0.0135498865625    0.0025735230632   
-0.0104536888545   -0.0274280245516    0.0080547198442    0.0184886767488   -0.0274573708587   -0.0140956777325   -0.0030634070835   -0.0023654933993   -0.0014104065160   -0.0063602793384   
-0.0105687635362   -0.0265697183101    0.0070877115279    0.0171211172934   -0.0313076726956   -0.0167683824492   -0.0015411806331   -0.0019735679220    0.0046629475542    0.0128403815317   
-0.0104901030861   -0.0275526262976    0.0066739144501    0.0183243555484   -0.0257058819538   -0.0229725549221    0.0002767906903   -0.0027918329819    0.0077157777695    0.0017616311367   
-0.0104264033705   -0.0268718351120    0.0076019248870    0.0186804510103   -0.0271837728461   -0.0244800871741   -0.0002778337081   -0.0011163521689    0.0045694214855   -0.0034623420477   
-0.0107667803065   -0.0265624835893    0.0060789193407    0.0185279346307   -0.0245795420032   -0.0165053600316   -0.0006532110463   -0.0051164548569    0.0070625925060   -0.0007603572263   
-0.0104709271754   -0.0271532796556    0.0064810432591    0.0180761832071   -0.0298583148780   -0.0207181731155   -0.0008290118094   -0.0047499891125    0.0092917439921    0.0009869963305   
-0.0104801878491   -0.0267419636339    0.0068627209546    0.0180440747428   -0.0238440205969   -0.0207739176075   -0.0000972532201   -0.0026304742513    0.0000271530628   -0.0009971031550   
-0.0106897540860   -0.0270859290737    0.0077536057820    0.0194818382274   -0.0225277712207   -0.0187897378364   -0.0005654048015   -0.0046308930324   -0.0039582098159    0.0022050330156   
-0.0104270338818   -0.0268489673929    0.0074151837643    0.0184181444021   -0.0267437452237   -0.0214615131212    0.0027349207998   -0.0038586557222    0.0126180199706    0.0103913559551   
-0.0106653804210   -0.0262104976058    0.0083087639916    0.0183750906511   -0.0258996252117   -0.0164007122813    0.0004158735365   -0.0016513454315   -0.0043826971213    0.0104572454647   
-0.0104404755242   -0.0266037381947    0.0069787628381    0.0168249002399   -0.0297113082689   -0.0210769434580   -0.0005925141454   -0.0031212994860    0.0036252185649    0.0070837673109   
-0.0100190013613   -0.0269411745266    0.0069137326919    0.0185939139257   -0.0319851336345   -0.0217640786858   -0.0003608718806   -0.0027567104524   -0.0032708892094   -0.0010100460024   
-0.0104698252462   -0.0275045282167    0.0077240607597    0.0191587896513   -0.0246347796350   -0.0184636313320   -0.0016784335553   -0.0059296340677    0.0088196103702   -0.0045283351235   
-0.0107239254398   -0.0267798516489    0.0078875892392    0.0177187669984   -0.0286830782469   -0.0169802596252    0.0003918723346   -0.0050312109172    0.0001251273939    0.0102339056970   
-0.0102848114615   -0.0269551402177    0.0082660277317    0.0185239240399   -0.0323150502425   -0.0195741100048    0.0008529888572   -0.0018828052269    0.0101408346298   -0.0051394659466   
-0.0105171923330   -0.0271024294509    0.0079648355795    0.0179635956100   -0.0289122053239   -0.0174868684384    0.0008967450248   -0.0000818823008    0.0087815712012    0.0052779174368   
-0.0102555553322   -0.0265554199998    0.0067536789947    0.0185492670017   -0.0288953393798   -0.0181286184579   -0.0006276601544   -0.0018373327907    0.0006190601448   -0.0003945285760   
-0.0105985037339   -0.0267598452622    0.0073138753012    0.0180675630296   -0.0266528117928   -0.0215765191726   -0.0016982489448   -0.0062684084340    0.0072047683962    0.0002469421277   
-0.0106817341747   -0.0272124816438    0.0081674671427    0.0197293440483   -0.0348990360051   -0.0203210125110   -0.0006293584008   -0.0030309053619    0.0055048992175    0.0034409730846   
-0.0105239209040   -0.0272647418901    0.0075423599824    0.0183068855581   -0.0305485128430   -0.0182807377954   -0.0014660189992   -0.0032093505675    0.0020484272433   -0.0001535545829   
-0.0106211335790   -0.0275001851339    0.0085011471955    0.0183352407561   -0.0247108053041   -0.0178988982995    0.0013575671565   -0.0030308502425    0.0009152978870   -0.0084080605824   
-0.0103197326492   -0.0270062968658    0.0089749550351    0.0208820342641   -0.0299963766778   -0.0204464499503    0.0007618135694   -0.0091614443302    0.0031803460744    0.0023968153909   
-0.0107088550523   -0.0276116855574    0.0076137236924    0.0185213643294   -0.0257978944832   -0.0146031208718   -0.0027464440540   -0.0063068695913    0.0034069523919    0.0069558024094   
-0.0103125235868   -0.0266165032796    0.0079016822869    0.0192179186022   -0.0266827542331   -0.0197295321858    0.0000512531659   -0.0008176212752    0.0045258226581    0.0038857432238   
-0.0105337262569   -0.0273466957597    0.0083155529139    0.0195170648427   -0.0318848696479   -0.0169148671448   -0.0007613567037   -0.0059816681696   -0.0017310055174   -0.0070843560170   
-0.0104968771752   -0.0272838442280    0.0081603092046    0.0181368701502   -0.0302197382297   -0.0199492322395    0.0006474041946   -0.0048132998928    0.0018669782582   -0.0006397133962   
-0.0106943452525   -0.0270220005184    0.0069506014073    0.0192022800825   -0.0262668702484   -0.0156476188826   -0.0028088739113   -0.0015498866969    0.0047046238339    0.0105487566514   
-0.0105679151621   -0.0265898749612    0.0081327473703    0.0193155234217   -0.0270729084215   -0.0211836200230   -0.0008987843510   -0.0026743536758    0.0019951388398    0.0000890167158   
-0.0105133511210   -0.0266922066818    0.0066911839957    0.0198878745093   -0.0264348700750   -0.0187069189362   -0.0020432328555   -0.0005351456841    0.0055874246707    0.0091919703163   
-0.0102720457316   -0.0271266712236    0.0084301680725    0.0177493750151   -0.0309209286724   -0.0212845642092    0.0012967757681   -0.0012841594388   -0.0027889623938    0.0039622170074   
-0.0102662394737   -0.0277770424940    0.0071577242839    0.0159485427671   -0.0284633160624   -0.0156413872626   -0.0018503156107   -0.0013088158021    0.0068535632611    0.0028423433231   
-0.0108870732066   -0.0266288835852    0.0088468867911    0.0178290041851   -0.0274385728315   -0.0214098430777   -0.0016689914210   -0.0047451509522    0.0029835888217    0.0095165285141   
-0.0106310454915   -0.0270918557256    0.0070318772280    0.0170973427983   -0.0287630674898   -0.0155471609322    0.0003482589254   -0.0016741125995    0.0104308455729    0.0035625990341   
-0.0103371997494   -0.0265279859046    0.0070267299778    0.0185758272921   -0.0269795046518   -0.0180695575813   -0.0002898774710   -0.0016720270398    0.0018162625834   -0.0049815460998   
-0.0103152307353   -0.0271140467373    0.0083048015117    0.0195245174852   -0.0292184876060   -0.0151443022416   -0.0023948522413   -0.0039417133741   -0.0010521498971    0.0033716952968   
-0.0108927081503   -0.0264729812585    0.0070257995049    0.0179885482342   -0.0297630223343   -0.0176809341147    0.0009047083749   -0.0041837045218    0.0128307897186    0.0061706104818   
-0.0109546559305   -0.0256369872050    0.0068913871036    0.0173816091752   -0.0217245211090   -0.0125203098455    0.0005468527611   -0.0022422895131    0.0026684616238   -0.0065770521280   
-0.0103703778251   -0.0262124193759    0.0074263652782    0.0167502429925   -0.0273603580959   -0.0166604330153    0.0000582266235   -0.0013411815563    0.0117595111463   -0.0101996761428   
-0.0103947977001   -0.0266832856342    0.0082090010702    0.0186664035364   -0.0252506023145   -0.0177790289090   -0.0004712440504   -0.0028604480345    0.0022673300375    0.0028197189485   
-0.0104564514810   -0.0272684570520    0.0065522352622    0.0187063615367   -0.0283407365149   -0.0142313048251    0.0002396844115   -0.0004823548918    0.0097368616755    0.0092380811587   
-0.0105079455642   -0.0271099021720    0.0074277604120    0.0188934950446   -0.0246398492201   -0.0173181821294   -0.0001551964385   -0.0021658102654    0.0095469305225    0.0039901198757   
-0.0103989612515   -0.0269667955946    0.0073242581092    0.0172758457369   -0.0315573442821   -0.0209738169859    0.0002897743855   -0.0035511343826    0.0066842966565    0.0056330028153   
-0.0103507571058   -0.0269905420807    0.0072303188919    0.0185847741202   -0.0294963210082   -0.0194053097658   -0.0014055483538   -0.0046158090795   -0.0005510122236    0.0006653001264   
-0.0105577607829   -0.0085913148063   -0.0313518378974   -0.0136945719646    0.0025141196176    0.0009758457056   -0.0005458841473   -0.0016173160375    0.0176709876151    0.0116659337029   
-0.0108784144630   -0.0092425794157   -0.0306967704797   -0.0119895531957    0.0034603586325    0.0018635694650    0.0001720477217   -0.0030086379033    0.0232702058365    0.0046461590477   
-0.0105982172747   -0.0068759888135   -0.0382929657521   -0.0179855515825    0.0001036986292    0.0027596682327   -0.0009701739745   -0.0018084770022    0.1047010366557   -0.0460364679360   
-0.0106886466226   -0.0064672281332   -0.0377365924921   -0.0176066270135    0.0036306445078    0.0023874099466   -0.0013745626328   -0.0028685793324    0.0971679299260   -0.0451746511635   
-0.0111495196806   -0.0111648866662   -0.0258234997580   -0.0094206154933    0.0060144418237    0.0011967619171   -0.0004109916237   -0.0034222425221    0.0199589622273    0.0071581677394   
-0.0106124359096   -0.0066645783915   -0.0380680301192   -0.0168556193052    0.0040133807114   -0.0003728809991   -0.0009140189574   -0.0009934160513    0.1010277826338   -0.0414362929597   
-0.0108796623980   -0.0086649596398   -0.0327042867507   -0.0135038136732    0.0061060717777    0.0012207494741    0.0008047379875   -0.0008494951164    0.0173729029037    0.0063687437984   
-0.0108252626653   -0.0061993926775   -0.0372557878823   -0.0182959260014    0.0044527299140    0.0030517853825    0.0013332298055    0.0001004147697    0.0939735090153   -0.0343325012536   
-0.0107366367649   -0.0095403187500   -0.0311840851459   -0.0122429164816    0.0033964839787    0.0032641047642    0.0006124989787    0.0003568633694    0.0122266943451    0.0033480830772   
-0.0106643027411   -0.0078354344381   -0.0378686853418   -0.0161871703182    0.0034684847905    0.0053187013271    0.0003654181326   -0.0012244512950    0.0973525425648   -0.0346076111823   
-0.0108113063214   -0.0126428758703   -0.0239599142684   -0.0093637540960    0.0004372250553    0.0027694185322    0.0023182589819   -0.0034859075807    0.0215277615883    0.0131130122381   
-0.0108108446493   -0.0066622230083   -0.0388432189087   -0.0166640806495    0.0018377780080   -0.0018629850196    0.0007119018709   -0.0009525091325    0.1021232514166   -0.0480737521691   
-0.0107579629943   -0.0063431663519   -0.0384724857051   -0.0182787982993    0.0038617482917   -0.0014034337302   -0.0007549736727   -0.0011087240121    0.0945540097494   -0.0346920521353   
-0.0111908352865   -0.0120266420463   -0.0252668045831   -0.0100288128310    0.0061828327531    0.0047698865367   -0.0012887494029   -0.0029979228644    0.0185788099546    0.0133023039839   
-0.0105775951966   -0.0065908483065   -0.0381644404768   -0.0165149401306    0.0015669014563   -0.0020539888886    0.0001210120279    0.0002336531058    0.0946012630125   -0.0454705415401   
-0.0107823407200   -0.0102601105378   -0.0288444271807   -0.0123365023016    0.0003691157086   -0.0022659483905   -0.0005640415958   -0.0014824667217   -0.0027822180540    0.0104977912335   
-0.0106222646681   -0.0085440320822   -0.0330734189011   -0.0132849421630    0.0022907953382    0.0021297156803    0.0001143941650    0.0004689013986    0.0159966066713    0.0060905656543   
-0.0108262366464   -0.0072941163390   -0.0376407643964   -0.0173896206057    0.0044413360928   -0.0000312124666   -0.0018324437674    0.0000688839726    0.0858275339813   -0.0395626420754   
-0.0106836128275   -0.0063204968356   -0.0390583780178   -0.0187100813878    0.0030359319030   -0.0005466706746    0.0006695627607    0.0009724307361    0.1012176308489   -0.0418163591115   
-0.0106964480493   -0.0067252068500   -0.0371977491933   -0.0180924223650    0.0007351632057    0.0014522185576   -0.0008578423082   -0.0004117162881    0.1047605304812   -0.0442243342123   
-0.0107657083151   -0.0128604036605   -0.0235146879500   -0.0077803954420    0.0007186438978   -0.0010137790409   -0.0009408479016   -0.0000031149714    0.0050931417099    0.0176944994858   
-0.0106568970502   -0.0117037184649   -0.0269280149079   -0.0105282187826   -0.0024179876932   -0.0012934262061   -0.0000476125608   -0.0025779000483    0.0167786570430    0.0134397435211   
-0.0104333166248   -0.0080419799499   -0.0321128384652   -0.0129841210775    0.0020175113111    0.0003687489481    0.0024339075434   -0.0026231683935    0.0010950967318    0.0017306532500   
-0.0108567179342   -0.0072531598235   -0.0386783384105   -0.0169100883919    0.0051710310554    0.0017419300802   -0.0006226924469   -0.0030111062702    0.0943396327358   -0.0374180129394   
-0.0106535373568   -0.0071758312597   -0.0369844018109   -0.0180111105645    0.0015610278296   -0.0014374918851    0.0015868567608   -0.0023805960080    0.0947483048598   -0.0398679908214   
-0.0105148436480   -0.0073919412454   -0.0375282173615   -0.0175360696503    0.0053529824226    0.0017104821566    0.0004060601197    0.0003760474012    0.1033044587418   -0.0432122515052   
-0.0112140635994   -0.0064395665522   -0.0385344873197   -0.0177083619903    0.0000548799010   -0.0010194678287   -0.0005505473633   -0.0009950635189    0.1022163931185   -0.0312510377686   
-0.0105315470919   -0.0115569289247   -0.0280948763700   -0.0106966871942    0.0039198963325   -0.0001062860918    0.0012033117426    0.0042045170567    0.0005392922463    0.0087038733469   
-0.0107241883457   -0.0100437218151   -0.0281112999714   -0.0113407300818    0.0043379932413    0.0006766839021    0.0024257129596   -0.0003309558788    0.0045385913021    0.0122188775045   
-0.0105176224585   -0.0058884175367   -0.0389062984679   -0.0177716967179    0.0052722600281    0.0001251153093   -0.0005794864352    0.0013632413861    0.0929819616880   -0.0406666379444   
-0.0110128970563   -0.0095077346229   -0.0288961352100   -0.0115905471136    0.0041183519156    0.0026498484122   -0.0004748756852   -0.0024443782642    0.0025170347599    0.0173920116073   
-0.0108359802096   -0.0104513152972   -0.0279083054969   -0.0107794393583    0.0051310503136    0.0001966325515    0.0042906667927   -0.0039902735171    0.0178108678477    0.0209249854989   
-0.0106692914367   -0.0075930478508   -0.0342111818271   -0.0145365864857    0.0016956025401    0.0007251800661   -0.0005784703128    0.0003191981072    0.0059970528664    0.0057130642212   
-0.0109345839087   -0.0067149460442   -0.0376931581108   -0.0174286144897    0.0033491874873   -0.0053664560393   -0.0008510387316   -0.0018490333278    0.0972271061465   -0.0494946301019   
-0.0107978809219   -0.0079131344446   -0.0378321497658   -0.0166656499358    0.0032373776562   -0.0013513884406    0.0004627177972   -0.0034111264679    0.0968521969462   -0.0357018955034   
-0.0104618180902   -0.0100352797286   -0.0271704073061   -0.0120333682982    0.0047047293905    0.0007536119295   -0.0007598941492   -0.0006650077703   -0.0002520671622    0.0211826134081   
-0.0108272803275   -0.0101703439352   -0.0293783764222   -0.0113550003853    0.0020837289298    0.0013485592526   -0.0013977063257   -0.0006542967444    0.0021005723715    0.0092964755648   
-0.0107857986295   -0.0070753448616   -0.0374650997462   -0.0170765925320    0.0004050828607   -0.0030970913066   -0.0002870731173   -0.0036657511570    0.0977201567376   -0.0328003071608   
-0.0105429299667   -0.0092259427852   -0.0321626682054   -0.0124035020417   -0.0031257300635    0.0005156802356   -0.0003456674524   -0.0007605945991    0.0157619504434    0.0070160581427   
-0.0111416979962   -0.0088169009218   -0.0318855025700   -0.0139377826125    0.0025480636646    0.0021595407339   -0.0017271722976   -0.0025178718132    0.0138415650361   -0.0023615766981   
-0.0110632724908   -0.0062134713385   -0.0381315250002   -0.0174610733358    0.0017037974921   -0.0000308066991   -0.0006401079584   -0.0007288695203    0.0940300163852   -0.0396212490144   
-0.0106288816002   -0.0039408481318   -0.0379367209603   -0.0174804553192   -0.0006099430457   -0.0029756767792   -0.0019326716297    0.0023914493436   -0.0186039472878   -0.0075430101492   
-0.0107337905238   -0.0067438677247   -0.0380134564213   -0.0169047956312    0.0023674358857    0.0015341588943   -0.0016823941340   -0.0008920610107    0.0885596433243   -0.0441693961270   
-0.0106988451516   -0.0075548942243   -0.0332200645785   -0.0160971384559    0.0025983293727   -0.0008660499150    0.0003723918523   -0.0017026464529    0.0088945073833    0.0024142599635   
-0.0107406558919   -0.0060855335147   -0.0392960639077   -0.0190290974634    0.0025211139328   -0.0010767320576   -0.0009751829906   -0.0026659016562    0.1129369432949   -0.0441469024940   
-0.0107173132527   -0.0081368427770   -0.0337571825224   -0.0140589987399    0.0029619484675    0.0005386076199    0.0017572464090   -0.0005435435171    0.0158231558150    0.0054809498797   
-0.0110486530414   -0.0122645168030   -0.0242361662455   -0.0104639534443    0.0002300532537    0.0018802386804   -0.0000203206554   -0.0019972630059    0.0105944019000    0.0066549449499   
-0.0108539709638   -0.0077665227106   -0.0353963204080   -0.0149913657702    0.0033253908264    0.0018172897024    0.0022811516363   -0.0013876890667    0.0008160698376   -0.0031636005990   
-0.0105097322794   -0.0050950836104   -0.0362673686478   -0.0168500169919    0.0003035631869    0.0004892087184   -0.0017362976302   -0.0019267575264   -0.0241933623416    0.0073011169674   
-0.0105737078741   -0.0057014462281   -0.0368074066719   -0.0165152453902    0.0003142418247    0.0003905680429   -0.0001473932827    0.0010914304740   -0.0252854208798    0.0047078321093   
-0.0106300984285   -0.0120094152439   -0.0259972856057   -0.0104530545265    0.0039217919475    0.0043785192882   -0.0000779061722    0.0029860864635    0.0161558676125    0.0158670946744   
-0.0107568631242   -0.0063251547656   -0.0373027359317   -0.0167810216156    0.0019484487821   -0.0012648527548    0.0008057236041    0.0001366280430    0.0954465504338   -0.0452699060341   
-0.0108467882713   -0.0064007556953   -0.0373214135895   -0.0163743510990    0.0031250195391   -0.0005175604136   -0.0009298115940    0.0014680882712    0.0789211907472   -0.0277138903657   
-0.0108735334686   -0.0063719369697   -0.0379901951219   -0.0175170231837    0.0046230792502    0.0000164051324   -0.0011392119925   -0.0007971590051    0.0776498360007   -0.0302812914633   
-0.0109059084056   -0.0069130693083   -0.0366969581563   -0.0170728196573    0.0050867894687    0.0015140819350    0.0017786610643    0.0014540258929    0.0943189864197   -0.0340775323754   
-0.0105564075917   -0.0071310650176   -0.0386877907935   -0.0169621239206    0.0020914026683   -0.0038362839496   -0.0017847799874   -0.0047659421692    0.1077079622290   -0.0416873664321   
-0.0102654639302   -0.0063395941634   -0.0403927709895   -0.0183975964493    0.0016451336396    0.0020238919102   -0.0016709127830   -0.0003634412817    0.0936701112991   -0.0380266858251   
-0.0105379170178   -0.0072491975112   -0.0390485451854   -0.0151471516533    0.0062000304446   -0.0002957167996    0.0020793747609   -0.0018757522173    0.0929491679293   -0.0351335735280   
-0.0109780672525   -0.0078048504412   -0.0329761733678   -0.0142784254769   -0.0012161901939   -0.0063005291320    0.0001509249764   -0.0014526165379    0.0101542193906    0.0010787720302   
-0.0107237933413   -0.0066291513845   -0.0405496231384   -0.0176545275622    0.0012479818506   -0.0034482778032   -0.0004726389285   -0.0032678157090    0.1128191104921   -0.0457050090916   
-0.0105528617783   -0.0064259564523   -0.0389829601714   -0.0182445816069    0.0000628952829   -0.0012851559312    0.0000856101943   -0.0008598815488    0.1072566536714   -0.0431412292052   
-0.0109562073945   -0.0068111973380   -0.0366110056405   -0.0173912364884    0.0051639628051    0.0050266187512    0.0000702560843    0.0003201493050    0.0016951500442   -0.0016391440624   
-0.0105997317913   -0.0080008119704   -0.0338324360108   -0.0157583384571    0.0013828825984   -0.0019622939507    0.0006662432164   -0.0001124967415    0.0043912728466    0.0036059996051   
-0.0106984175165   -0.0063058071707   -0.0375999959774   -0.0172460624277    0.0034255539545    0.0013121909665   -0.0019900202371    0.0001572236021    0.1058085422890   -0.0393501066155   
-0.0107789547004   -0.0075668506180   -0.0364472025496   -0.0161034873670    0.0009204358410    0.0008844658313   -0.0004809538439    0.0015086950403    0.0962508275542   -0.0418830237977   
-0.0107229116716   -0.0068626255516   -0.0386254573107   -0.0177428203453    0.0019593338837   -0.0011125398710    0.0004312314417   -0.0015671248920    0.1056021853142   -0.0505881671437   
-0.0108498409909   -0.0065247862081   -0.0359907912724   -0.0166564426823    0.0026118846387    0.0009032365156   -0.0015515408369    0.0008687494972    0.0733307589282   -0.0283930516678   
-0.0105814453193   -0.0074090321466   -0.0385980493560   -0.0177180503223    0.0042291693574   -0.0017533028288   -0.0006318956734   -0.0010663467376    0.0956031441816   -0.0408587083367   
-0.0105653083965   -0.0064835704240   -0.0383241137543   -0.0176812600281    0.0007573046486    0.0028900455881    0.0000675016220   -0.0010406850822    0.1032985828933   -0.0415888888186   
-0.0106966374485   -0.0064452604953   -0.0375979927896   -0.0183833435261    0.0042396279860   -0.0031833833604   -0.0006726205621   -0.0037573110867    0.1017078833667   -0.0424086542623   
-0.0108745611273   -0.0072921856007   -0.0359356512562   -0.0152788355577    0.0056956756247    0.0009144323612   -0.0001789464438    0.0002998549970    0.0606145549880   -0.0316332081189   
-0.0105717427779   -0.0064325460581   -0.0381318348236   -0.0171613614535    0.0048086689843   -0.0000449323939    0.0002830907443    0.0000184178026    0.0990478169372   -0.0446127846537   
-0.0104712954674   -0.0080737614929   -0.0380087328674   -0.0166928939339    0.0017056630201    0.0011228558509    0.0018990859063   -0.0041182273665    0.0996766038688   -0.0422287630679   
-0.0106324943323   -0.0113062694291   -0.0273780488567   -0.0105472745977    0.0018739927233    0.0018176509510    0.0012312432878   -0.0007410591402    0.0284643646568    0.0073937939404   
-0.0104230180019   -0.0068491382826   -0.0372746149216   -0.0169511742466    0.0014105709594   -0.0049759486202   -0.0009246603482   -0.0011603488933    0.0958798824830   -0.0421341107529   
-0.0107130240209   -0.0071406145160   -0.0380117085590   -0.0165497851990    0.0018066962648   -0.0003332430931    0.0003651219141   -0.0024143481058    0.0957842567661   -0.0448484472767   
-0.0107928302020   -0.0068325984974   -0.0364348679001   -0.0165989814886    0.0006591086308   -0.0008089010840    0.0000108134201    0.0005863307982    0.0887472192497   -0.0349711494789   
-0.0107967345464   -0.0065528493759   -0.0380976384536   -0.0165288218107    0.0028887270438    0.0008122919141    0.0011954499537   -0.0009762017757    0.0896936802942   -0.0437626485300   
-0.0106821011214   -0.0066341516241   -0.0385067629681   -0.0167093411070    0.0015206283809   -0.0034999838745   -0.0001207402364   -0.0008020763161    0.0955397938768   -0.0419476226077   
-0.0106815709236   -0.0076204642172   -0.0361622256580   -0.0164304385819    0.0005666593708   -0.0001864926709   -0.0005060817920   -0.0026515526476    0.0845085415670   -0.0361938877168   
-0.0107466822296   -0.0071871076208   -0.0380713751651   -0.0175723608120    0.0022305041946    0.0002033551396    0.0003594777753   -0.0024852789602    0.0970287997975   -0.0481439096807   
-0.0109317876157   -0.0070809234037   -0.0337578381163   -0.0159247051158    0.0007006942926    0.0033443855142   -0.0011245967007   -0.0018993439121    0.0160565612617   -0.0016624885597   
-0.0106358771945   -0.0064365916178   -0.0364489041752   -0.0160432893117    0.0071867378605    0.0004431208316    0.0000337841365   -0.0036322282272    0.0879269216617   -0.0315506812270   
-0.0107664925447   -0.0067936116401   -0.0391871872317   -0.0169437366115   -0.0013221051470    0.0022344616259    0.0001161892857    0.0022072963144    0.1011955955220   -0.0475127213938   
-0.0105747356422   -0.0067818149081   -0.0396428878419   -0.0171323805424   -0.0030087638874   -0.0027318082966    0.0009763501113   -0.0019968741028    0.1135446953786   -0.0453594619821   
-0.0107026415382   -0.0080691326359   -0.0332113317896   -0.0144904674034   -0.0027848643040    0.0003421678598   -0.0013776026513    0.0018091764930   -0.0055781545272   -0.0005724649750   
-0.0105983392059   -0.0070082005555   -0.0382731920088   -0.0154362089956    0.0029180061423   -0.0001450076474    0.0011936606382    0.0000924961418    0.1065343467209   -0.0459529724276   
-0.0104024234318   -0.0070450723335   -0.0382632799210   -0.0175766202758    0.0019965405634   -0.0037357722436    0.0015741940747   -0.0017779314812    0.0938383737236   -0.0425181576618   
-0.0108951639769   -0.0066147166101   -0.0376006206160   -0.0171265679869    0.0031255468373   -0.0002094444949   -0.0004194812980   -0.0021679240657    0.0968773798150   -0.0361132620215   
-0.0109470489010   -0.0067710389193   -0.0377254149079   -0.0164931331581    0.0071276615490   -0.0020415950301    0.0000514759175   -0.0003458958261    0.0992585336973   -0.0437619813490   
-0.0107372611086   -0.0068621395001   -0.0383371976413   -0.0171383429159    0.0003915975942    0.0007833237052   -0.0009229134129   -0.0022087655318    0.0994573637197   -0.0399786179925   
-0.0104039608117   -0.0066065924459   -0.0385743277374   -0.0173217924774    0.0024936052163    0.0002743013050   -0.0005278069088   -0.0025302046230    0.1019497905464   -0.0382758664898   
-0.0107318929298   -0.0068999082585   -0.0375964472605   -0.0175566719220    0.0037601783751    0.0034305885722    0.0009194674369   -0.0021904336295    0.0988959634761   -0.0359592198236   
-0.0110074360331   -0.0059888072404   -0.0392064714781   -0.0175283039814    0.0048535047690   -0.0006862083082   -0.0012547718864   -0.0053280865616    0.1059247510327   -0.0445700651182   
-0.0108730651850   -0.0075300247003   -0.0371373221957   -0.0158080065028    0.0045773815408   -0.0016623682671   -0.0012088179638   -0.0013147969546    0.0951949082455   -0.0447666799982   
-0.0108846373196   -0.0067682740931   -0.0364660083447   -0.0172485796627    0.0029701020873    0.0031235355575   -0.0016602926965   -0.0001097721676    0.0943947092248   -0.0497289565315   
-0.0107136653120   -0.0072203291042   -0.0368821708113   -0.0175685432792    0.0034929708605    0.0030245962717   -0.0010758095680   -0.0028159435410    0.0957579780302   -0.0314740156372   
-0.0107424723926   -0.0069300237848   -0.0384142512447   -0.0175239937879    0.0038916209638    0.0052928888946    0.0002570814301   -0.0014095848508    0.1012964437227   -0.0422298053046   
-0.0108603349190   -0.0065362313684   -0.0380017594333   -0.0169809378390    0.0026303419240    0.0003750867628   -0.0001236035805   -0.0036554761883    0.1061264760269   -0.0398426949922   
-0.0108192455384   -0.0063006626591   -0.0395310180627   -0.0174783404836    0.0018197644798    0.0039787753668    0.0004816814663   -0.0034895029237    0.1006738619618   -0.0447101886994   
-0.0105342296046   -0.0063469332702   -0.0387964856570   -0.0156970888656    0.0002013620042    0.0009314059949   -0.0001641599683    0.0009306734998    0.1060117611124   -0.0472040361384   
